Generated by HiviewDFX@OpenHarmony
================================================================
Device info:HUAWEI Mate 80 Pro
Build info:SGT-AL50 6.1.0.135(SP8C00E120R5P11)
DeviceDebuggable:No
Fingerprint:6e0d81e8ac0060774fa67bb8c372010cc4312ac724cce418f1c0dd28b4d46720
Module name:com.rh.lumira
ReleaseType:release
CpuAbi:arm64-v8a
Version:1.0.0
VersionCode:1
IsSystemApp:No
PreInstalled:No
Foreground:Yes
Page switch history:
  02:53:21.557 :enters foreground
Timestamp:2026-09-12 02:53:21.600
Pid:22483
Uid:20020219
Process name:com.rh.lumira
Process life time:23s
Process Memory(kB): 84217(Rss)
Device Memory(kB): Total 11881204, Free 650272, Available 3508224
Reason:Signal:SIGABRT(SI_TKILL)@0x01317bfb000057d3 from:22483:20020219
Fault thread info:
Tid:22483, Name:com.rh.lumira
#00 pc 00000000001be618 /system/lib/ld-musl-aarch64.so.1(raise+216)(8c2ca4e308a1de9ed1e6b4ccc14c7443)
#01 pc 00000000001694e4 /system/lib/ld-musl-aarch64.so.1(abort+24)(8c2ca4e308a1de9ed1e6b4ccc14c7443)
#02 pc 0000000003301210 /data/storage/el1/bundle/libs/arm64/libflutter.so(c6a0a42347e578adb98e2aa907293fa44484f9c2)
#03 pc 00000000034fe93c /data/storage/el1/bundle/libs/arm64/libflutter.so(c6a0a42347e578adb98e2aa907293fa44484f9c2)
#04 pc 000000000340bd20 /data/storage/el1/bundle/libs/arm64/libflutter.so(c6a0a42347e578adb98e2aa907293fa44484f9c2)
#05 pc 000000000340bf48 /data/storage/el1/bundle/libs/arm64/libflutter.so(c6a0a42347e578adb98e2aa907293fa44484f9c2)
#06 pc 00000000034dee4c /data/storage/el1/bundle/libs/arm64/libflutter.so(c6a0a42347e578adb98e2aa907293fa44484f9c2)
#07 pc 00000000034ded14 /data/storage/el1/bundle/libs/arm64/libflutter.so(c6a0a42347e578adb98e2aa907293fa44484f9c2)
#08 pc 0000000003363cbc /data/storage/el1/bundle/libs/arm64/libflutter.so(c6a0a42347e578adb98e2aa907293fa44484f9c2)
#09 pc 0000000003363f1c /data/storage/el1/bundle/libs/arm64/libflutter.so(c6a0a42347e578adb98e2aa907293fa44484f9c2)
#10 pc 00000000031bf1e8 /data/storage/el1/bundle/libs/arm64/libflutter.so(c6a0a42347e578adb98e2aa907293fa44484f9c2)
#11 pc 00000000031ba4ac /data/storage/el1/bundle/libs/arm64/libflutter.so(c6a0a42347e578adb98e2aa907293fa44484f9c2)
#12 pc 00000000031b9a68 /data/storage/el1/bundle/libs/arm64/libflutter.so(c6a0a42347e578adb98e2aa907293fa44484f9c2)
#13 pc 00000000031bfd80 /data/storage/el1/bundle/libs/arm64/libflutter.so(c6a0a42347e578adb98e2aa907293fa44484f9c2)
#14 pc 0000000002c625a0 /data/storage/el1/bundle/libs/arm64/libflutter.so(c6a0a42347e578adb98e2aa907293fa44484f9c2)
#15 pc 0000000001a290c4 /data/storage/el1/bundle/libs/arm64/libflutter.so(c6a0a42347e578adb98e2aa907293fa44484f9c2)
#16 pc 0000000001a1da68 /data/storage/el1/bundle/libs/arm64/libflutter.so(c6a0a42347e578adb98e2aa907293fa44484f9c2)
#17 pc 0000000001a11b78 /data/storage/el1/bundle/libs/arm64/libflutter.so(c6a0a42347e578adb98e2aa907293fa44484f9c2)
#18 pc 0000000000067c90 /system/lib64/platformsdk/libace_napi.z.so(panda::JSValueRef ArkNativeFunctionCallBack<true>(panda::JsiRuntimeCallInfo*)+288)(76bc1ed675edcc5f429a976d6c9b955d)
#19 pc 0000000000e179f4 /system/lib64/module/arkcompiler/stub.an(RTStub_PushCallArgsAndDispatchNative+40)
#20 pc 000000000046bc74 /system/lib64/module/arkcompiler/stub.an(BCStub_HandleCallthis1Imm8V8V8StwCopy+416)
#21 at attachToNative (entry|@ohos/flutter_ohos|1.0.0-12247ac613|src/main/ets/embedding/engine/FlutterNapi.ts:60:44)
#22 at attachToNapi (entry|@ohos/flutter_ohos|1.0.0-12247ac613|src/main/ets/embedding/engine/FlutterEngine.ts:100:26)
#23 at init (entry|@ohos/flutter_ohos|1.0.0-12247ac613|src/main/ets/embedding/engine/FlutterEngine.ts:92:18)
#24 pc 0000000000343ac8 /system/lib64/platformsdk/libark_jsruntime.so(panda::ecmascript::EcmaInterpreter::GeneratorReEnterInterpreter(panda::ecmascript::JSThread*, panda::ecmascript::JSHandle<panda::ecmascript::GeneratorContext>)+364)(0c10ca1f290a450c19e957291d44cbf4)
#25 pc 0000000000343354 /system/lib64/platformsdk/libark_jsruntime.so(panda::ecmascript::GeneratorHelper::Next(panda::ecmascript::JSThread*, panda::ecmascript::JSHandle<panda::ecmascript::GeneratorContext> const&, panda::ecmascript::JSTaggedValue)+192)(0c10ca1f290a450c19e957291d44cbf4)
#26 pc 0000000000342e58 /system/lib64/platformsdk/libark_jsruntime.so(0c10ca1f290a450c19e957291d44cbf4)
#27 pc 0000000000342c88 /system/lib64/platformsdk/libark_jsruntime.so(panda::ecmascript::builtins::BuiltinsPromiseHandler::AsyncAwaitFulfilled(panda::ecmascript::EcmaRuntimeCallInfo*)+124)(0c10ca1f290a450c19e957291d44cbf4)
#28 pc 0000000000e17580 /system/lib64/module/arkcompiler/stub.an(RTStub_AsmInterpreterEntry+480)
#29 pc 0000000000e173dc /system/lib64/module/arkcompiler/stub.an(RTStub_AsmInterpreterEntry+60)
#30 pc 0000000000202594 /system/lib64/platformsdk/libark_jsruntime.so(panda::ecmascript::JSFunction::Call(panda::ecmascript::EcmaRuntimeCallInfo*)+852)(0c10ca1f290a450c19e957291d44cbf4)
#31 pc 00000000005b16ec /system/lib64/platformsdk/libark_jsruntime.so(panda::ecmascript::builtins::BuiltinsPromiseJob::PromiseReactionJob(panda::ecmascript::EcmaRuntimeCallInfo*)+500)(0c10ca1f290a450c19e957291d44cbf4)
#32 pc 0000000000e17580 /system/lib64/module/arkcompiler/stub.an(RTStub_AsmInterpreterEntry+480)
#33 pc 0000000000e173dc /system/lib64/module/arkcompiler/stub.an(RTStub_AsmInterpreterEntry+60)
#34 pc 0000000000202594 /system/lib64/platformsdk/libark_jsruntime.so(panda::ecmascript::JSFunction::Call(panda::ecmascript::EcmaRuntimeCallInfo*)+852)(0c10ca1f290a450c19e957291d44cbf4)
#35 pc 00000000003e1734 /system/lib64/platformsdk/libark_jsruntime.so(panda::ecmascript::job::MicroJobQueue::ExecutePendingJob(panda::ecmascript::JSThread*, panda::ecmascript::JSHandle<panda::ecmascript::job::MicroJobQueue>)+1212)(0c10ca1f290a450c19e957291d44cbf4)
#36 pc 00000000003a202c /system/lib64/platformsdk/libark_jsruntime.so(panda::ecmascript::EcmaVM::ExecutePromisePendingJob()+92)(0c10ca1f290a450c19e957291d44cbf4)
#37 pc 00000000003a1a24 /system/lib64/platformsdk/libark_jsruntime.so(panda::PromiseCapabilityRef::Resolve(panda::ecmascript::EcmaVM const*, unsigned long)+256)(0c10ca1f290a450c19e957291d44cbf4)
#38 pc 0000000000081ffc /system/lib64/platformsdk/libace_napi.z.so(napi_resolve_deferred+140)(76bc1ed675edcc5f429a976d6c9b955d)
#39 pc 000000000003a6d0 /system/lib64/module/bundle/libbundlemanager.z.so(OHOS::AppExecFwk::GetBundleInfoComplete(napi_env__*, napi_status, void*) (.cfi)+496)(0ca747df9e64bfd5b66dbf9d707a5cfa)
#40 pc 0000000000040d50 /system/lib64/platformsdk/libace_napi.z.so(NativeAsyncWork::AsyncAfterWorkCallback(uv_work_s*, int)+464)(76bc1ed675edcc5f429a976d6c9b955d)
#41 pc 000000000001372c /system/lib64/platformsdk/libuv.so(uv__queue_done+228)(dd4ce8a088606e6444f0dceac8540868)
#42 pc 00000000000735c8 /system/lib64/platformsdk/libruntime.z.so(std::__h::__function::__func<OHOS::AbilityRuntime::OHOSJsEnvironmentImpl::PostTaskToHandler(uv_task_info_s const*)::$_0, std::__h::allocator<OHOS::AbilityRuntime::OHOSJsEnvironmentImpl::PostTaskToHandler(uv_task_info_s const*)::$_0>, void ()>::operator()()+124)(874f2f9204b89ba1bed6494678bd1b35)
#43 pc 00000000000261cc /system/lib64/chipset-sdk-sp/libeventhandler.z.so(OHOS::AppExecFwk::(anonymous namespace)::EventRunnerImpl::ExecuteEventHandler(std::__h::unique_ptr<OHOS::AppExecFwk::InnerEvent, void (*)(OHOS::AppExecFwk::InnerEvent*)>&)+1820)(564abf6753d4cd4d8994667ad79bf3b6)
#44 pc 00000000000215ac /system/lib64/chipset-sdk-sp/libeventhandler.z.so(OHOS::AppExecFwk::(anonymous namespace)::EventRunnerImpl::Run()+792)(564abf6753d4cd4d8994667ad79bf3b6)
#45 pc 00000000000418d0 /system/lib64/chipset-sdk-sp/libeventhandler.z.so(OHOS::AppExecFwk::EventRunner::Run()+396)(564abf6753d4cd4d8994667ad79bf3b6)
#46 pc 00000000000cddcc /system/lib64/platformsdk/libappkit_native.z.so(OHOS::AppExecFwk::MainThread::Start()+244)(fe9959e8719c0f2258c42aa554bcdae7)
#47 pc 000000000000aa98 /system/lib64/appspawn/appspawn/libappspawn_ace.z.so(RunChildProcessor(AppSpawnContent*, AppSpawnClient*)+792)(051adc38fbc9990432753ea061c668bf)
#48 pc 000000000000bc14 /system/bin/appspawn(AppSpawnChild+512)(ee507a4546e1c4af6ed21e38371d37ae)
#49 pc 0000000000017270 /system/bin/appspawn(ProcessSpawnReqMsg+3788)(ee507a4546e1c4af6ed21e38371d37ae)
#50 pc 0000000000014d74 /system/bin/appspawn(OnReceiveRequest+628)(ee507a4546e1c4af6ed21e38371d37ae)
#51 pc 0000000000017780 /system/lib64/chipset-sdk-sp/libbegetutil.z.so(HandleRecvMsg_+384)(859f0d14609dbb8ec14ee658ebb4e4e3)
#52 pc 0000000000017098 /system/lib64/chipset-sdk-sp/libbegetutil.z.so(HandleStreamEvent_+152)(859f0d14609dbb8ec14ee658ebb4e4e3)
#53 pc 0000000000014318 /system/lib64/chipset-sdk-sp/libbegetutil.z.so(ProcessEvent+600)(859f0d14609dbb8ec14ee658ebb4e4e3)
#54 pc 0000000000013ccc /system/lib64/chipset-sdk-sp/libbegetutil.z.so(RunLoop_.llvm.14825755453758172490+656)(859f0d14609dbb8ec14ee658ebb4e4e3)
#55 pc 000000000001194c /system/bin/appspawn(AppSpawnRun+212)(ee507a4546e1c4af6ed21e38371d37ae)
#56 pc 000000000000f510 /system/bin/appspawn(main+1148)(ee507a4546e1c4af6ed21e38371d37ae)
#57 pc 00000000000b41ec /system/lib/ld-musl-aarch64.so.1(libc_start_main_stage2+84)(8c2ca4e308a1de9ed1e6b4ccc14c7443)
Registers:
x0:0000000000000000 x1:0000007e6477a940 x2:0000000000000000 x3:0000000000000008
x4:0000000000000002 x5:000000000000001d x6:0000000000000031 x7:7f7f7f7f7f7f7f7f
x8:0000000000000087 x9:00000059911e48f8 x10:6b6b000000000000 x11:0000000000000031
x12:ffffffffffffffff x13:0000000000000000 x14:0000000000000000 x15:0000000000000000
x16:0000005b9de12688 x17:000000599113b4cc x18:0000000000000001 x19:0000000000000000
x20:00000059914cf000 x21:0000005ba08000a0 x22:0000005a33120420 x23:0000005ba0800080
x24:0000005a1aea62a0 x25:0000005a33120ab0 x26:0000000000000000 x27:000101010000000c
x28:0000000001000000 x29:0000007e6477a9c0
lr:523c00599113b4e8 sp:0000007e6477a940 pc:0000005991190618
pstate:0000000000001000 esr:0000000000000000
Other thread info:
Tid:23159, Name:OS_IPC_0_23159
#00 pc 0000000000197768 /system/lib/ld-musl-aarch64.so.1(ioctl+172)(8c2ca4e308a1de9ed1e6b4ccc14c7443)
#01 pc 000000000000f0ac /system/lib64/platformsdk/libipc_common.z.so(OHOS::BinderConnector::WriteBinder(unsigned long, void*)+120)(21def93073c96c4161bfa61b948c2957)
#02 pc 0000000000074934 /system/lib64/platformsdk/libipc_single.z.so(OHOS::BinderInvoker::TransactWithDriver(bool)+284)(5a12a4b7e05d71d18ea20b9f1e1aed8a)
#03 pc 0000000000074d24 /system/lib64/platformsdk/libipc_single.z.so(OHOS::BinderInvoker::StartWorkLoop()+100)(5a12a4b7e05d71d18ea20b9f1e1aed8a)
#04 pc 0000000000077958 /system/lib64/platformsdk/libipc_single.z.so(OHOS::BinderInvoker::JoinThread(bool)+80)(5a12a4b7e05d71d18ea20b9f1e1aed8a)
#05 pc 000000000006c248 /system/lib64/platformsdk/libipc_single.z.so(OHOS::IPCWorkThread::ThreadHandler(void*)+1056)(5a12a4b7e05d71d18ea20b9f1e1aed8a)
#06 pc 00000000001de740 /system/lib/ld-musl-aarch64.so.1(start+240)(8c2ca4e308a1de9ed1e6b4ccc14c7443)
Tid:23160, Name:OS_IPC_1_23160
#00 pc 0000000000197768 /system/lib/ld-musl-aarch64.so.1(ioctl+172)(8c2ca4e308a1de9ed1e6b4ccc14c7443)
#01 pc 000000000000f0ac /system/lib64/platformsdk/libipc_common.z.so(OHOS::BinderConnector::WriteBinder(unsigned long, void*)+120)(21def93073c96c4161bfa61b948c2957)
#02 pc 0000000000074934 /system/lib64/platformsdk/libipc_single.z.so(OHOS::BinderInvoker::TransactWithDriver(bool)+284)(5a12a4b7e05d71d18ea20b9f1e1aed8a)
#03 pc 0000000000074d24 /system/lib64/platformsdk/libipc_single.z.so(OHOS::BinderInvoker::StartWorkLoop()+100)(5a12a4b7e05d71d18ea20b9f1e1aed8a)
#04 pc 0000000000077958 /system/lib64/platformsdk/libipc_single.z.so(OHOS::BinderInvoker::JoinThread(bool)+80)(5a12a4b7e05d71d18ea20b9f1e1aed8a)
#05 pc 000000000006c248 /system/lib64/platformsdk/libipc_single.z.so(OHOS::IPCWorkThread::ThreadHandler(void*)+1056)(5a12a4b7e05d71d18ea20b9f1e1aed8a)
#06 pc 00000000001de740 /system/lib/ld-musl-aarch64.so.1(start+240)(8c2ca4e308a1de9ed1e6b4ccc14c7443)
Tid:23161, Name:OS_DfxWatchdog
#00 pc 00000000001d9f3c /system/lib/ld-musl-aarch64.so.1(__timedwait_cp+156)(8c2ca4e308a1de9ed1e6b4ccc14c7443)
#01 pc 00000000001dc014 /system/lib/ld-musl-aarch64.so.1(pthread_cond_timedwait+172)(8c2ca4e308a1de9ed1e6b4ccc14c7443)
#02 pc 00000000000c4a24 /system/lib64/chipset-sdk-sp/libc++.so(std::__h::condition_variable::__do_timed_wait(std::__h::unique_lock<std::__h::mutex>&, std::__h::chrono::time_point<std::__h::chrono::system_clock, std::__h::chrono::duration<long long, std::__h::ratio<1l, 1000000000l>>>)+104)(f5cb5b97de4ebde633d700fc105f2d2c13a9bbc5)
#03 pc 000000000001d168 /system/lib64/chipset-sdk-sp/libhicollie.z.so(OHOS::HiviewDFX::WatchdogInner::Start()+1696)(63f0a8f163459ca4b8c6aceb510978ac)
#04 pc 000000000002683c /system/lib64/chipset-sdk-sp/libhicollie.z.so(void* std::__h::__thread_proxy[abi:v15004]<std::__h::tuple<std::__h::unique_ptr<std::__h::__thread_struct, std::__h::default_delete<std::__h::__thread_struct>>, bool (OHOS::HiviewDFX::WatchdogInner::*)(), OHOS::HiviewDFX::WatchdogInner*>>(void*)+64)(63f0a8f163459ca4b8c6aceb510978ac)
#05 pc 00000000001de740 /system/lib/ld-musl-aarch64.so.1(start+240)(8c2ca4e308a1de9ed1e6b4ccc14c7443)
Tid:23172, Name:OS_IPC_2_23172
#00 pc 0000000000197768 /system/lib/ld-musl-aarch64.so.1(ioctl+172)(8c2ca4e308a1de9ed1e6b4ccc14c7443)
#01 pc 000000000000f0ac /system/lib64/platformsdk/libipc_common.z.so(OHOS::BinderConnector::WriteBinder(unsigned long, void*)+120)(21def93073c96c4161bfa61b948c2957)
#02 pc 0000000000074934 /system/lib64/platformsdk/libipc_single.z.so(OHOS::BinderInvoker::TransactWithDriver(bool)+284)(5a12a4b7e05d71d18ea20b9f1e1aed8a)
#03 pc 0000000000074d24 /system/lib64/platformsdk/libipc_single.z.so(OHOS::BinderInvoker::StartWorkLoop()+100)(5a12a4b7e05d71d18ea20b9f1e1aed8a)
#04 pc 0000000000077958 /system/lib64/platformsdk/libipc_single.z.so(OHOS::BinderInvoker::JoinThread(bool)+80)(5a12a4b7e05d71d18ea20b9f1e1aed8a)
#05 pc 000000000006c248 /system/lib64/platformsdk/libipc_single.z.so(OHOS::IPCWorkThread::ThreadHandler(void*)+1056)(5a12a4b7e05d71d18ea20b9f1e1aed8a)
#06 pc 00000000001de740 /system/lib/ld-musl-aarch64.so.1(start+240)(8c2ca4e308a1de9ed1e6b4ccc14c7443)
Tid:23173, Name:OS_IPC_3_23173
#00 pc 0000000000197768 /system/lib/ld-musl-aarch64.so.1(ioctl+172)(8c2ca4e308a1de9ed1e6b4ccc14c7443)
#01 pc 000000000000f0ac /system/lib64/platformsdk/libipc_common.z.so(OHOS::BinderConnector::WriteBinder(unsigned long, void*)+120)(21def93073c96c4161bfa61b948c2957)
#02 pc 0000000000074934 /system/lib64/platformsdk/libipc_single.z.so(OHOS::BinderInvoker::TransactWithDriver(bool)+284)(5a12a4b7e05d71d18ea20b9f1e1aed8a)
#03 pc 0000000000074d24 /system/lib64/platformsdk/libipc_single.z.so(OHOS::BinderInvoker::StartWorkLoop()+100)(5a12a4b7e05d71d18ea20b9f1e1aed8a)
#04 pc 0000000000077958 /system/lib64/platformsdk/libipc_single.z.so(OHOS::BinderInvoker::JoinThread(bool)+80)(5a12a4b7e05d71d18ea20b9f1e1aed8a)
#05 pc 000000000006c248 /system/lib64/platformsdk/libipc_single.z.so(OHOS::IPCWorkThread::ThreadHandler(void*)+1056)(5a12a4b7e05d71d18ea20b9f1e1aed8a)
#06 pc 00000000001de740 /system/lib/ld-musl-aarch64.so.1(start+240)(8c2ca4e308a1de9ed1e6b4ccc14c7443)
Tid:23175, Name:OS_FFRT_5_0
#00 pc 00000000000b6f8c /system/lib/ld-musl-aarch64.so.1(8c2ca4e308a1de9ed1e6b4ccc14c7443)
#01 pc 00000000000a51ec /system/lib64/ndk/libffrt.so(ffrt::HExecuteUnit::WorkerIdleAction(ffrt::CPUWorker*)+448)(4909c9bfbd00363a4658edc9322f5e32)
#02 pc 000000000002dbf8 /system/lib64/ndk/libffrt.so(ffrt::CPUWorker::WrapDispatch(void*)+224)(4909c9bfbd00363a4658edc9322f5e32)
#03 pc 00000000001de740 /system/lib/ld-musl-aarch64.so.1(start+240)(8c2ca4e308a1de9ed1e6b4ccc14c7443)
Tid:23176, Name:OS_FFRT_Delay
#00 pc 00000000001777c0 /system/lib/ld-musl-aarch64.so.1(epoll_wait+84)(8c2ca4e308a1de9ed1e6b4ccc14c7443)
#01 pc 000000000008612c /system/lib64/ndk/libffrt.so(void* std::__h::__thread_proxy[abi:v15004]<std::__h::tuple<std::__h::unique_ptr<std::__h::__thread_struct, std::__h::default_delete<std::__h::__thread_struct>>, ffrt::DelayedWorker::ThreadInit()::$_0>>(void*)+1320)(4909c9bfbd00363a4658edc9322f5e32)
#02 pc 00000000001de740 /system/lib/ld-musl-aarch64.so.1(start+240)(8c2ca4e308a1de9ed1e6b4ccc14c7443)
Tid:23178, Name:OS_FFRT_5_1
#00 pc 00000000000b6f8c /system/lib/ld-musl-aarch64.so.1(8c2ca4e308a1de9ed1e6b4ccc14c7443)
#01 pc 00000000000a51ec /system/lib64/ndk/libffrt.so(ffrt::HExecuteUnit::WorkerIdleAction(ffrt::CPUWorker*)+448)(4909c9bfbd00363a4658edc9322f5e32)
#02 pc 000000000002dbf8 /system/lib64/ndk/libffrt.so(ffrt::CPUWorker::WrapDispatch(void*)+224)(4909c9bfbd00363a4658edc9322f5e32)
#03 pc 00000000001de740 /system/lib/ld-musl-aarch64.so.1(start+240)(8c2ca4e308a1de9ed1e6b4ccc14c7443)
Tid:23182, Name:OS_FFRT_2_0
#00 pc 00000000000b6f8c /system/lib/ld-musl-aarch64.so.1(8c2ca4e308a1de9ed1e6b4ccc14c7443)
#01 pc 00000000000a51ec /system/lib64/ndk/libffrt.so(ffrt::HExecuteUnit::WorkerIdleAction(ffrt::CPUWorker*)+448)(4909c9bfbd00363a4658edc9322f5e32)
#02 pc 000000000002dbf8 /system/lib64/ndk/libffrt.so(ffrt::CPUWorker::WrapDispatch(void*)+224)(4909c9bfbd00363a4658edc9322f5e32)
#03 pc 00000000001de740 /system/lib/ld-musl-aarch64.so.1(start+240)(8c2ca4e308a1de9ed1e6b4ccc14c7443)
Tid:23183, Name:OS_FFRT_2_1
#00 pc 00000000000b6f8c /system/lib/ld-musl-aarch64.so.1(8c2ca4e308a1de9ed1e6b4ccc14c7443)
#01 pc 00000000000a51ec /system/lib64/ndk/libffrt.so(ffrt::HExecuteUnit::WorkerIdleAction(ffrt::CPUWorker*)+448)(4909c9bfbd00363a4658edc9322f5e32)
#02 pc 000000000002dbf8 /system/lib64/ndk/libffrt.so(ffrt::CPUWorker::WrapDispatch(void*)+224)(4909c9bfbd00363a4658edc9322f5e32)
#03 pc 00000000001de740 /system/lib/ld-musl-aarch64.so.1(start+240)(8c2ca4e308a1de9ed1e6b4ccc14c7443)
Tid:23184, Name:OS_GC_Thread
#00 pc 00000000001d9f3c /system/lib/ld-musl-aarch64.so.1(__timedwait_cp+156)(8c2ca4e308a1de9ed1e6b4ccc14c7443)
#01 pc 00000000001dc014 /system/lib/ld-musl-aarch64.so.1(pthread_cond_timedwait+172)(8c2ca4e308a1de9ed1e6b4ccc14c7443)
#02 pc 0000000000543b6c /system/lib64/platformsdk/libark_jsruntime.so(panda::ecmascript::DaemonThread::Run()+224)(0c10ca1f290a450c19e957291d44cbf4)
#03 pc 0000000000543a50 /system/lib64/platformsdk/libark_jsruntime.so(void* std::__h::__thread_proxy[abi:v15004]<std::__h::tuple<std::__h::unique_ptr<std::__h::__thread_struct, std::__h::default_delete<std::__h::__thread_struct>>, panda::ecmascript::DaemonThread::StartRunning()::$_0>>(void*) (.llvm.11872296968463488919)+64)(0c10ca1f290a450c19e957291d44cbf4)
#04 pc 00000000001de740 /system/lib/ld-musl-aarch64.so.1(start+240)(8c2ca4e308a1de9ed1e6b4ccc14c7443)
Tid:23185, Name:OS_GC_Thread
#00 pc 00000000001d9f3c /system/lib/ld-musl-aarch64.so.1(__timedwait_cp+156)(8c2ca4e308a1de9ed1e6b4ccc14c7443)
#01 pc 00000000001dc014 /system/lib/ld-musl-aarch64.so.1(pthread_cond_timedwait+172)(8c2ca4e308a1de9ed1e6b4ccc14c7443)
#02 pc 00000000000c4a24 /system/lib64/chipset-sdk-sp/libc++.so(std::__h::condition_variable::__do_timed_wait(std::__h::unique_lock<std::__h::mutex>&, std::__h::chrono::time_point<std::__h::chrono::system_clock, std::__h::chrono::duration<long long, std::__h::ratio<1l, 1000000000l>>>)+104)(f5cb5b97de4ebde633d700fc105f2d2c13a9bbc5)
#03 pc 00000000001e3fdc /system/lib64/platformsdk/libark_jsruntime.so(0c10ca1f290a450c19e957291d44cbf4)
#04 pc 00000000001de740 /system/lib/ld-musl-aarch64.so.1(start+240)(8c2ca4e308a1de9ed1e6b4ccc14c7443)
Tid:23186, Name:OS_GC_Thread
#00 pc 00000000001d9f3c /system/lib/ld-musl-aarch64.so.1(__timedwait_cp+156)(8c2ca4e308a1de9ed1e6b4ccc14c7443)
#01 pc 00000000001dc014 /system/lib/ld-musl-aarch64.so.1(pthread_cond_timedwait+172)(8c2ca4e308a1de9ed1e6b4ccc14c7443)
#02 pc 00000000000c4a24 /system/lib64/chipset-sdk-sp/libc++.so(std::__h::condition_variable::__do_timed_wait(std::__h::unique_lock<std::__h::mutex>&, std::__h::chrono::time_point<std::__h::chrono::system_clock, std::__h::chrono::duration<long long, std::__h::ratio<1l, 1000000000l>>>)+104)(f5cb5b97de4ebde633d700fc105f2d2c13a9bbc5)
#03 pc 00000000001e3fdc /system/lib64/platformsdk/libark_jsruntime.so(0c10ca1f290a450c19e957291d44cbf4)
#04 pc 00000000001de740 /system/lib/ld-musl-aarch64.so.1(start+240)(8c2ca4e308a1de9ed1e6b4ccc14c7443)
Tid:23187, Name:OS_GC_Thread
#00 pc 00000000001d9f3c /system/lib/ld-musl-aarch64.so.1(__timedwait_cp+156)(8c2ca4e308a1de9ed1e6b4ccc14c7443)
#01 pc 00000000001dc014 /system/lib/ld-musl-aarch64.so.1(pthread_cond_timedwait+172)(8c2ca4e308a1de9ed1e6b4ccc14c7443)
#02 pc 00000000000c4a24 /system/lib64/chipset-sdk-sp/libc++.so(std::__h::condition_variable::__do_timed_wait(std::__h::unique_lock<std::__h::mutex>&, std::__h::chrono::time_point<std::__h::chrono::system_clock, std::__h::chrono::duration<long long, std::__h::ratio<1l, 1000000000l>>>)+104)(f5cb5b97de4ebde633d700fc105f2d2c13a9bbc5)
#03 pc 00000000001e3fdc /system/lib64/platformsdk/libark_jsruntime.so(0c10ca1f290a450c19e957291d44cbf4)
#04 pc 00000000001de740 /system/lib/ld-musl-aarch64.so.1(start+240)(8c2ca4e308a1de9ed1e6b4ccc14c7443)
Tid:23188, Name:OS_GC_Thread
#00 pc 00000000001d9f3c /system/lib/ld-musl-aarch64.so.1(__timedwait_cp+156)(8c2ca4e308a1de9ed1e6b4ccc14c7443)
#01 pc 00000000001dc014 /system/lib/ld-musl-aarch64.so.1(pthread_cond_timedwait+172)(8c2ca4e308a1de9ed1e6b4ccc14c7443)
#02 pc 00000000000c4a24 /system/lib64/chipset-sdk-sp/libc++.so(std::__h::condition_variable::__do_timed_wait(std::__h::unique_lock<std::__h::mutex>&, std::__h::chrono::time_point<std::__h::chrono::system_clock, std::__h::chrono::duration<long long, std::__h::ratio<1l, 1000000000l>>>)+104)(f5cb5b97de4ebde633d700fc105f2d2c13a9bbc5)
#03 pc 00000000001e3fdc /system/lib64/platformsdk/libark_jsruntime.so(0c10ca1f290a450c19e957291d44cbf4)
#04 pc 00000000001de740 /system/lib/ld-musl-aarch64.so.1(start+240)(8c2ca4e308a1de9ed1e6b4ccc14c7443)
Tid:23192, Name:OS_FFRT_3_0
#00 pc 00000000000b6f8c /system/lib/ld-musl-aarch64.so.1(8c2ca4e308a1de9ed1e6b4ccc14c7443)
#01 pc 00000000000a51ec /system/lib64/ndk/libffrt.so(ffrt::HExecuteUnit::WorkerIdleAction(ffrt::CPUWorker*)+448)(4909c9bfbd00363a4658edc9322f5e32)
#02 pc 000000000002dbf8 /system/lib64/ndk/libffrt.so(ffrt::CPUWorker::WrapDispatch(void*)+224)(4909c9bfbd00363a4658edc9322f5e32)
#03 pc 00000000001de740 /system/lib/ld-musl-aarch64.so.1(start+240)(8c2ca4e308a1de9ed1e6b4ccc14c7443)
Tid:23193, Name:OS_FFRT_3_1
#00 pc 00000000000b6f8c /system/lib/ld-musl-aarch64.so.1(8c2ca4e308a1de9ed1e6b4ccc14c7443)
#01 pc 00000000000a51ec /system/lib64/ndk/libffrt.so(ffrt::HExecuteUnit::WorkerIdleAction(ffrt::CPUWorker*)+448)(4909c9bfbd00363a4658edc9322f5e32)
#02 pc 000000000002dbf8 /system/lib64/ndk/libffrt.so(ffrt::CPUWorker::WrapDispatch(void*)+224)(4909c9bfbd00363a4658edc9322f5e32)
#03 pc 00000000001de740 /system/lib/ld-musl-aarch64.so.1(start+240)(8c2ca4e308a1de9ed1e6b4ccc14c7443)
Tid:23194, Name:OS_hdcRegister
#00 pc 00000000001777c0 /system/lib/ld-musl-aarch64.so.1(epoll_wait+84)(8c2ca4e308a1de9ed1e6b4ccc14c7443)
#01 pc 0000000000005808 /system/lib64/platformsdk/libhdc_register.z.so(Hdc::HdcJdwpSimulator::ReadFromJdwp()+212)(2ff7ad127fd2bb1a38b484250f74939f)
#02 pc 0000000000005eac /system/lib64/platformsdk/libhdc_register.z.so(Hdc::HdcJdwpSimulator::Connect()+244)(2ff7ad127fd2bb1a38b484250f74939f)
#03 pc 00000000000044e8 /system/lib64/platformsdk/libhdc_register.z.so(Hdc::HdcConnectRun(void*)+532)(2ff7ad127fd2bb1a38b484250f74939f)
#04 pc 00000000001de740 /system/lib/ld-musl-aarch64.so.1(start+240)(8c2ca4e308a1de9ed1e6b4ccc14c7443)
Tid:23198, Name:OS_FFRT_0_0
#00 pc 00000000000b6f8c /system/lib/ld-musl-aarch64.so.1(8c2ca4e308a1de9ed1e6b4ccc14c7443)
#01 pc 00000000000a51ec /system/lib64/ndk/libffrt.so(ffrt::HExecuteUnit::WorkerIdleAction(ffrt::CPUWorker*)+448)(4909c9bfbd00363a4658edc9322f5e32)
#02 pc 000000000002dbf8 /system/lib64/ndk/libffrt.so(ffrt::CPUWorker::WrapDispatch(void*)+224)(4909c9bfbd00363a4658edc9322f5e32)
#03 pc 00000000001de740 /system/lib/ld-musl-aarch64.so.1(start+240)(8c2ca4e308a1de9ed1e6b4ccc14c7443)
Tid:23199, Name:OS_FFRT_0_1
#00 pc 00000000000b6f8c /system/lib/ld-musl-aarch64.so.1(8c2ca4e308a1de9ed1e6b4ccc14c7443)
#01 pc 00000000000a51ec /system/lib64/ndk/libffrt.so(ffrt::HExecuteUnit::WorkerIdleAction(ffrt::CPUWorker*)+448)(4909c9bfbd00363a4658edc9322f5e32)
#02 pc 000000000002dbf8 /system/lib64/ndk/libffrt.so(ffrt::CPUWorker::WrapDispatch(void*)+224)(4909c9bfbd00363a4658edc9322f5e32)
#03 pc 00000000001de740 /system/lib/ld-musl-aarch64.so.1(start+240)(8c2ca4e308a1de9ed1e6b4ccc14c7443)
Tid:23201, Name:OS_TaskWorker
#00 pc 0000000000177714 /system/lib/ld-musl-aarch64.so.1(epoll_pwait+88)(8c2ca4e308a1de9ed1e6b4ccc14c7443)
#01 pc 000000000002f4e0 /system/lib64/platformsdk/libuv.so(uv__io_poll+608)(dd4ce8a088606e6444f0dceac8540868)
#02 pc 000000000001b7e4 /system/lib64/platformsdk/libuv.so(uv_run+888)(dd4ce8a088606e6444f0dceac8540868)
#03 pc 0000000000042a6c /system/lib64/module/libtaskpool.z.so(Commonlibrary::Concurrent::TaskPoolModule::Worker::ExecuteInThread(void const*) (.cfi)+2168)(d259b0c92a5e350bc74406ec8d3f6e4a)
#04 pc 0000000000036ce8 /system/lib64/module/libtaskpool.z.so(Commonlibrary::Concurrent::TaskPoolModule::TaskRunner::TaskInnerRunner::Run()+72)(d259b0c92a5e350bc74406ec8d3f6e4a)
#05 pc 00000000001de740 /system/lib/ld-musl-aarch64.so.1(start+240)(8c2ca4e308a1de9ed1e6b4ccc14c7443)
Tid:23202, Name:OS_TaskManager
#00 pc 0000000000177714 /system/lib/ld-musl-aarch64.so.1(epoll_pwait+88)(8c2ca4e308a1de9ed1e6b4ccc14c7443)
#01 pc 000000000002f4e0 /system/lib64/platformsdk/libuv.so(uv__io_poll+608)(dd4ce8a088606e6444f0dceac8540868)
#02 pc 000000000001b7e4 /system/lib64/platformsdk/libuv.so(uv_run+888)(dd4ce8a088606e6444f0dceac8540868)
#03 pc 00000000000332b8 /system/lib64/module/libtaskpool.z.so(d259b0c92a5e350bc74406ec8d3f6e4a)
#04 pc 00000000001de740 /system/lib/ld-musl-aarch64.so.1(start+240)(8c2ca4e308a1de9ed1e6b4ccc14c7443)
Tid:23211, Name:OS_EVENT_POLL
#00 pc 00000000001777c0 /system/lib/ld-musl-aarch64.so.1(epoll_wait+84)(8c2ca4e308a1de9ed1e6b4ccc14c7443)
#01 pc 000000000001d0b0 /system/lib64/chipset-sdk-sp/libeventhandler.z.so(OHOS::AppExecFwk::DeamonIoWaiter::EpollWaitFor()+1636)(564abf6753d4cd4d8994667ad79bf3b6)
#02 pc 0000000000024400 /system/lib64/chipset-sdk-sp/libeventhandler.z.so(564abf6753d4cd4d8994667ad79bf3b6)
#03 pc 00000000001de740 /system/lib/ld-musl-aarch64.so.1(start+240)(8c2ca4e308a1de9ed1e6b4ccc14c7443)
Tid:23213, Name:OS_MainDisplayS
#00 pc 00000000001777c0 /system/lib/ld-musl-aarch64.so.1(epoll_wait+84)(8c2ca4e308a1de9ed1e6b4ccc14c7443)
#01 pc 000000000002fab0 /system/lib64/chipset-sdk-sp/libeventhandler.z.so(OHOS::AppExecFwk::EpollIoWaiter::WaitFor(OHOS::AppExecFwk::UniqueLockBase&, long, bool)+276)(564abf6753d4cd4d8994667ad79bf3b6)
#02 pc 000000000001a448 /system/lib64/chipset-sdk-sp/libeventhandler.z.so(OHOS::AppExecFwk::EventQueueBase::GetEvent()+1912)(564abf6753d4cd4d8994667ad79bf3b6)
#03 pc 00000000000215c8 /system/lib64/chipset-sdk-sp/libeventhandler.z.so(OHOS::AppExecFwk::(anonymous namespace)::EventRunnerImpl::Run()+820)(564abf6753d4cd4d8994667ad79bf3b6)
#04 pc 0000000000020b14 /system/lib64/chipset-sdk-sp/libeventhandler.z.so(OHOS::AppExecFwk::(anonymous namespace)::EventRunnerImpl::ThreadMain(std::__h::weak_ptr<OHOS::AppExecFwk::(anonymous namespace)::EventRunnerImpl> const&) (.cfi)+264)(564abf6753d4cd4d8994667ad79bf3b6)
#05 pc 00000000000407f0 /system/lib64/chipset-sdk-sp/libeventhandler.z.so(564abf6753d4cd4d8994667ad79bf3b6)
#06 pc 00000000001de740 /system/lib/ld-musl-aarch64.so.1(start+240)(8c2ca4e308a1de9ed1e6b4ccc14c7443)
Tid:23216, Name:OS_IPC_4_23216
#00 pc 0000000000197768 /system/lib/ld-musl-aarch64.so.1(ioctl+172)(8c2ca4e308a1de9ed1e6b4ccc14c7443)
#01 pc 000000000000f0ac /system/lib64/platformsdk/libipc_common.z.so(OHOS::BinderConnector::WriteBinder(unsigned long, void*)+120)(21def93073c96c4161bfa61b948c2957)
#02 pc 0000000000074934 /system/lib64/platformsdk/libipc_single.z.so(OHOS::BinderInvoker::TransactWithDriver(bool)+284)(5a12a4b7e05d71d18ea20b9f1e1aed8a)
#03 pc 0000000000074d24 /system/lib64/platformsdk/libipc_single.z.so(OHOS::BinderInvoker::StartWorkLoop()+100)(5a12a4b7e05d71d18ea20b9f1e1aed8a)
#04 pc 0000000000077958 /system/lib64/platformsdk/libipc_single.z.so(OHOS::BinderInvoker::JoinThread(bool)+80)(5a12a4b7e05d71d18ea20b9f1e1aed8a)
#05 pc 000000000006c248 /system/lib64/platformsdk/libipc_single.z.so(OHOS::IPCWorkThread::ThreadHandler(void*)+1056)(5a12a4b7e05d71d18ea20b9f1e1aed8a)
#06 pc 00000000001de740 /system/lib/ld-musl-aarch64.so.1(start+240)(8c2ca4e308a1de9ed1e6b4ccc14c7443)
Tid:23221, Name:OS_FFRT_3_2
#00 pc 00000000000b6f8c /system/lib/ld-musl-aarch64.so.1(8c2ca4e308a1de9ed1e6b4ccc14c7443)
#01 pc 00000000000a51ec /system/lib64/ndk/libffrt.so(ffrt::HExecuteUnit::WorkerIdleAction(ffrt::CPUWorker*)+448)(4909c9bfbd00363a4658edc9322f5e32)
#02 pc 000000000002dbf8 /system/lib64/ndk/libffrt.so(ffrt::CPUWorker::WrapDispatch(void*)+224)(4909c9bfbd00363a4658edc9322f5e32)
#03 pc 00000000001de740 /system/lib/ld-musl-aarch64.so.1(start+240)(8c2ca4e308a1de9ed1e6b4ccc14c7443)
Tid:23222, Name:1.ui
#00 pc 0000000000177714 /system/lib/ld-musl-aarch64.so.1(epoll_pwait+88)(8c2ca4e308a1de9ed1e6b4ccc14c7443)
#01 pc 000000000002f4e0 /system/lib64/platformsdk/libuv.so(uv__io_poll+608)(dd4ce8a088606e6444f0dceac8540868)
#02 pc 000000000001b7e4 /system/lib64/platformsdk/libuv.so(uv_run+888)(dd4ce8a088606e6444f0dceac8540868)
#03 pc 0000000001adec84 /data/storage/el1/bundle/libs/arm64/libflutter.so(c6a0a42347e578adb98e2aa907293fa44484f9c2)
#04 pc 0000000001ac6f28 /data/storage/el1/bundle/libs/arm64/libflutter.so(c6a0a42347e578adb98e2aa907293fa44484f9c2)
#05 pc 0000000001ac61ec /data/storage/el1/bundle/libs/arm64/libflutter.so(c6a0a42347e578adb98e2aa907293fa44484f9c2)
#06 pc 0000000001adab6c /data/storage/el1/bundle/libs/arm64/libflutter.so(c6a0a42347e578adb98e2aa907293fa44484f9c2)
#07 pc 0000000001adaacc /data/storage/el1/bundle/libs/arm64/libflutter.so(c6a0a42347e578adb98e2aa907293fa44484f9c2)
#08 pc 0000000001adaaa8 /data/storage/el1/bundle/libs/arm64/libflutter.so(c6a0a42347e578adb98e2aa907293fa44484f9c2)
#09 pc 0000000001ada868 /data/storage/el1/bundle/libs/arm64/libflutter.so(c6a0a42347e578adb98e2aa907293fa44484f9c2)
#10 pc 00000000001de740 /system/lib/ld-musl-aarch64.so.1(start+240)(8c2ca4e308a1de9ed1e6b4ccc14c7443)
Tid:23223, Name:1.raster
#00 pc 0000000000177714 /system/lib/ld-musl-aarch64.so.1(epoll_pwait+88)(8c2ca4e308a1de9ed1e6b4ccc14c7443)
#01 pc 000000000002f4e0 /system/lib64/platformsdk/libuv.so(uv__io_poll+608)(dd4ce8a088606e6444f0dceac8540868)
#02 pc 000000000001b7e4 /system/lib64/platformsdk/libuv.so(uv_run+888)(dd4ce8a088606e6444f0dceac8540868)
#03 pc 0000000001adec84 /data/storage/el1/bundle/libs/arm64/libflutter.so(c6a0a42347e578adb98e2aa907293fa44484f9c2)
#04 pc 0000000001ac6f28 /data/storage/el1/bundle/libs/arm64/libflutter.so(c6a0a42347e578adb98e2aa907293fa44484f9c2)
#05 pc 0000000001ac61ec /data/storage/el1/bundle/libs/arm64/libflutter.so(c6a0a42347e578adb98e2aa907293fa44484f9c2)
#06 pc 0000000001adab6c /data/storage/el1/bundle/libs/arm64/libflutter.so(c6a0a42347e578adb98e2aa907293fa44484f9c2)
#07 pc 0000000001adaacc /data/storage/el1/bundle/libs/arm64/libflutter.so(c6a0a42347e578adb98e2aa907293fa44484f9c2)
#08 pc 0000000001adaaa8 /data/storage/el1/bundle/libs/arm64/libflutter.so(c6a0a42347e578adb98e2aa907293fa44484f9c2)
#09 pc 0000000001ada868 /data/storage/el1/bundle/libs/arm64/libflutter.so(c6a0a42347e578adb98e2aa907293fa44484f9c2)
#10 pc 00000000001de740 /system/lib/ld-musl-aarch64.so.1(start+240)(8c2ca4e308a1de9ed1e6b4ccc14c7443)
Tid:23224, Name:1.io
#00 pc 0000000000177714 /system/lib/ld-musl-aarch64.so.1(epoll_pwait+88)(8c2ca4e308a1de9ed1e6b4ccc14c7443)
#01 pc 000000000002f4e0 /system/lib64/platformsdk/libuv.so(uv__io_poll+608)(dd4ce8a088606e6444f0dceac8540868)
#02 pc 000000000001b7e4 /system/lib64/platformsdk/libuv.so(uv_run+888)(dd4ce8a088606e6444f0dceac8540868)
#03 pc 0000000001adec84 /data/storage/el1/bundle/libs/arm64/libflutter.so(c6a0a42347e578adb98e2aa907293fa44484f9c2)
#04 pc 0000000001ac6f28 /data/storage/el1/bundle/libs/arm64/libflutter.so(c6a0a42347e578adb98e2aa907293fa44484f9c2)
#05 pc 0000000001ac61ec /data/storage/el1/bundle/libs/arm64/libflutter.so(c6a0a42347e578adb98e2aa907293fa44484f9c2)
#06 pc 0000000001adab6c /data/storage/el1/bundle/libs/arm64/libflutter.so(c6a0a42347e578adb98e2aa907293fa44484f9c2)
#07 pc 0000000001adaacc /data/storage/el1/bundle/libs/arm64/libflutter.so(c6a0a42347e578adb98e2aa907293fa44484f9c2)
#08 pc 0000000001adaaa8 /data/storage/el1/bundle/libs/arm64/libflutter.so(c6a0a42347e578adb98e2aa907293fa44484f9c2)
#09 pc 0000000001ada868 /data/storage/el1/bundle/libs/arm64/libflutter.so(c6a0a42347e578adb98e2aa907293fa44484f9c2)
#10 pc 00000000001de740 /system/lib/ld-musl-aarch64.so.1(start+240)(8c2ca4e308a1de9ed1e6b4ccc14c7443)
Tid:23225, Name:com.rh.lumira
#00 pc 00000000001777c0 /system/lib/ld-musl-aarch64.so.1(epoll_wait+84)(8c2ca4e308a1de9ed1e6b4ccc14c7443)
#01 pc 0000000001adee8c /data/storage/el1/bundle/libs/arm64/libflutter.so(c6a0a42347e578adb98e2aa907293fa44484f9c2)
#02 pc 0000000001adf2c4 /data/storage/el1/bundle/libs/arm64/libflutter.so(c6a0a42347e578adb98e2aa907293fa44484f9c2)
#03 pc 0000000001adf25c /data/storage/el1/bundle/libs/arm64/libflutter.so(c6a0a42347e578adb98e2aa907293fa44484f9c2)
#04 pc 0000000001adf238 /data/storage/el1/bundle/libs/arm64/libflutter.so(c6a0a42347e578adb98e2aa907293fa44484f9c2)
#05 pc 0000000001adf058 /data/storage/el1/bundle/libs/arm64/libflutter.so(c6a0a42347e578adb98e2aa907293fa44484f9c2)
#06 pc 00000000001de740 /system/lib/ld-musl-aarch64.so.1(start+240)(8c2ca4e308a1de9ed1e6b4ccc14c7443)
Tid:23226, Name:io.worker.1
#00 pc 00000000001d9f3c /system/lib/ld-musl-aarch64.so.1(__timedwait_cp+156)(8c2ca4e308a1de9ed1e6b4ccc14c7443)
#01 pc 00000000001dc014 /system/lib/ld-musl-aarch64.so.1(pthread_cond_timedwait+172)(8c2ca4e308a1de9ed1e6b4ccc14c7443)
#02 pc 000000000197ef20 /data/storage/el1/bundle/libs/arm64/libflutter.so(c6a0a42347e578adb98e2aa907293fa44484f9c2)
#03 pc 000000000197ec30 /data/storage/el1/bundle/libs/arm64/libflutter.so(std::_LIBCPP_ABI_NAMESPACE::condition_variable::wait(std::_LIBCPP_ABI_NAMESPACE::unique_lock<std::_LIBCPP_ABI_NAMESPACE::mutex>&)+80)(c6a0a42347e578adb98e2aa907293fa44484f9c2)
#04 pc 0000000001ab4598 /data/storage/el1/bundle/libs/arm64/libflutter.so(c6a0a42347e578adb98e2aa907293fa44484f9c2)
#05 pc 0000000001ab4328 /data/storage/el1/bundle/libs/arm64/libflutter.so(c6a0a42347e578adb98e2aa907293fa44484f9c2)
#06 pc 0000000001ab5044 /data/storage/el1/bundle/libs/arm64/libflutter.so(c6a0a42347e578adb98e2aa907293fa44484f9c2)
#07 pc 0000000001ab4f90 /data/storage/el1/bundle/libs/arm64/libflutter.so(c6a0a42347e578adb98e2aa907293fa44484f9c2)
#08 pc 0000000001ab4f6c /data/storage/el1/bundle/libs/arm64/libflutter.so(c6a0a42347e578adb98e2aa907293fa44484f9c2)
#09 pc 0000000001ab4d8c /data/storage/el1/bundle/libs/arm64/libflutter.so(c6a0a42347e578adb98e2aa907293fa44484f9c2)
#10 pc 00000000001de740 /system/lib/ld-musl-aarch64.so.1(start+240)(8c2ca4e308a1de9ed1e6b4ccc14c7443)
Tid:23227, Name:io.worker.2
#00 pc 00000000001d9f3c /system/lib/ld-musl-aarch64.so.1(__timedwait_cp+156)(8c2ca4e308a1de9ed1e6b4ccc14c7443)
#01 pc 00000000001dc014 /system/lib/ld-musl-aarch64.so.1(pthread_cond_timedwait+172)(8c2ca4e308a1de9ed1e6b4ccc14c7443)
#02 pc 000000000197ef20 /data/storage/el1/bundle/libs/arm64/libflutter.so(c6a0a42347e578adb98e2aa907293fa44484f9c2)
#03 pc 000000000197ec30 /data/storage/el1/bundle/libs/arm64/libflutter.so(std::_LIBCPP_ABI_NAMESPACE::condition_variable::wait(std::_LIBCPP_ABI_NAMESPACE::unique_lock<std::_LIBCPP_ABI_NAMESPACE::mutex>&)+80)(c6a0a42347e578adb98e2aa907293fa44484f9c2)
#04 pc 0000000001ab4598 /data/storage/el1/bundle/libs/arm64/libflutter.so(c6a0a42347e578adb98e2aa907293fa44484f9c2)
#05 pc 0000000001ab4328 /data/storage/el1/bundle/libs/arm64/libflutter.so(c6a0a42347e578adb98e2aa907293fa44484f9c2)
#06 pc 0000000001ab5044 /data/storage/el1/bundle/libs/arm64/libflutter.so(c6a0a42347e578adb98e2aa907293fa44484f9c2)
#07 pc 0000000001ab4f90 /data/storage/el1/bundle/libs/arm64/libflutter.so(c6a0a42347e578adb98e2aa907293fa44484f9c2)
#08 pc 0000000001ab4f6c /data/storage/el1/bundle/libs/arm64/libflutter.so(c6a0a42347e578adb98e2aa907293fa44484f9c2)
#09 pc 0000000001ab4d8c /data/storage/el1/bundle/libs/arm64/libflutter.so(c6a0a42347e578adb98e2aa907293fa44484f9c2)
#10 pc 00000000001de740 /system/lib/ld-musl-aarch64.so.1(start+240)(8c2ca4e308a1de9ed1e6b4ccc14c7443)
Tid:23229, Name:io.worker.3
#00 pc 00000000001d9f3c /system/lib/ld-musl-aarch64.so.1(__timedwait_cp+156)(8c2ca4e308a1de9ed1e6b4ccc14c7443)
#01 pc 00000000001dc014 /system/lib/ld-musl-aarch64.so.1(pthread_cond_timedwait+172)(8c2ca4e308a1de9ed1e6b4ccc14c7443)
#02 pc 000000000197ef20 /data/storage/el1/bundle/libs/arm64/libflutter.so(c6a0a42347e578adb98e2aa907293fa44484f9c2)
#03 pc 000000000197ec30 /data/storage/el1/bundle/libs/arm64/libflutter.so(std::_LIBCPP_ABI_NAMESPACE::condition_variable::wait(std::_LIBCPP_ABI_NAMESPACE::unique_lock<std::_LIBCPP_ABI_NAMESPACE::mutex>&)+80)(c6a0a42347e578adb98e2aa907293fa44484f9c2)
#04 pc 0000000001ab4598 /data/storage/el1/bundle/libs/arm64/libflutter.so(c6a0a42347e578adb98e2aa907293fa44484f9c2)
#05 pc 0000000001ab4328 /data/storage/el1/bundle/libs/arm64/libflutter.so(c6a0a42347e578adb98e2aa907293fa44484f9c2)
#06 pc 0000000001ab5044 /data/storage/el1/bundle/libs/arm64/libflutter.so(c6a0a42347e578adb98e2aa907293fa44484f9c2)
#07 pc 0000000001ab4f90 /data/storage/el1/bundle/libs/arm64/libflutter.so(c6a0a42347e578adb98e2aa907293fa44484f9c2)
#08 pc 0000000001ab4f6c /data/storage/el1/bundle/libs/arm64/libflutter.so(c6a0a42347e578adb98e2aa907293fa44484f9c2)
#09 pc 0000000001ab4d8c /data/storage/el1/bundle/libs/arm64/libflutter.so(c6a0a42347e578adb98e2aa907293fa44484f9c2)
#10 pc 00000000001de740 /system/lib/ld-musl-aarch64.so.1(start+240)(8c2ca4e308a1de9ed1e6b4ccc14c7443)
Tid:23230, Name:io.worker.4
#00 pc 00000000001d9f3c /system/lib/ld-musl-aarch64.so.1(__timedwait_cp+156)(8c2ca4e308a1de9ed1e6b4ccc14c7443)
#01 pc 00000000001dc014 /system/lib/ld-musl-aarch64.so.1(pthread_cond_timedwait+172)(8c2ca4e308a1de9ed1e6b4ccc14c7443)
#02 pc 000000000197ef20 /data/storage/el1/bundle/libs/arm64/libflutter.so(c6a0a42347e578adb98e2aa907293fa44484f9c2)
#03 pc 000000000197ec30 /data/storage/el1/bundle/libs/arm64/libflutter.so(std::_LIBCPP_ABI_NAMESPACE::condition_variable::wait(std::_LIBCPP_ABI_NAMESPACE::unique_lock<std::_LIBCPP_ABI_NAMESPACE::mutex>&)+80)(c6a0a42347e578adb98e2aa907293fa44484f9c2)
#04 pc 0000000001ab4598 /data/storage/el1/bundle/libs/arm64/libflutter.so(c6a0a42347e578adb98e2aa907293fa44484f9c2)
#05 pc 0000000001ab4328 /data/storage/el1/bundle/libs/arm64/libflutter.so(c6a0a42347e578adb98e2aa907293fa44484f9c2)
#06 pc 0000000001ab5044 /data/storage/el1/bundle/libs/arm64/libflutter.so(c6a0a42347e578adb98e2aa907293fa44484f9c2)
#07 pc 0000000001ab4f90 /data/storage/el1/bundle/libs/arm64/libflutter.so(c6a0a42347e578adb98e2aa907293fa44484f9c2)
#08 pc 0000000001ab4f6c /data/storage/el1/bundle/libs/arm64/libflutter.so(c6a0a42347e578adb98e2aa907293fa44484f9c2)
#09 pc 0000000001ab4d8c /data/storage/el1/bundle/libs/arm64/libflutter.so(c6a0a42347e578adb98e2aa907293fa44484f9c2)
#10 pc 00000000001de740 /system/lib/ld-musl-aarch64.so.1(start+240)(8c2ca4e308a1de9ed1e6b4ccc14c7443)
Tid:23231, Name:io.worker.5
#00 pc 00000000001d9f3c /system/lib/ld-musl-aarch64.so.1(__timedwait_cp+156)(8c2ca4e308a1de9ed1e6b4ccc14c7443)
#01 pc 00000000001dc014 /system/lib/ld-musl-aarch64.so.1(pthread_cond_timedwait+172)(8c2ca4e308a1de9ed1e6b4ccc14c7443)
#02 pc 000000000197ef20 /data/storage/el1/bundle/libs/arm64/libflutter.so(c6a0a42347e578adb98e2aa907293fa44484f9c2)
#03 pc 000000000197ec30 /data/storage/el1/bundle/libs/arm64/libflutter.so(std::_LIBCPP_ABI_NAMESPACE::condition_variable::wait(std::_LIBCPP_ABI_NAMESPACE::unique_lock<std::_LIBCPP_ABI_NAMESPACE::mutex>&)+80)(c6a0a42347e578adb98e2aa907293fa44484f9c2)
#04 pc 0000000001ab4598 /data/storage/el1/bundle/libs/arm64/libflutter.so(c6a0a42347e578adb98e2aa907293fa44484f9c2)
#05 pc 0000000001ab4328 /data/storage/el1/bundle/libs/arm64/libflutter.so(c6a0a42347e578adb98e2aa907293fa44484f9c2)
#06 pc 0000000001ab5044 /data/storage/el1/bundle/libs/arm64/libflutter.so(c6a0a42347e578adb98e2aa907293fa44484f9c2)
#07 pc 0000000001ab4f90 /data/storage/el1/bundle/libs/arm64/libflutter.so(c6a0a42347e578adb98e2aa907293fa44484f9c2)
#08 pc 0000000001ab4f6c /data/storage/el1/bundle/libs/arm64/libflutter.so(c6a0a42347e578adb98e2aa907293fa44484f9c2)
#09 pc 0000000001ab4d8c /data/storage/el1/bundle/libs/arm64/libflutter.so(c6a0a42347e578adb98e2aa907293fa44484f9c2)
#10 pc 00000000001de740 /system/lib/ld-musl-aarch64.so.1(start+240)(8c2ca4e308a1de9ed1e6b4ccc14c7443)
Tid:23232, Name:io.worker.6
#00 pc 00000000001d9f3c /system/lib/ld-musl-aarch64.so.1(__timedwait_cp+156)(8c2ca4e308a1de9ed1e6b4ccc14c7443)
#01 pc 00000000001dc014 /system/lib/ld-musl-aarch64.so.1(pthread_cond_timedwait+172)(8c2ca4e308a1de9ed1e6b4ccc14c7443)
#02 pc 000000000197ef20 /data/storage/el1/bundle/libs/arm64/libflutter.so(c6a0a42347e578adb98e2aa907293fa44484f9c2)
#03 pc 000000000197ec30 /data/storage/el1/bundle/libs/arm64/libflutter.so(std::_LIBCPP_ABI_NAMESPACE::condition_variable::wait(std::_LIBCPP_ABI_NAMESPACE::unique_lock<std::_LIBCPP_ABI_NAMESPACE::mutex>&)+80)(c6a0a42347e578adb98e2aa907293fa44484f9c2)
#04 pc 0000000001ab4598 /data/storage/el1/bundle/libs/arm64/libflutter.so(c6a0a42347e578adb98e2aa907293fa44484f9c2)
#05 pc 0000000001ab4328 /data/storage/el1/bundle/libs/arm64/libflutter.so(c6a0a42347e578adb98e2aa907293fa44484f9c2)
#06 pc 0000000001ab5044 /data/storage/el1/bundle/libs/arm64/libflutter.so(c6a0a42347e578adb98e2aa907293fa44484f9c2)
#07 pc 0000000001ab4f90 /data/storage/el1/bundle/libs/arm64/libflutter.so(c6a0a42347e578adb98e2aa907293fa44484f9c2)
#08 pc 0000000001ab4f6c /data/storage/el1/bundle/libs/arm64/libflutter.so(c6a0a42347e578adb98e2aa907293fa44484f9c2)
#09 pc 0000000001ab4d8c /data/storage/el1/bundle/libs/arm64/libflutter.so(c6a0a42347e578adb98e2aa907293fa44484f9c2)
#10 pc 00000000001de740 /system/lib/ld-musl-aarch64.so.1(start+240)(8c2ca4e308a1de9ed1e6b4ccc14c7443)
Tid:23233, Name:io.worker.7
#00 pc 00000000001d9f3c /system/lib/ld-musl-aarch64.so.1(__timedwait_cp+156)(8c2ca4e308a1de9ed1e6b4ccc14c7443)
#01 pc 00000000001dc014 /system/lib/ld-musl-aarch64.so.1(pthread_cond_timedwait+172)(8c2ca4e308a1de9ed1e6b4ccc14c7443)
#02 pc 000000000197ef20 /data/storage/el1/bundle/libs/arm64/libflutter.so(c6a0a42347e578adb98e2aa907293fa44484f9c2)
#03 pc 000000000197ec30 /data/storage/el1/bundle/libs/arm64/libflutter.so(std::_LIBCPP_ABI_NAMESPACE::condition_variable::wait(std::_LIBCPP_ABI_NAMESPACE::unique_lock<std::_LIBCPP_ABI_NAMESPACE::mutex>&)+80)(c6a0a42347e578adb98e2aa907293fa44484f9c2)
#04 pc 0000000001ab4598 /data/storage/el1/bundle/libs/arm64/libflutter.so(c6a0a42347e578adb98e2aa907293fa44484f9c2)
#05 pc 0000000001ab4328 /data/storage/el1/bundle/libs/arm64/libflutter.so(c6a0a42347e578adb98e2aa907293fa44484f9c2)
#06 pc 0000000001ab5044 /data/storage/el1/bundle/libs/arm64/libflutter.so(c6a0a42347e578adb98e2aa907293fa44484f9c2)
#07 pc 0000000001ab4f90 /data/storage/el1/bundle/libs/arm64/libflutter.so(c6a0a42347e578adb98e2aa907293fa44484f9c2)
#08 pc 0000000001ab4f6c /data/storage/el1/bundle/libs/arm64/libflutter.so(c6a0a42347e578adb98e2aa907293fa44484f9c2)
#09 pc 0000000001ab4d8c /data/storage/el1/bundle/libs/arm64/libflutter.so(c6a0a42347e578adb98e2aa907293fa44484f9c2)
#10 pc 00000000001de740 /system/lib/ld-musl-aarch64.so.1(start+240)(8c2ca4e308a1de9ed1e6b4ccc14c7443)
Tid:23234, Name:io.worker.8
#00 pc 00000000001d9f3c /system/lib/ld-musl-aarch64.so.1(__timedwait_cp+156)(8c2ca4e308a1de9ed1e6b4ccc14c7443)
#01 pc 00000000001dc014 /system/lib/ld-musl-aarch64.so.1(pthread_cond_timedwait+172)(8c2ca4e308a1de9ed1e6b4ccc14c7443)
#02 pc 000000000197ef20 /data/storage/el1/bundle/libs/arm64/libflutter.so(c6a0a42347e578adb98e2aa907293fa44484f9c2)
#03 pc 000000000197ec30 /data/storage/el1/bundle/libs/arm64/libflutter.so(std::_LIBCPP_ABI_NAMESPACE::condition_variable::wait(std::_LIBCPP_ABI_NAMESPACE::unique_lock<std::_LIBCPP_ABI_NAMESPACE::mutex>&)+80)(c6a0a42347e578adb98e2aa907293fa44484f9c2)
#04 pc 0000000001ab4598 /data/storage/el1/bundle/libs/arm64/libflutter.so(c6a0a42347e578adb98e2aa907293fa44484f9c2)
#05 pc 0000000001ab4328 /data/storage/el1/bundle/libs/arm64/libflutter.so(c6a0a42347e578adb98e2aa907293fa44484f9c2)
#06 pc 0000000001ab5044 /data/storage/el1/bundle/libs/arm64/libflutter.so(c6a0a42347e578adb98e2aa907293fa44484f9c2)
#07 pc 0000000001ab4f90 /data/storage/el1/bundle/libs/arm64/libflutter.so(c6a0a42347e578adb98e2aa907293fa44484f9c2)
#08 pc 0000000001ab4f6c /data/storage/el1/bundle/libs/arm64/libflutter.so(c6a0a42347e578adb98e2aa907293fa44484f9c2)
#09 pc 0000000001ab4d8c /data/storage/el1/bundle/libs/arm64/libflutter.so(c6a0a42347e578adb98e2aa907293fa44484f9c2)
#10 pc 00000000001de740 /system/lib/ld-musl-aarch64.so.1(start+240)(8c2ca4e308a1de9ed1e6b4ccc14c7443)
Tid:23235, Name:io.worker.9
#00 pc 00000000001d9f3c /system/lib/ld-musl-aarch64.so.1(__timedwait_cp+156)(8c2ca4e308a1de9ed1e6b4ccc14c7443)
#01 pc 00000000001dc014 /system/lib/ld-musl-aarch64.so.1(pthread_cond_timedwait+172)(8c2ca4e308a1de9ed1e6b4ccc14c7443)
#02 pc 000000000197ef20 /data/storage/el1/bundle/libs/arm64/libflutter.so(c6a0a42347e578adb98e2aa907293fa44484f9c2)
#03 pc 000000000197ec30 /data/storage/el1/bundle/libs/arm64/libflutter.so(std::_LIBCPP_ABI_NAMESPACE::condition_variable::wait(std::_LIBCPP_ABI_NAMESPACE::unique_lock<std::_LIBCPP_ABI_NAMESPACE::mutex>&)+80)(c6a0a42347e578adb98e2aa907293fa44484f9c2)
#04 pc 0000000001ab4598 /data/storage/el1/bundle/libs/arm64/libflutter.so(c6a0a42347e578adb98e2aa907293fa44484f9c2)
#05 pc 0000000001ab4328 /data/storage/el1/bundle/libs/arm64/libflutter.so(c6a0a42347e578adb98e2aa907293fa44484f9c2)
#06 pc 0000000001ab5044 /data/storage/el1/bundle/libs/arm64/libflutter.so(c6a0a42347e578adb98e2aa907293fa44484f9c2)
#07 pc 0000000001ab4f90 /data/storage/el1/bundle/libs/arm64/libflutter.so(c6a0a42347e578adb98e2aa907293fa44484f9c2)
#08 pc 0000000001ab4f6c /data/storage/el1/bundle/libs/arm64/libflutter.so(c6a0a42347e578adb98e2aa907293fa44484f9c2)
#09 pc 0000000001ab4d8c /data/storage/el1/bundle/libs/arm64/libflutter.so(c6a0a42347e578adb98e2aa907293fa44484f9c2)
#10 pc 00000000001de740 /system/lib/ld-musl-aarch64.so.1(start+240)(8c2ca4e308a1de9ed1e6b4ccc14c7443)
Tid:23236, Name:io.worker.10
#00 pc 00000000001d9f3c /system/lib/ld-musl-aarch64.so.1(__timedwait_cp+156)(8c2ca4e308a1de9ed1e6b4ccc14c7443)
#01 pc 00000000001dc014 /system/lib/ld-musl-aarch64.so.1(pthread_cond_timedwait+172)(8c2ca4e308a1de9ed1e6b4ccc14c7443)
#02 pc 000000000197ef20 /data/storage/el1/bundle/libs/arm64/libflutter.so(c6a0a42347e578adb98e2aa907293fa44484f9c2)
#03 pc 000000000197ec30 /data/storage/el1/bundle/libs/arm64/libflutter.so(std::_LIBCPP_ABI_NAMESPACE::condition_variable::wait(std::_LIBCPP_ABI_NAMESPACE::unique_lock<std::_LIBCPP_ABI_NAMESPACE::mutex>&)+80)(c6a0a42347e578adb98e2aa907293fa44484f9c2)
#04 pc 0000000001ab4598 /data/storage/el1/bundle/libs/arm64/libflutter.so(c6a0a42347e578adb98e2aa907293fa44484f9c2)
#05 pc 0000000001ab4328 /data/storage/el1/bundle/libs/arm64/libflutter.so(c6a0a42347e578adb98e2aa907293fa44484f9c2)
#06 pc 0000000001ab5044 /data/storage/el1/bundle/libs/arm64/libflutter.so(c6a0a42347e578adb98e2aa907293fa44484f9c2)
#07 pc 0000000001ab4f90 /data/storage/el1/bundle/libs/arm64/libflutter.so(c6a0a42347e578adb98e2aa907293fa44484f9c2)
#08 pc 0000000001ab4f6c /data/storage/el1/bundle/libs/arm64/libflutter.so(c6a0a42347e578adb98e2aa907293fa44484f9c2)
#09 pc 0000000001ab4d8c /data/storage/el1/bundle/libs/arm64/libflutter.so(c6a0a42347e578adb98e2aa907293fa44484f9c2)
#10 pc 00000000001de740 /system/lib/ld-musl-aarch64.so.1(start+240)(8c2ca4e308a1de9ed1e6b4ccc14c7443)
Tid:23237, Name:io.worker.11
#00 pc 00000000001d9f3c /system/lib/ld-musl-aarch64.so.1(__timedwait_cp+156)(8c2ca4e308a1de9ed1e6b4ccc14c7443)
#01 pc 00000000001dc014 /system/lib/ld-musl-aarch64.so.1(pthread_cond_timedwait+172)(8c2ca4e308a1de9ed1e6b4ccc14c7443)
#02 pc 000000000197ef20 /data/storage/el1/bundle/libs/arm64/libflutter.so(c6a0a42347e578adb98e2aa907293fa44484f9c2)
#03 pc 000000000197ec30 /data/storage/el1/bundle/libs/arm64/libflutter.so(std::_LIBCPP_ABI_NAMESPACE::condition_variable::wait(std::_LIBCPP_ABI_NAMESPACE::unique_lock<std::_LIBCPP_ABI_NAMESPACE::mutex>&)+80)(c6a0a42347e578adb98e2aa907293fa44484f9c2)
#04 pc 0000000001ab4598 /data/storage/el1/bundle/libs/arm64/libflutter.so(c6a0a42347e578adb98e2aa907293fa44484f9c2)
#05 pc 0000000001ab4328 /data/storage/el1/bundle/libs/arm64/libflutter.so(c6a0a42347e578adb98e2aa907293fa44484f9c2)
#06 pc 0000000001ab5044 /data/storage/el1/bundle/libs/arm64/libflutter.so(c6a0a42347e578adb98e2aa907293fa44484f9c2)
#07 pc 0000000001ab4f90 /data/storage/el1/bundle/libs/arm64/libflutter.so(c6a0a42347e578adb98e2aa907293fa44484f9c2)
#08 pc 0000000001ab4f6c /data/storage/el1/bundle/libs/arm64/libflutter.so(c6a0a42347e578adb98e2aa907293fa44484f9c2)
#09 pc 0000000001ab4d8c /data/storage/el1/bundle/libs/arm64/libflutter.so(c6a0a42347e578adb98e2aa907293fa44484f9c2)
#10 pc 00000000001de740 /system/lib/ld-musl-aarch64.so.1(start+240)(8c2ca4e308a1de9ed1e6b4ccc14c7443)
Tid:23238, Name:io.worker.12
#00 pc 00000000001d9f3c /system/lib/ld-musl-aarch64.so.1(__timedwait_cp+156)(8c2ca4e308a1de9ed1e6b4ccc14c7443)
#01 pc 00000000001dc014 /system/lib/ld-musl-aarch64.so.1(pthread_cond_timedwait+172)(8c2ca4e308a1de9ed1e6b4ccc14c7443)
#02 pc 000000000197ef20 /data/storage/el1/bundle/libs/arm64/libflutter.so(c6a0a42347e578adb98e2aa907293fa44484f9c2)
#03 pc 000000000197ec30 /data/storage/el1/bundle/libs/arm64/libflutter.so(std::_LIBCPP_ABI_NAMESPACE::condition_variable::wait(std::_LIBCPP_ABI_NAMESPACE::unique_lock<std::_LIBCPP_ABI_NAMESPACE::mutex>&)+80)(c6a0a42347e578adb98e2aa907293fa44484f9c2)
#04 pc 0000000001ab4598 /data/storage/el1/bundle/libs/arm64/libflutter.so(c6a0a42347e578adb98e2aa907293fa44484f9c2)
#05 pc 0000000001ab4328 /data/storage/el1/bundle/libs/arm64/libflutter.so(c6a0a42347e578adb98e2aa907293fa44484f9c2)
#06 pc 0000000001ab5044 /data/storage/el1/bundle/libs/arm64/libflutter.so(c6a0a42347e578adb98e2aa907293fa44484f9c2)
#07 pc 0000000001ab4f90 /data/storage/el1/bundle/libs/arm64/libflutter.so(c6a0a42347e578adb98e2aa907293fa44484f9c2)
#08 pc 0000000001ab4f6c /data/storage/el1/bundle/libs/arm64/libflutter.so(c6a0a42347e578adb98e2aa907293fa44484f9c2)
#09 pc 0000000001ab4d8c /data/storage/el1/bundle/libs/arm64/libflutter.so(c6a0a42347e578adb98e2aa907293fa44484f9c2)
#10 pc 00000000001de740 /system/lib/ld-musl-aarch64.so.1(start+240)(8c2ca4e308a1de9ed1e6b4ccc14c7443)
Tid:23239, Name:dart:io EventHa
#00 pc 00000000001777c0 /system/lib/ld-musl-aarch64.so.1(epoll_wait+84)(8c2ca4e308a1de9ed1e6b4ccc14c7443)
#01 pc 0000000003170dfc /data/storage/el1/bundle/libs/arm64/libflutter.so(c6a0a42347e578adb98e2aa907293fa44484f9c2)
#02 pc 0000000003194eac /data/storage/el1/bundle/libs/arm64/libflutter.so(c6a0a42347e578adb98e2aa907293fa44484f9c2)
#03 pc 00000000001de740 /system/lib/ld-musl-aarch64.so.1(start+240)(8c2ca4e308a1de9ed1e6b4ccc14c7443)
Memory near registers:
x1([stack]):
    0000007e6477a930 7f00000000000000
    0000007e6477a938 0000005a32d18a00
    0000007e6477a940 0000000400001000
    0000007e6477a948 009f000000000000
    0000007e6477a950 ff00000000000000
    0000007e6477a958 0000000000000000
    0000007e6477a960 0000000000000000
    0000007e6477a968 0000000000000000
    0000007e6477a970 0000000000000000
    0000007e6477a978 0000000000000000
    0000007e6477a980 0000000000000000
    0000007e6477a988 0000000000000001
    0000007e6477a990 0000000000000001
    0000007e6477a998 0000005b9de2f2b8
    0000007e6477a9a0 0000007e64782000
    0000007e6477a9a8 0000005b9d8e2ea0
    0000007e6477a9b0 0000007e6477aa00
    0000007e6477a9b8 0000007e647798d8
    0000007e6477a9c0 0000007e6477aa10
    0000007e6477a9c8 523c00599113b4e8
    0000007e6477a9d0 0000005ba08000a0
    0000007e6477a9d8 0000005b9d78120c
    0000007e6477a9e0 0000000000000005
    0000007e6477a9e8 0000000000000016
    0000007e6477a9f0 0000000000000000
    0000007e6477a9f8 0000005a33120ab0
    0000007e6477aa00 0000005a1aea62a0
    0000007e6477aa08 0000005ba0800080
    0000007e6477aa10 0000007e6477ab20
    0000007e6477aa18 2a19005b9d781214
    0000007e6477aa20 0000000000000016
    0000007e6477aa28 0000000000000016
x9(/system/lib/ld-musl-aarch64.so.1):
    00000059911e48e8 0000005b9fe63920
    00000059911e48f0 0000000000000000
    00000059911e48f8 000057d3000057d3
    00000059911e4900 00000016000057d3
    00000059911e4908 0000000200000000
    00000059911e4910 0000000000000003
    00000059911e4918 0000000000000000
    00000059911e4920 0000000000000000
    00000059911e4928 0000007e647819f8
    00000059911e4930 0000000000000000
    00000059911e4938 0000000000000000
    00000059911e4940 0000000000000000
    00000059911e4948 0000000000000000
    00000059911e4950 00000059914c2f80
    00000059911e4958 00000059911e4958
    00000059911e4960 0000000000000000
    00000059911e4968 0000000000000000
    00000059911e4970 0000000000000000
    00000059911e4978 00000059914c3aa0
    00000059911e4980 0000000000000000
    00000059911e4988 0000005992830400
    00000059911e4990 0000000000000000
    00000059911e4998 0000005991530000
    00000059911e49a0 0000000000000000
    00000059911e49a8 0000000000000000
    00000059911e49b0 0000000000000000
    00000059911e49b8 0000000000000000
    00000059911e49c0 0000000000000000
    00000059911e49c8 0000000000000000
    00000059911e49d0 0000000000000000
    00000059911e49d8 0000000000000000
    00000059911e49e0 0000000000000000
x16(/data/storage/el1/bundle/libs/arm64/libflutter.so):
    0000005b9de12678 0000005b9be744f8
    0000005b9de12680 0000005b9be736a0
    0000005b9de12688 000000599113b4cc
    0000005b9de12690 0000005b9be6dc64
    0000005b9de12698 0000005b9be6c3ec
    0000005b9de126a0 0000005b9be6c3bc
    0000005b9de126a8 0000005b9be75a50
    0000005b9de126b0 0000005b9be739ac
    0000005b9de126b8 000000599113f524
    0000005b9de126c0 0000005b9be74038
    0000005b9de126c8 0000005991116980
    0000005b9de126d0 0000005b9be7d35c
    0000005b9de126d8 0000005b9be0aa84
    0000005b9de126e0 0000005b9dbbb218
    0000005b9de126e8 0000005b9be0d774
    0000005b9de126f0 0000005b9be0adc0
    0000005b9de126f8 000000599116ac94
    0000005b9de12700 0000005b9be0b0cc
    0000005b9de12708 0000005b9be0bd4c
    0000005b9de12710 0000005b9be0bdd0
    0000005b9de12718 0000005b9be0be60
    0000005b9de12720 0000005b9be0bef0
    0000005b9de12728 0000005b9be0c4e4
    0000005b9de12730 0000005991192740
    0000005b9de12738 0000005991192acc
    0000005b9de12740 0000005b9be0ce7c
    0000005b9de12748 00000059911bc68c
    0000005b9de12750 0000005991192758
    0000005b9de12758 0000005991191dc0
    0000005b9de12760 00000059911bbd50
    0000005b9de12768 000000599114b248
    0000005b9de12770 000000599113f24c
x17(/system/lib/ld-musl-aarch64.so.1):
    000000599113b4b8 94017ff252804001
    000000599113b4c0 94020df8910003e0
    000000599113b4c8 d503237f94000001
    000000599113b4d0 a9027bfdd10103ff
    000000599113b4d8 910083fdf9001bf3
    000000599113b4e0 94015417528000c0
    000000599113b4e8 aa1f03f3aa1f03e0
    000000599113b4f0 f0001c20940152e7
    000000599113b4f8 9401c14791196000
    000000599113b500 910003e26f00e400
    000000599113b508 528000c1528010c0
    000000599113b510 94000010ad0003e0
    000000599113b518 d105a108d53bd048
    000000599113b520 9400001db9800100
    000000599113b528 910063a252800408
    000000599113b530 52800021528010e0
    000000599113b538 94000006f9000fa8
    000000599113b540 3900027f52800120
    000000599113b548 52800fe0940153fe
    000000599113b550 90001ca894027270
    000000599113b558 b4000068f941b108
    000000599113b560 3500010838606908
    000000599113b568 aa0103e0aa0003e8
    000000599113b570 aa1f03e2aa0203e1
    000000599113b578 d400000152800103
    000000599113b580 90001ca8d65f03c0
    000000599113b588 52800104aa1f03e3
    000000599113b590 d61f00a0f941b505
    000000599113b598 aa0003e190001ca8
    000000599113b5a0 b4000068f941b108
    000000599113b5a8 350000c839420908
    000000599113b5b0 52801048aa0103e0
x20([anon:ld-musl-aarch64.so.1.bss]):
    00000059914ceff0 0000000000000000
    00000059914ceff8 0000000000000000
    00000059914cf000 0000000000000000
    00000059914cf008 0000000000000000
    00000059914cf010 0000000000000000
    00000059914cf018 0000000000000000
    00000059914cf020 0000000000000000
    00000059914cf028 0000000000000000
    00000059914cf030 0000000000000000
    00000059914cf038 0000000000000000
    00000059914cf040 0000000000000000
    00000059914cf048 0000000000000000
    00000059914cf050 0000000000000000
    00000059914cf058 0000000000000000
    00000059914cf060 0000000000000000
    00000059914cf068 0000000000000000
    00000059914cf070 0000000000000000
    00000059914cf078 0000000000000000
    00000059914cf080 0000000000000000
    00000059914cf088 0000000000000000
    00000059914cf090 0000000000000000
    00000059914cf098 0000000000000000
    00000059914cf0a0 0000000000000000
    00000059914cf0a8 0000000000000000
    00000059914cf0b0 0000000000000000
    00000059914cf0b8 0000000000000000
    00000059914cf0c0 0000000000000000
    00000059914cf0c8 0000000000000000
    00000059914cf0d0 0000000000000000
    00000059914cf0d8 0000000000000000
    00000059914cf0e0 0000000000000000
    00000059914cf0e8 0000000000000000
x21:
    0000005ba0800090 d65f03c0910003e0
    0000005ba0800098 d4200000d4200000
    0000005ba08000a0 0000000000002034
    0000005ba08000a8 0000000000000000
    0000005ba08000b0 00000000003fff60
    0000005ba08000b8 0000000000000000
    0000005ba08000c0 0000000000000000
    0000005ba08000c8 0000000000000000
    0000005ba08000d0 0000000000000000
    0000005ba08000d8 0000000000000000
    0000005ba08000e0 0000000000000000
    0000005ba08000e8 0000000000000000
    0000005ba08000f0 0000000000000000
    0000005ba08000f8 0000000000000000
    0000005ba0800100 0000000000000000
    0000005ba0800108 0000000000000000
    0000005ba0800110 0000000000000000
    0000005ba0800118 0000000000000000
    0000005ba0800120 0000000000000000
    0000005ba0800128 0000000000000000
    0000005ba0800130 0000000000000000
    0000005ba0800138 0000000000000000
    0000005ba0800140 0000000000000000
    0000005ba0800148 0000000000000000
    0000005ba0800150 0000000000000000
    0000005ba0800158 0000000000000000
    0000005ba0800160 0000000000000000
    0000005ba0800168 0000000000000000
    0000005ba0800170 0000000000000000
    0000005ba0800178 0000000000000000
    0000005ba0800180 0000000000000000
    0000005ba0800188 0000000000000000
x22([anon:native_heap:jemalloc]):
    0000005a33120410 0000005b9dda46c8
    0000005a33120418 0000005ba040bb71
    0000005a33120420 0000005b9dda2c70
    0000005a33120428 0000005ba0800081
    0000005a33120430 0000005b9de39a7d
    0000005a33120438 0000005b9de39a83
    0000005a33120440 0000005b9de39a8b
    0000005a33120448 0000005b9de39a92
    0000005a33120450 0000005b9de39a9a
    0000005a33120458 0000005b9de39aa2
    0000005a33120460 0000005b9de39aa9
    0000005a33120468 0000005b9de39aaf
    0000005a33120470 0000005b9de39ab9
    0000005a33120478 0000005b9de39ac0
    0000005a33120480 0000005b9de39ac5
    0000005a33120488 0000005b9de39acb
    0000005a33120490 0000005b9de39ad2
    0000005a33120498 0000005b9de39ad9
    0000005a331204a0 0000005b9de39ae0
    0000005a331204a8 0000005b9de39ae7
    0000005a331204b0 0000005b9de39aef
    0000005a331204b8 0000005b9de39af5
    0000005a331204c0 0000005b9de39afc
    0000005a331204c8 0000005b9de39b02
    0000005a331204d0 0000005b9de39b0a
    0000005a331204d8 0000005b9de39b10
    0000005a331204e0 0000005b9de39b16
    0000005a331204e8 0000005b9de39b1c
    0000005a331204f0 0000005b9de39b23
    0000005a331204f8 0000005b9de39b2a
    0000005a33120500 0000005b9de39b33
    0000005a33120508 0000005b9de39b3d
x23:
    0000005ba0800070 0000000000000000
    0000005ba0800078 0000000000000000
    0000005ba0800080 0000000000012234
    0000005ba0800088 d420000000000008
    0000005ba0800090 d65f03c0910003e0
    0000005ba0800098 d4200000d4200000
    0000005ba08000a0 0000000000002034
    0000005ba08000a8 0000000000000000
    0000005ba08000b0 00000000003fff60
    0000005ba08000b8 0000000000000000
    0000005ba08000c0 0000000000000000
    0000005ba08000c8 0000000000000000
    0000005ba08000d0 0000000000000000
    0000005ba08000d8 0000000000000000
    0000005ba08000e0 0000000000000000
    0000005ba08000e8 0000000000000000
    0000005ba08000f0 0000000000000000
    0000005ba08000f8 0000000000000000
    0000005ba0800100 0000000000000000
    0000005ba0800108 0000000000000000
    0000005ba0800110 0000000000000000
    0000005ba0800118 0000000000000000
    0000005ba0800120 0000000000000000
    0000005ba0800128 0000000000000000
    0000005ba0800130 0000000000000000
    0000005ba0800138 0000000000000000
    0000005ba0800140 0000000000000000
    0000005ba0800148 0000000000000000
    0000005ba0800150 0000000000000000
    0000005ba0800158 0000000000000000
    0000005ba0800160 0000000000000000
    0000005ba0800168 0000000000000000
x24:
    0000005a1aea6290 0000000000000000
    0000005a1aea6298 ffffffffffffffff
    0000005a1aea62a0 0000000000000000
    0000005a1aea62a8 0000000000000010
    0000005a1aea62b0 0000005a1aea62c0
    0000005a1aea62b8 0000007e6477b2c0
    0000005a1aea62c0 0000000000000000
    0000005a1aea62c8 0000000000000000
    0000005a1aea62d0 0000000000000000
    0000005a1aea62d8 0000000000000000
    0000005a1aea62e0 0000000000000000
    0000005a1aea62e8 0000000000000000
    0000005a1aea62f0 0000000000000000
    0000005a1aea62f8 0000000000000000
    0000005a1aea6300 0000000000000000
    0000005a1aea6308 0000000000000000
    0000005a1aea6310 0000000000000000
    0000005a1aea6318 0000000000000000
    0000005a1aea6320 0000000000000000
    0000005a1aea6328 0000000000000000
    0000005a1aea6330 0000000000000000
    0000005a1aea6338 0000000000000000
    0000005a1aea6340 d65f03c0910003e0
    0000005a1aea6348 0000000000000000
    0000005a1aea6350 0000000000000000
    0000005a1aea6358 0000000000000000
    0000005a1aea6360 0000000000000000
    0000005a1aea6368 0000000000000000
    0000005a1aea6370 0000000000000000
    0000005a1aea6378 0000000000000000
    0000005a1aea6380 0000000000000000
    0000005a1aea6388 0000000000000000
x25([anon:native_heap:jemalloc]):
    0000005a33120aa0 0000005b9dda9e28
    0000005a33120aa8 0000005ba0408081
    0000005a33120ab0 0000005b9dda2c70
    0000005a33120ab8 0000005ba0800081
    0000005a33120ac0 0000005b9de3a05f
    0000005a33120ac8 0000005b9de3a068
    0000005a33120ad0 0000005b9de3a06e
    0000005a33120ad8 0000005b9de3a075
    0000005a33120ae0 0000005b9de3a07a
    0000005a33120ae8 0000005b9de3a081
    0000005a33120af0 0000005b9de3a08b
    0000005a33120af8 0000005b9de3a093
    0000005a33120b00 0000005b9de3a09b
    0000005a33120b08 0000005b9de3a0a6
    0000005a33120b10 0000005b9de3a0ac
    0000005a33120b18 0000005b9de3a0b4
    0000005a33120b20 0000005b9de3a0c1
    0000005a33120b28 0000005b9de3a0c9
    0000005a33120b30 0000005b9de3a0ce
    0000005a33120b38 0000005b9de3a0d5
    0000005a33120b40 0000005b9de3a0dd
    0000005a33120b48 0000005b9de3a0e2
    0000005a33120b50 0000005b9de3a0e9
    0000005a33120b58 0000005b9de3a0f0
    0000005a33120b60 0000005b9de3a0f6
    0000005a33120b68 0000005b9de3a0fe
    0000005a33120b70 0000005b9de3a106
    0000005a33120b78 0000005b9de3a10e
    0000005a33120b80 0000005b9de3a115
    0000005a33120b88 0000005b9de3a11c
    0000005a33120b90 0000005b9de3a123
    0000005a33120b98 0000005b9de3a12a
x28:
    0000000000fffff0 0000000000000000
    0000000000fffff8 0000000000000000
    0000000001000000 0000000000000000
    0000000001000008 0000000000000000
    0000000001000010 0000000000000000
    0000000001000018 0000000000000000
    0000000001000020 0000000000000000
    0000000001000028 0000000000000000
    0000000001000030 0000000000000000
    0000000001000038 0000000000000000
    0000000001000040 0000000000000000
    0000000001000048 0000000000000000
    0000000001000050 0000000000000000
    0000000001000058 0000000000000000
    0000000001000060 0000000000000000
    0000000001000068 0000000000000000
    0000000001000070 0000000000000000
    0000000001000078 0000000000000000
    0000000001000080 0000000000000000
    0000000001000088 0000000000000000
    0000000001000090 0000000000000000
    0000000001000098 0000000000000000
    00000000010000a0 0000000000000000
    00000000010000a8 0000000000000000
    00000000010000b0 0000000000000000
    00000000010000b8 0000000000000000
    00000000010000c0 0000000000000000
    00000000010000c8 0000000000000000
    00000000010000d0 0000000000000000
    00000000010000d8 0000000000000000
    00000000010000e0 0000000000000000
    00000000010000e8 0000000000000000
fp([stack]):
    0000007e6477a9b0 0000007e6477aa00
    0000007e6477a9b8 0000007e647798d8
    0000007e6477a9c0 0000007e6477aa10
    0000007e6477a9c8 523c00599113b4e8
    0000007e6477a9d0 0000005ba08000a0
    0000007e6477a9d8 0000005b9d78120c
    0000007e6477a9e0 0000000000000005
    0000007e6477a9e8 0000000000000016
    0000007e6477a9f0 0000000000000000
    0000007e6477a9f8 0000005a33120ab0
    0000007e6477aa00 0000005a1aea62a0
    0000007e6477aa08 0000005ba0800080
    0000007e6477aa10 0000007e6477ab20
    0000007e6477aa18 2a19005b9d781214
    0000007e6477aa20 0000000000000016
    0000007e6477aa28 0000000000000016
    0000007e6477aa30 0000000000000000
    0000007e6477aa38 0000000000000000
    0000007e6477aa40 00000000000000b5
    0000007e6477aa48 000000000000000e
    0000007e6477aa50 0000000000000000
    0000007e6477aa58 0000000000000000
    0000007e6477aa60 7f00000000000000
    0000007e6477aa68 0000000000000000
    0000007e6477aa70 0000000000000000
    0000007e6477aa78 009f000000000000
    0000007e6477aa80 ff00000000000000
    0000007e6477aa88 0000000000000000
    0000007e6477aa90 0000000000000000
    0000007e6477aa98 00ff000000000000
    0000007e6477aaa0 8060180680601806
    0000007e6477aaa8 8060180680601806
lr(/system/lib/ld-musl-aarch64.so.1):
    000000599113b4d8 910083fdf9001bf3
    000000599113b4e0 94015417528000c0
    000000599113b4e8 aa1f03f3aa1f03e0
    000000599113b4f0 f0001c20940152e7
    000000599113b4f8 9401c14791196000
    000000599113b500 910003e26f00e400
    000000599113b508 528000c1528010c0
    000000599113b510 94000010ad0003e0
    000000599113b518 d105a108d53bd048
    000000599113b520 9400001db9800100
    000000599113b528 910063a252800408
    000000599113b530 52800021528010e0
    000000599113b538 94000006f9000fa8
    000000599113b540 3900027f52800120
    000000599113b548 52800fe0940153fe
    000000599113b550 90001ca894027270
    000000599113b558 b4000068f941b108
    000000599113b560 3500010838606908
    000000599113b568 aa0103e0aa0003e8
    000000599113b570 aa1f03e2aa0203e1
    000000599113b578 d400000152800103
    000000599113b580 90001ca8d65f03c0
    000000599113b588 52800104aa1f03e3
    000000599113b590 d61f00a0f941b505
    000000599113b598 aa0003e190001ca8
    000000599113b5a0 b4000068f941b108
    000000599113b5a8 350000c839420908
    000000599113b5b0 52801048aa0103e0
    000000599113b5b8 d4000001528000c1
    000000599113b5c0 90001ca8d65f03c0
    000000599113b5c8 528000c252801040
    000000599113b5d0 d61f0060f941b503
sp([stack]):
    0000007e6477a930 7f00000000000000
    0000007e6477a938 0000005a32d18a00
    0000007e6477a940 0000000400001000
    0000007e6477a948 009f000000000000
    0000007e6477a950 ff00000000000000
    0000007e6477a958 0000000000000000
    0000007e6477a960 0000000000000000
    0000007e6477a968 0000000000000000
    0000007e6477a970 0000000000000000
    0000007e6477a978 0000000000000000
    0000007e6477a980 0000000000000000
    0000007e6477a988 0000000000000001
    0000007e6477a990 0000000000000001
    0000007e6477a998 0000005b9de2f2b8
    0000007e6477a9a0 0000007e64782000
    0000007e6477a9a8 0000005b9d8e2ea0
    0000007e6477a9b0 0000007e6477aa00
    0000007e6477a9b8 0000007e647798d8
    0000007e6477a9c0 0000007e6477aa10
    0000007e6477a9c8 523c00599113b4e8
    0000007e6477a9d0 0000005ba08000a0
    0000007e6477a9d8 0000005b9d78120c
    0000007e6477a9e0 0000000000000005
    0000007e6477a9e8 0000000000000016
    0000007e6477a9f0 0000000000000000
    0000007e6477a9f8 0000005a33120ab0
    0000007e6477aa00 0000005a1aea62a0
    0000007e6477aa08 0000005ba0800080
    0000007e6477aa10 0000007e6477ab20
    0000007e6477aa18 2a19005b9d781214
    0000007e6477aa20 0000000000000016
    0000007e6477aa28 0000000000000016
pc(/system/lib/ld-musl-aarch64.so.1):
    0000005991190608 aa1f03e2528010e8
    0000005991190610 d400000152800103
    0000005991190618 a94a4ff42a1303e0
    0000005991190620 f9404bf5a9487bfd
    0000005991190628 d50323ff9102c3ff
    0000005991190630 4b0103f5d65f03c0
    0000005991190638 9280000197feab41
    0000005991190640 17ffffdbb9000015
    0000005991190648 97feab3c4b1303f5
    0000005991190650 b900001592800013
    0000005991190658 b5fffce8f941b288
    0000005991190660 f00019e817ffffe8
    0000005991190668 9138a042d0fff542
    0000005991190670 528010e0910003e3
    0000005991190678 f941b508aa1f03e1
    0000005991190680 d63f010052800104
    0000005991190688 b5fff848f941b288
    0000005991190690 f00019e817ffffc3
    0000005991190698 f941b50852801580
    00000059911906a0 17ffffc0d63f0100
    00000059911906a8 52801060f00019e8
    00000059911906b0 d63f0100f941b508
    00000059911906b8 f00019e817ffffcb
    00000059911906c0 528010e0910003e2
    00000059911906c8 aa1f03e352800041
    00000059911906d0 f941b50852800104
    00000059911906d8 17ffffcfd63f0100
    00000059911906e0 a9be7bfdd503237f
    00000059911906e8 910003fdf9000bf3
    00000059911906f0 aa0203e3f00019e8
    00000059911906f8 93407c01aa0103e2
    0000005991190700 b4000068f941b108
FaultStack:
    0000007e6477a840 0000005b9ddb4908
    0000007e6477a848 0000000000000000
    0000007e6477a850 0000000000000000
    0000007e6477a858 0000000000000000
    0000007e6477a860 0000005a32d18a00
    0000007e6477a868 0000000000000000
    0000007e6477a870 0000000000000000
    0000007e6477a878 0000000000000000
    0000007e6477a880 0000005b9ddb48b0
    0000007e6477a888 0000000000000000
    0000007e6477a890 0000000000000000
    0000007e6477a898 0000000000000000
    0000007e6477a8a0 0000005a32d18a00
    0000007e6477a8a8 0000005a32d18a00
    0000007e6477a8b0 0000000000000000
    0000007e6477a8b8 0000005a32d18a00
    0000007e6477a8c0 0000000000000031
    0000007e6477a8c8 7f7f7f7f7f7f7f7f
    0000007e6477a8d0 0000007e6477a9d0
    0000007e6477a8d8 0000005b9d8e3284
    0000007e6477a8e0 00000000000057d3
    0000007e6477a8e8 0000005a32e3d560
    0000007e6477a8f0 0000005a32e3d4d0
    0000007e6477a8f8 0000005a32e44800
    0000007e6477a900 0000005a32e44000
    0000007e6477a908 0000005a330ac660
    0000007e6477a910 0000005a32f96be0
    0000007e6477a918 0000007e6477aa00
    0000007e6477a920 0000007e647798d8
    0000007e6477a928 0000005a32d18a00
    0000007e6477a930 7f00000000000000
    0000007e6477a938 0000005a32d18a00
sp0:0000007e6477a940 0000000400001000
    0000007e6477a948 009f000000000000
    0000007e6477a950 ff00000000000000
    0000007e6477a958 0000000000000000
    0000007e6477a960 0000000000000000
    0000007e6477a968 0000000000000000
    0000007e6477a970 0000000000000000
    0000007e6477a978 0000000000000000
    0000007e6477a980 0000000000000000
    0000007e6477a988 0000000000000001
    0000007e6477a990 0000000000000001
    0000007e6477a998 0000005b9de2f2b8
    0000007e6477a9a0 0000007e64782000
    0000007e6477a9a8 0000005b9d8e2ea0
    0000007e6477a9b0 0000007e6477aa00
    0000007e6477a9b8 0000007e647798d8
    0000007e6477a9c0 0000007e6477aa10
    0000007e6477a9c8 523c00599113b4e8
    0000007e6477a9d0 0000005ba08000a0
    0000007e6477a9d8 0000005b9d78120c
    0000007e6477a9e0 0000000000000005
    0000007e6477a9e8 0000000000000016
sp1:0000007e6477a9f0 0000000000000000
    0000007e6477a9f8 0000005a33120ab0
    0000007e6477aa00 0000005a1aea62a0
    0000007e6477aa08 0000005ba0800080
    0000007e6477aa10 0000007e6477ab20
    0000007e6477aa18 2a19005b9d781214
    0000007e6477aa20 0000000000000016
    0000007e6477aa28 0000000000000016
sp2:0000007e6477aa30 0000000000000000
    0000007e6477aa38 0000000000000000
    0000007e6477aa40 00000000000000b5
    0000007e6477aa48 000000000000000e
    0000007e6477aa50 0000000000000000
    0000007e6477aa58 0000000000000000
    0000007e6477aa60 7f00000000000000
    0000007e6477aa68 0000000000000000
    0000007e6477aa70 0000000000000000
    0000007e6477aa78 009f000000000000
    0000007e6477aa80 ff00000000000000
    0000007e6477aa88 0000000000000000
    0000007e6477aa90 0000000000000000
    0000007e6477aa98 00ff000000000000
    0000007e6477aaa0 8060180680601806
    0000007e6477aaa8 8060180680601806
    0000007e6477aab0 0000000000000016
    0000007e6477aab8 0000007e6477ab40
    0000007e6477aac0 0000005991011ceb
    0000007e6477aac8 0000007e6477ab51
    0000007e6477aad0 2064696c61766e49
    0000007e6477aad8 746e656d75677261
    0000007e6477aae0 0000007e6477ab30
    0000007e6477aae8 0000007e6477aae0
    0000007e6477aaf0 0000007e6477aab0
    0000007e6477aaf8 ffffff80ffffffd0
    0000007e6477ab00 0000007e6477ab30
    0000007e6477ab08 0000007e6477aae0
    0000007e6477ab10 0000007e6477aab0
    0000007e6477ab18 ffffff80ffffffd0
sp3:0000007e6477ab20 0000007e6477af40
    0000007e6477ab28 0000005b9d97e940
    0000007e6477ab30 0000005b9a7346b3
    0000007e6477ab38 009f00000000025d
    0000007e6477ab40 2064696c61766e49
    0000007e6477ab48 746e656d75677261
    0000007e6477ab50 0000000000000000
    0000007e6477ab58 00ff000000000000
    0000007e6477ab60 8060180680601806
    0000007e6477ab68 8060180680601806
    0000007e6477ab70 0000005991612ec8
    0000007e6477ab78 0000000000000000
    0000007e6477ab80 0000000000000001
    0000007e6477ab88 0000000000000022
    0000007e6477ab90 ffffffffffffffff
    0000007e6477ab98 0000000000000000
    0000007e6477aba0 0000000000000000
    0000007e6477aba8 0000dbf129f79ef1
    0000007e6477abb0 0000007e6477abf0
    0000007e6477abb8 0000007e6477abb0
    0000007e6477abc0 0000007e6477ab70
    0000007e6477abc8 ffffff80ffffffe8
    0000007e6477abd0 0000007e6477acd0
    0000007e6477abd8 397f0059911cb4d4
    0000007e6477abe0 00000000006a6974
    0000007e6477abe8 0000000000000000
    0000007e6477abf0 0000000000000000
    0000007e6477abf8 0000000000000000
    0000007e6477ac00 00000000000000b5
    0000007e6477ac08 000000000000000e
    0000007e6477ac10 0000000000000000
    0000007e6477ac18 0000000000000000
    0000007e6477ac20 7f00000000000000
    0000007e6477ac28 0000000000000000
    0000007e6477ac30 0000000000000000
    0000007e6477ac38 009f000000000000
    0000007e6477ac40 ff00000000000000
    0000007e6477ac48 0000000000000000
    0000007e6477ac50 0000007e6477acc0
    0000007e6477ac58 dd200059911cab78
    0000007e6477ac60 0000000001000000
    0000007e6477ac68 0000007e6477ae00
    0000007e6477ac70 0000005a32d10f28
    0000007e6477ac78 0000000000000004
    0000007e6477ac80 0000005a32d10f20
    0000007e6477ac88 0000000000000003
    0000007e6477ac90 00000000007ff000
    0000007e6477ac98 0000000000000000
    0000007e6477aca0 0000000000000000
    0000007e6477aca8 0000000000000030
    0000007e6477acb0 0000007e6477ad20
    0000007e6477acb8 0000007e6477acb0
    0000007e6477acc0 0000007e6477ad10
    0000007e6477acc8 3452005b9be6da98
    0000007e6477acd0 0000007e6477ad20
    0000007e6477acd8 7503005b9d97e4e0
    0000007e6477ace0 0000005a32d10f28
    0000007e6477ace8 0000000000000004
    0000007e6477acf0 0000005a32d10f20
    0000007e6477acf8 0000000000000003
    0000007e6477ad00 00000000007ff000
    0000007e6477ad08 0000005a33147b30
    0000007e6477ad10 0000005ba0800000
    0000007e6477ad18 0000000000400000
    0000007e6477ad20 0000007e6477ad60
    0000007e6477ad28 0000005b9d99baf8
    0000007e6477ad30 0000000000000001
    0000007e6477ad38 0000000000000001
    0000007e6477ad40 0000000000000000
    0000007e6477ad48 0000005b9a849ffd
    0000007e6477ad50 0000007e6477adb0
    0000007e6477ad58 8b03005b9d99c8b0
    0000007e6477ad60 0000005a32d10f28
    0000007e6477ad68 0000000000000004
    0000007e6477ad70 0000005a32d10f20
    0000007e6477ad78 0000000000000001
    0000007e6477ad80 0000000000000000
    0000007e6477ad88 0000005ba0800000
    0000007e6477ad90 0000005a32d10e80
    0000007e6477ad98 0000005a32d10ea0
    0000007e6477ada0 0000007e6477ae10
    0000007e6477ada8 2055005b9d99cf0c
    0000007e6477adb0 0000005a32d10f28
    0000007e6477adb8 0000000000000004
    0000007e6477adc0 0000000000000000
    0000007e6477adc8 0000005a32d10e80
    0000007e6477add0 0000005ba0800080
    0000007e6477add8 0000000000000020
    0000007e6477ade0 0000000000000000
    0000007e6477ade8 0000005a32d17c08
    0000007e6477adf0 0000000000000020
    0000007e6477adf8 0000000000100000
    0000007e6477ae00 0000000000001778
    0000007e6477ae08 0000000000000000
    0000007e6477ae10 0000007e6477ae90
    0000007e6477ae18 0000005b9d993538
    0000007e6477ae20 000101010000000c
    0000007e6477ae28 0000000000000000
    0000007e6477ae30 0000005b9de2e518
    0000007e6477ae38 0000005a33120ab0
    0000007e6477ae40 0000007e6477b028
    0000007e6477ae48 0000005a32d10e80
    0000007e6477ae50 0000000000000000
    0000007e6477ae58 0000005a32d10c00
    0000007e6477ae60 0000005a32d18a00
    0000007e6477ae68 0000000000000020
    0000007e6477ae70 0000007e6477aee0
    0000007e6477ae78 da7e0059911cab78
    0000007e6477ae80 0000000001000000
    0000007e6477ae88 000101010000000c
    0000007e6477ae90 0000007e6477af10
    0000007e6477ae98 0000005b9d859b24
    0000007e6477aea0 0000000001000000
    0000007e6477aea8 000101010000000c
    0000007e6477aeb0 0000000000000000
    0000007e6477aeb8 0000005a33120ab0
    0000007e6477aec0 0000007e6477b028
    0000007e6477aec8 0000005a32d10c00
    0000007e6477aed0 0000000000000020
    0000007e6477aed8 0000000000000002
    0000007e6477aee0 0000005a32d18a00
    0000007e6477aee8 0000000000000012
    0000007e6477aef0 0000005a33120a80
    0000007e6477aef8 0000005a32d18a00
    0000007e6477af00 0000005ba040bb71
    0000007e6477af08 0000007e6477b2c0
    0000007e6477af10 0000005b9d8abb4c
    0000007e6477af18 0000005b9d88bbc0

Maps:
40000-80000 rw-p 00000000 [anon:ark-Object Space]
80000-c0000 rw-p 00000000 [anon:ark-Non Movable Space]
c0000-100000 rw-p 00000000 [anon:ark-Object Space]
100000-20040000 rw-p 00000000 
1400000000-142fc00000 ---p 00000000 [anon:ArkTS Heap]
142fc00000-142fc40000 rw-p 00000000 [anon:ArkTS Heapread only space]
142fc40000-142fc80000 rw-p 00000000 [anon:ArkTS Heapnon movable space]
142fc80000-142fcc0000 rw-p 00000000 [anon:ArkTS Heapnon movable space]
142fcc0000-142fd00000 rw-p 00000000 [anon:ArkTS Heapnon movable space]
142fd00000-142fd40000 rw-p 00000000 [anon:ArkTS Heapnon movable space]
142fd40000-142fd80000 rw-p 00000000 [anon:ArkTS Heapnon movable space]
142fd80000-142fdc0000 rw-p 00000000 [anon:ArkTS Heapnon movable space]
142fdc0000-142fe00000 rw-p 00000000 [anon:ArkTS Heapnon movable space]
142fe00000-142fe40000 rw-p 00000000 [anon:ArkTS Heapnon movable space]
142fe40000-142fe80000 rw-p 00000000 [anon:ArkTS Heapnon movable space]
142fe80000-142fec0000 rw-p 00000000 [anon:ArkTS Heapnon movable space]
142fec0000-142ff00000 rw-p 00000000 [anon:ArkTS Heapnon movable space]
142ff00000-142ff40000 r--p 00000000 [anon:ArkTS Heapread only space]
142ff40000-142ff80000 rw-p 00000000 [anon:ArkTS Heapshared non movable space]
142ff80000-142ffc0000 rw-p 00000000 [anon:ArkTS Heapshared read only space]
142ffc0000-1430000000 rw-p 00000000 [anon:ArkTS Heapnon movable space]
1e80000000-1ea0000000 ---p 00000000 [anon:ArkTS Heap]
29a0000000-29beec0000 ---p 00000000 [anon:ArkTS Heap]
29beec0000-29bef00000 rw-p 00000000 [anon:ArkTS Heapappspawn space]
29bef00000-29bef40000 rw-p 00000000 [anon:ArkTS Heapappspawn space]
29bef40000-29bef80000 rw-p 00000000 [anon:ArkTS Heapappspawn space]
29bef80000-29befc0000 rw-p 00000000 [anon:ArkTS Heapappspawn space]
29befc0000-29bf000000 rw-p 00000000 [anon:ArkTS Heapappspawn space]
29bf000000-29bf040000 rw-p 00000000 [anon:ArkTS Heapappspawn space]
29bf040000-29bf080000 rw-p 00000000 [anon:ArkTS Heapappspawn space]
29bf080000-29bf0c0000 rw-p 00000000 [anon:ArkTS Heapappspawn space]
29bf0c0000-29bf100000 rw-p 00000000 [anon:ArkTS Heapappspawn space]
29bf100000-29bf140000 rw-p 00000000 [anon:ArkTS Heapappspawn space]
29bf140000-29bf180000 rw-p 00000000 [anon:ArkTS Heapappspawn space]
29bf180000-29bf1c0000 rw-p 00000000 [anon:ArkTS Heapappspawn space]
29bf1c0000-29bf200000 rw-p 00000000 [anon:ArkTS Heapappspawn space]
29bf200000-29bf240000 rw-p 00000000 [anon:ArkTS Heapappspawn space]
29bf240000-29bf280000 rw-p 00000000 [anon:ArkTS Heapappspawn space]
29bf280000-29bf2c0000 rw-p 00000000 [anon:ArkTS Heapappspawn space]
29bf2c0000-29bf300000 rw-p 00000000 [anon:ArkTS Heapappspawn space]
29bf300000-29bf340000 rw-p 00000000 [anon:ArkTS Heapappspawn space]
29bf340000-29bf380000 rw-p 00000000 [anon:ArkTS Heapappspawn space]
29bf380000-29bf3c0000 rw-p 00000000 [anon:ArkTS Heapappspawn space]
29bf3c0000-29bf400000 rw-p 00000000 [anon:ArkTS Heapappspawn space]
29bf400000-29bf440000 rw-p 00000000 [anon:ArkTS Heapappspawn space]
29bf440000-29bf480000 rw-p 00000000 [anon:ArkTS Heapappspawn space]
29bf480000-29bf4c0000 rw-p 00000000 [anon:ArkTS Heapsemi space]
29bf4c0000-29bf500000 rw-p 00000000 [anon:ArkTS Heap]
29bf500000-29bf540000 rw-p 00000000 [anon:ArkTS Heapshared old space]
29bf540000-29bf580000 rw-p 00000000 [anon:ArkTS Heapsemi space]
29bf580000-29bf5c0000 rw-p 00000000 [anon:ArkTS Heapsemi space]
29bf5c0000-29bf600000 rw-p 00000000 [anon:ArkTS Heapshared old space]
29bf600000-29bf640000 rw-p 00000000 [anon:ArkTS Heapsemi space]
29bf640000-29bf680000 rw-p 00000000 [anon:ArkTS Heapsemi space]
29bf680000-29bf6c0000 rw-p 00000000 [anon:ArkTS Heapsemi space]
29bf6c0000-29bf700000 rw-p 00000000 [anon:ArkTS Heap]
29bf700000-29bf740000 rw-p 00000000 [anon:ArkTS Heapsemi space]
29bf740000-29bf780000 rw-p 00000000 [anon:ArkTS Heapshared appspawn space]
29bf780000-29bf7c0000 ---p 00000000 [anon:ArkTS Heap]
29bf7c0000-29bf800000 ---p 00000000 [anon:ArkTS Heap]
29bf800000-29bf840000 ---p 00000000 [anon:ArkTS Heap]
29bf840000-29bf880000 rw-p 00000000 [anon:ArkTS Heapsemi space]
29bf880000-29bf8c0000 rw-p 00000000 [anon:ArkTS Heapshared appspawn space]
29bf8c0000-29bf900000 ---p 00000000 [anon:ArkTS Heap]
29bf900000-29bf940000 ---p 00000000 [anon:ArkTS Heap]
29bf940000-29bf980000 ---p 00000000 [anon:ArkTS Heap]
29bf980000-29bf9c0000 ---p 00000000 [anon:ArkTS Heap]
29bf9c0000-29bfa00000 ---p 00000000 [anon:ArkTS Heap]
29bfa00000-29bfa40000 rw-p 00000000 [anon:ArkTS Heapshared appspawn space]
29bfa40000-29bfa80000 ---p 00000000 [anon:ArkTS Heap]
29bfa80000-29bfac0000 rw-p 00000000 [anon:ArkTS Heapshared appspawn space]
29bfac0000-29bfb00000 ---p 00000000 [anon:ArkTS Heap]
29bfb00000-29bfb40000 ---p 00000000 [anon:ArkTS Heap]
29bfb40000-29bfb80000 ---p 00000000 [anon:ArkTS Heap]
29bfb80000-29bfbc0000 rw-p 00000000 [anon:ArkTS Heapsemi space]
29bfbc0000-29bfc00000 ---p 00000000 [anon:ArkTS Heap]
29bfc00000-29bfc40000 ---p 00000000 [anon:ArkTS Heap]
29bfc40000-29bfc80000 ---p 00000000 [anon:ArkTS Heap]
29bfc80000-29bfcc0000 rw-p 00000000 [anon:ArkTS Heapshared old space]
29bfcc0000-29bfd00000 rw-p 00000000 [anon:ArkTS Heapsemi space]
29bfd00000-29bfd40000 rw-p 00000000 [anon:ArkTS Heapshared appspawn space]
29bfd40000-29bfd80000 rw-p 00000000 [anon:ArkTS Heapshared appspawn space]
29bfd80000-29bfdc0000 ---p 00000000 [anon:ArkTS Heap]
29bfdc0000-29bfe00000 rw-p 00000000 [anon:ArkTS Heapshared appspawn space]
29bfe00000-29bfe40000 ---p 00000000 [anon:ArkTS Heap]
29bfe40000-29bfe80000 rw-p 00000000 [anon:ArkTS Heapshared appspawn space]
29bfe80000-29bfec0000 rw-p 00000000 [anon:ArkTS Heapsemi space]
29bfec0000-29bff00000 rw-p 00000000 [anon:ArkTS Heapsemi space]
29bff00000-29bff40000 rw-p 00000000 [anon:ArkTS Heapshared appspawn space]
29bff40000-29bff80000 rw-p 00000000 [anon:ArkTS Heapsemi space]
29bff80000-29bffc0000 rw-p 00000000 [anon:ArkTS Heapshared appspawn space]
29bffc0000-29c0000000 ---p 00000000 [anon:ArkTS Heap]
4000000000-4000001000 ---p 00000000 [anon:partition_alloc]
4000001000-4000002000 rw-p 00000000 [anon:partition_alloc]
4000002000-4000004000 ---p 00000000 [anon:partition_alloc]
4000004000-4000094000 rw-p 00000000 [anon:partition_alloc]
4000094000-4800000000 ---p 00000000 [anon:partition_alloc]
55db255000-55db260000 r--p 00000000 /system/bin/appspawn
55db260000-55db272000 r-xp 0000a000 /system/bin/appspawn
55db272000-55db274000 r--p 0001b000 /system/bin/appspawn
55db274000-55db275000 rw-p 0001c000 /system/bin/appspawn
58acc13000-58acc14000 ---p 00000000 
58acc14000-58acc1c000 rw-p 00000000 [anon:native_heap:meta]
5990fd2000-599106c000 r--p 00000000 /system/lib/ld-musl-aarch64.so.1
599106c000-59911d8000 r-xp 00099000 /system/lib/ld-musl-aarch64.so.1
59911d8000-59911e0000 r--p 00204000 /system/lib/ld-musl-aarch64.so.1
59911e0000-59911e5000 rw-p 0020b000 /system/lib/ld-musl-aarch64.so.1
59911e5000-59914d1000 rw-p 00000000 [anon:ld-musl-aarch64.so.1.bss]
59914d1000-59914d2000 rw-p 00000000 
59914d2000-59914d3000 r--p 00000000 [kshare]
59914d3000-59914d6000 r-xs 00000000 [shmm]
59914d6000-59914d7000 rw-p 00000000 [anon:native_heap:brk]
59914d7000-59914eb000 r--s 00000000 /dev/__parameters__/param_selinux
59914eb000-59914ec000 r--s 00000000 /dev/__parameters__/u:object_r:musl_param:s0
59914ec000-59914ed000 r--s 00000000 /dev/__parameters__/u:object_r:i18n_param_tz_override:s0
59914ed000-59914ee000 r--s 00000000 /dev/__parameters__/u:object_r:time_param:s0
59914ee000-59914ef000 r--s 00000000 /dev/__parameters__/u:object_r:hitrace_param:s0
59914ef000-59914f1000 rw-p 00000000 [anon:native_heap:brk]
59914f1000-59914f2000 r--s 00000000 /dev/__parameters__/u:object_r:versiontype_param:s0
59914f2000-59914f3000 r--s 00000000 /dev/__parameters__/u:object_r:hook_param:s0
59914f3000-5991513000 r--s 00000000 /dev/__parameters__/u:object_r:develop_private_param:s0
5991513000-599151d000 r--s 00000000 /dev/__parameters__/u:object_r:hilog_param:s0
599151d000-5991523000 rw-p 00000000 [anon:native_heap:brk]
5991523000-5991525000 rw-s 00000000 [io]
5991525000-599152d000 rw-s 00000000 [io]
599152d000-599152e000 rw-s 00000000 [io]
599152e000-5991530000 rw-p 00000000 [anon:native_heap:brk]
5991530000-5991532000 ---p 00000000 
5991532000-5991539000 rw-p 00000000 [anon:signal_stack:625]
5991539000-5991541000 rw-p 00000000 [anon:native_heap:brk]
5991541000-5991542000 r--s 00000000 /dev/__parameters__/u:object_r:hilog_private_param:s0
5991542000-5991543000 rw-p 00000000 [anon:native_heap:brk]
5991543000-5991556000 rw-p 00000000 [anon:native_heap:brk]
5991556000-599155f000 rw-p 00000000 [anon:native_heap:brk]
599155f000-5991560000 r--s 00000000 /dev/__parameters__/u:object_r:const_i18n_param:s0
5991560000-5991561000 r--s 00000000 /dev/__parameters__/u:object_r:debug_param:s0
5991561000-5991562000 r--s 00000000 /dev/__parameters__/u:object_r:arkcompiler_param:s0
5991562000-5991563000 r--s 00000000 /dev/__parameters__/u:object_r:devinfo_type_param:s0
5991563000-5991564000 rw-p 00000000 [anon:native_heap:brk]
5991564000-5991565000 r--s 00000000 /dev/__parameters__/u:object_r:ark_writeable_param:s0
5991565000-5991567000 rw-p 00000000 [anon:native_heap:brk]
5991567000-5991570000 rw-p 00000000 [anon:native_heap:brk]
5991570000-5991571000 r--s 00000000 /dev/__parameters__/u:object_r:arkui_param:s0
5991571000-5991575000 rw-p 00000000 [anon:native_heap:brk]
5991575000-5991578000 rw-p 00000000 [anon:native_heap:brk]
5991578000-599158c000 rw-p 00000000 [anon:native_heap:brk]
599158c000-599158d000 r--s 00000000 /dev/__parameters__/u:object_r:hichecker_writable_param:s0
599158d000-5991596000 rw-p 00000000 [anon:native_heap:brk]
5991596000-599159a000 rw-p 00000000 [anon:native_heap:brk]
599159a000-599159c000 rw-p 00000000 [anon:native_heap:brk]
599159c000-59915b2000 rw-p 00000000 [anon:native_heap:brk]
59915b2000-59915b3000 rw-p 00000000 [anon:native_heap:brk]
59915b3000-59915f9000 r--s 00000000 /system/etc/zoneinfo/tzdata
59915f9000-59915fa000 r--s 00000000 /dev/__parameters__/u:object_r:web_private_param:s0
59915fa000-5991600000 rw-p 00000000 [anon:native_heap:brk]
5991600000-5991601000 ---p 00000000 [anon:native_heap:jemalloc meta]
5991601000-5991800000 rw-p 00000000 [anon:native_heap:jemalloc meta]
5991800000-5991801000 ---p 00000000 [anon:native_heap:jemalloc meta]
5991801000-5991a01000 rw-p 00000000 [anon:native_heap:jemalloc]
5991a01000-5991a3f000 rw-p 00000000 [anon:native_heap:brk]
5991a3f000-5991a40000 rw-p 00000000 [anon:ArkTS Code:/system/etc/abc/global/resmgr.abc]
5991a40000-5991a58000 r--p 00000000 /system/lib64/chipset-sdk-sp/libutils.z.so
5991a58000-5991a7b000 r-xp 00017000 /system/lib64/chipset-sdk-sp/libutils.z.so
5991a7b000-5991a7d000 r--p 00039000 /system/lib64/chipset-sdk-sp/libutils.z.so
5991a7d000-5991a7e000 rw-p 0003a000 /system/lib64/chipset-sdk-sp/libutils.z.so
5991a7e000-5991a80000 rw-p 00000000 [anon:native_heap:brk]
5991a80000-5991a82000 r--p 00000000 /system/lib64/platformsdk/libhilog.so
5991a82000-5991a85000 r-xp 00001000 /system/lib64/platformsdk/libhilog.so
5991a85000-5991a86000 r--p 00003000 /system/lib64/platformsdk/libhilog.so
5991a86000-5991a87000 rw-p 00003000 /system/lib64/platformsdk/libhilog.so
5991a87000-5991abf000 rw-p 00000000 [anon:native_heap:brk]
5991abf000-5991ac0000 rw-p 00000000 [anon:ArkTS Code:387282046991]
5991ac0000-5991ac1000 r--p 00000000 /system/lib64/chipset-sdk-sp/libconfigpolicy_util.z.so
5991ac1000-5991ac3000 r-xp 00000000 /system/lib64/chipset-sdk-sp/libconfigpolicy_util.z.so
5991ac3000-5991ac5000 r--p 00001000 /system/lib64/chipset-sdk-sp/libconfigpolicy_util.z.so
5991ac5000-5991ac6000 rw-p 00002000 /system/lib64/chipset-sdk-sp/libconfigpolicy_util.z.so
5991ac6000-5991af7000 rw-p 00000000 [anon:native_heap:brk]
5991af7000-5991afd000 rw-p 00000000 [anon:native_heap:brk]
5991afd000-5991b00000 rw-p 00000000 [anon:native_heap:brk]
5991b00000-5991b0b000 r--p 00000000 /system/lib64/chipset-sdk-sp/libbegetutil.z.so
5991b0b000-5991b25000 r-xp 0000a000 /system/lib64/chipset-sdk-sp/libbegetutil.z.so
5991b25000-5991b26000 r--p 00023000 /system/lib64/chipset-sdk-sp/libbegetutil.z.so
5991b26000-5991b27000 rw-p 00023000 /system/lib64/chipset-sdk-sp/libbegetutil.z.so
5991b27000-5991b28000 rw-p 00000000 [anon:libbegetutil.z.so.bss]
5991b28000-5991b2c000 rw-p 00000000 [anon:native_heap:brk]
5991b2c000-5991b2e000 rw-p 00000000 [anon:ArkTS Code:387282047931]
5991b2e000-5991b2f000 rw-p 00000000 [anon:native_heap:brk]
5991b2f000-5991b3c000 rw-p 00000000 [anon:native_heap:brk]
5991b3c000-5991b3f000 rw-p 00000000 [anon:native_heap:brk]
5991b3f000-5991b40000 rw-p 00000000 [anon:ArkTS Code:/system/lib64/module/app/ability/libabilitystage.z.so_15392_1]
5991b40000-5991b43000 r--p 00000000 /system/lib64/chipset-sdk-sp/libsec_shared.z.so
5991b43000-5991b50000 r-xp 00002000 /system/lib64/chipset-sdk-sp/libsec_shared.z.so
5991b50000-5991b51000 r--p 0000e000 /system/lib64/chipset-sdk-sp/libsec_shared.z.so
5991b51000-5991b52000 rw-p 0000e000 /system/lib64/chipset-sdk-sp/libsec_shared.z.so
5991b52000-5991b6b000 rw-p 00000000 [anon:native_heap:brk]
5991b6b000-5991b78000 rw-p 00000000 [anon:native_heap:brk]
5991b78000-5991b79000 r--p 00000000 /system/framework/base_sdk.abc
5991b79000-5991b7d000 rw-p 00000000 [anon:native_heap:brk]
5991b7d000-5991b80000 rw-p 00000000 [anon:ArkTS Code:/system/etc/abc/arkui/components/arkrating.abc]
5991b80000-5991b83000 r--p 00000000 /system/lib64/chipset-sdk-sp/libhitracechain.so
5991b83000-5991b88000 r-xp 00002000 /system/lib64/chipset-sdk-sp/libhitracechain.so
5991b88000-5991b89000 r--p 00006000 /system/lib64/chipset-sdk-sp/libhitracechain.so
5991b89000-5991b8a000 rw-p 00006000 /system/lib64/chipset-sdk-sp/libhitracechain.so
5991b8a000-5991bfe000 rw-p 00000000 [anon:native_heap:brk]
5991bfe000-5991c00000 rw-p 00000000 [anon:ArkTS Code:/system/etc/abc/arkui/components/arkcolumnsplit.abc]
5991c00000-5991c01000 ---p 00000000 [anon:native_heap:jemalloc meta]
5991c01000-5992000000 rw-p 00000000 [anon:native_heap:jemalloc meta]
5992000000-5992001000 ---p 00000000 [anon:native_heap:jemalloc meta]
5992001000-5992201000 r--s 00000000 /dev/__parameters__/param_sec_dac
5992201000-5992401000 r--s 00000000 /dev/__parameters__/u:object_r:devinfo_public_param:s0
5992401000-599243d000 rw-p 00000000 [anon:native_heap:brk]
599243d000-5992440000 rw-p 00000000 [anon:ArkTS Code:/system/etc/abc/arkui/components/arkgauge.abc]
5992440000-5992442000 r--p 00000000 /system/lib64/chipset-sdk-sp/libclang_rt.ubsan_minimal.so
5992442000-5992444000 r-xp 00001000 /system/lib64/chipset-sdk-sp/libclang_rt.ubsan_minimal.so
5992444000-5992445000 r--p 00002000 /system/lib64/chipset-sdk-sp/libclang_rt.ubsan_minimal.so
5992445000-5992446000 rw-p 00002000 /system/lib64/chipset-sdk-sp/libclang_rt.ubsan_minimal.so
5992446000-5992448000 rw-p 00000000 [anon:ArkTS Code:/system/etc/abc/arkui/components/arkrowsplit.abc]
5992448000-5992449000 r--p 00000000 /system/framework/resource.abc
5992449000-599247f000 rw-p 00000000 [anon:native_heap:brk]
599247f000-5992480000 r--p 00000000 /system/framework/@hms.hds.hdsPhysics2d.abc
5992480000-5992481000 r--p 00000000 /vendor/lib64/passthrough/libhispeed_libcopt.so
5992481000-5992482000 r-xp 00000000 /vendor/lib64/passthrough/libhispeed_libcopt.so
5992482000-5992483000 r--p 00000000 /vendor/lib64/passthrough/libhispeed_libcopt.so
5992483000-5992484000 rw-p 00000000 /vendor/lib64/passthrough/libhispeed_libcopt.so
5992484000-59924a0000 rw-p 00000000 [anon:native_heap:brk]
59924a0000-59924a1000 r--p 00000000 /system/framework/@hms.hds.symbolRegister.abc
59924a1000-59924a9000 rw-p 00000000 [anon:native_heap:brk]
59924a9000-59924ab000 rw-p 00000000 [anon:ArkTS Code:/system/etc/abc/arkui/components/arkfolderstack.abc]
59924ab000-59924ac000 r--p 00000000 /system/framework/Permission_Request_Result.abc
59924ac000-59924b8000 rw-p 00000000 [anon:native_heap:brk]
59924b8000-59924b9000 r--p 00000000 /system/framework/ability_ability_abc.abc
59924b9000-59924c0000 rw-p 00000000 [anon:native_heap:brk]
59924c0000-59924c3000 r--p 00000000 /system/lib64/chipset-sdk-sp/libcjson.z.so
59924c3000-59924c9000 r-xp 00002000 /system/lib64/chipset-sdk-sp/libcjson.z.so
59924c9000-59924ca000 r--p 00007000 /system/lib64/chipset-sdk-sp/libcjson.z.so
59924ca000-59924cb000 rw-p 00007000 /system/lib64/chipset-sdk-sp/libcjson.z.so
59924cb000-59924ff000 rw-p 00000000 [anon:native_heap:brk]
59924ff000-5992500000 r--p 00000000 /system/framework/ability_delegator_application_testRunner_abc.abc
5992500000-5992506000 r--p 00000000 /system/lib64/chipset-sdk-sp/libhisysevent.z.so
5992506000-5992517000 r-xp 00005000 /system/lib64/chipset-sdk-sp/libhisysevent.z.so
5992517000-5992519000 r--p 00015000 /system/lib64/chipset-sdk-sp/libhisysevent.z.so
5992519000-599251b000 rw-p 00016000 /system/lib64/chipset-sdk-sp/libhisysevent.z.so
599251b000-599253f000 rw-p 00000000 [anon:native_heap:brk]
599253f000-5992540000 r--p 00000000 /system/framework/ability_delegator_args_abc.abc
5992540000-59925d3000 r--p 00000000 /system/lib64/chipset-sdk-sp/libc++.so
59925d3000-599266d000 r-xp 00092000 /system/lib64/chipset-sdk-sp/libc++.so
599266d000-5992677000 r--p 0012b000 /system/lib64/chipset-sdk-sp/libc++.so
5992677000-5992678000 rw-p 00134000 /system/lib64/chipset-sdk-sp/libc++.so
5992678000-599267f000 rw-p 00000000 [anon:libc++.so.bss]
599267f000-5992680000 r--p 00000000 /system/framework/ability_delegator_registry_abc.abc
5992680000-5992685000 r--p 00000000 /system/lib64/chipset-sdk-sp/libsystemparam.z.so
5992685000-5992686000 r--p 00005000 /system/lib64/chipset-sdk-sp/libsystemparam.z.so
5992686000-5992690000 r-xp 00005000 /system/lib64/chipset-sdk-sp/libsystemparam.z.so
5992690000-5992691000 r--p 0000e000 /system/lib64/chipset-sdk-sp/libsystemparam.z.so
5992691000-5992692000 rw-p 0000e000 /system/lib64/chipset-sdk-sp/libsystemparam.z.so
5992692000-59926a2000 rw-p 00000000 [anon:native_heap:brk]
59926a2000-59926a3000 r--p 00000000 /system/framework/ability_first_frame_state_data_abc.abc
59926a3000-59926bf000 rw-p 00000000 [anon:native_heap:brk]
59926bf000-59926c0000 r--p 00000000 /system/framework/ability_first_frame_state_observer_abc.abc
59926c0000-59926c1000 r--p 00000000 /system/lib64/libappspawn_helper.z.so
59926c1000-59926c2000 r-xp 00000000 /system/lib64/libappspawn_helper.z.so
59926c2000-59926c3000 r--p 00000000 /system/lib64/libappspawn_helper.z.so
59926c3000-59926c4000 rw-p 00000000 /system/lib64/libappspawn_helper.z.so
59926c4000-59926fc000 rw-p 00000000 [anon:native_heap:brk]
59926fc000-5992700000 rw-p 00000000 [anon:ArkTS Code:/system/etc/abc/arkui/components/arkcheckboxgroup.abc]
5992700000-5992706000 r--p 00000000 /system/lib64/chipset-sdk-sp/libhitrace_meter.so
5992706000-5992710000 r-xp 00005000 /system/lib64/chipset-sdk-sp/libhitrace_meter.so
5992710000-5992712000 r--p 0000e000 /system/lib64/chipset-sdk-sp/libhitrace_meter.so
5992712000-5992713000 rw-p 0000f000 /system/lib64/chipset-sdk-sp/libhitrace_meter.so
5992713000-599273b000 rw-p 00000000 [anon:native_heap:brk]
599273b000-5992740000 rw-p 00000000 [anon:ArkTS Code:/system/etc/abc/arkui/components/arkcheckbox.abc]
5992740000-5992742000 r--p 00000000 /system/lib64/chipset-sdk-sp/libfaultloggerd.z.so
5992742000-5992747000 r-xp 00001000 /system/lib64/chipset-sdk-sp/libfaultloggerd.z.so
5992747000-5992748000 r--p 00005000 /system/lib64/chipset-sdk-sp/libfaultloggerd.z.so
5992748000-5992749000 rw-p 00005000 /system/lib64/chipset-sdk-sp/libfaultloggerd.z.so
5992749000-5992759000 rw-p 00000000 [anon:native_heap:brk]
5992759000-599275e000 rw-p 00000000 [anon:ArkTS Code:/system/etc/abc/arkui/components/arkradio.abc]
599275e000-5992760000 rw-p 00000000 [anon:ArkTS Code:/system/etc/abc/arkui/components/arkstepper.abc]
5992760000-5992767000 rw-p 00000000 [anon:native_heap:brk]
5992767000-5992769000 rw-p 00000000 [anon:ArkTS Code:/system/etc/abc/arkui/components/arkstepperitem.abc]
5992769000-599276a000 r--p 00000000 /system/framework/ability_foreground_state_observer_abc.abc
599276a000-599277e000 rw-p 00000000 [anon:native_heap:brk]
599277e000-599277f000 r--s 00000000 [shmm]
599277f000-5992780000 r--p 00000000 /system/framework/ability_runtime_ability_abc.abc
5992780000-5992781000 r--p 00000000 /system/lib64/chipset-sdk-sp/libhilog_encode.so
5992781000-5992784000 r-xp 00000000 /system/lib64/chipset-sdk-sp/libhilog_encode.so
5992784000-5992785000 r--p 00002000 /system/lib64/chipset-sdk-sp/libhilog_encode.so
5992785000-5992786000 rw-p 00002000 /system/lib64/chipset-sdk-sp/libhilog_encode.so
5992786000-59927a6000 rw-p 00000000 [anon:native_heap:brk]
59927a6000-59927a7000 rw-p 00000000 [anon:native_heap:brk]
59927a7000-59927a8000 r--s 00000000 /dev/__parameters__/u:object_r:ark_profile:s0
59927a8000-59927aa000 rw-p 00000000 [anon:native_heap:brk]
59927aa000-59927ae000 rw-p 00000000 [anon:ArkTS Code:/system/etc/abc/arkui/components/arktimepicker.abc]
59927ae000-59927b2000 rw-p 00000000 [anon:native_heap:brk]
59927b2000-59927bc000 r--s 00000000 /dev/__parameters__/u:object_r:hiviewdfx_hiview_param:s0
59927bc000-59927c0000 rw-p 00000000 [anon:native_heap:brk]
59927c0000-59927c5000 r--p 00000000 /system/lib64/platformsdk/libdfx_signalhandler.z.so
59927c5000-59927d2000 r-xp 00004000 /system/lib64/platformsdk/libdfx_signalhandler.z.so
59927d2000-59927d4000 r--p 00010000 /system/lib64/platformsdk/libdfx_signalhandler.z.so
59927d4000-59927d5000 rw-p 00011000 /system/lib64/platformsdk/libdfx_signalhandler.z.so
59927d5000-59927d9000 rw-p 00000000 [anon:libdfx_signalhandler.z.so.bss]
59927d9000-59927e9000 rw-p 00000000 [anon:ArkTS Code:/system/etc/abc/arkui/uicontext.abc]
59927e9000-59927f4000 rw-p 00000000 [anon:ArkTS Code:387283361691]
59927f4000-59927fb000 rw-p 00000000 [anon:ArkTS Code:/system/etc/abc/arkui/components/arkalphabetindexer.abc]
59927fb000-59927fc000 rw-p 00000000 [anon:native_heap:brk]
59927fc000-5992800000 rw-p 00000000 [anon:ArkTS Code:/system/etc/abc/arkui/components/arksidebarcontainer.abc]
5992800000-5992807000 r--p 00000000 /system/lib64/chipset-sdk-sp/libdfx_dumpcatcher.z.so
5992807000-5992818000 r-xp 00006000 /system/lib64/chipset-sdk-sp/libdfx_dumpcatcher.z.so
5992818000-599281a000 r--p 00016000 /system/lib64/chipset-sdk-sp/libdfx_dumpcatcher.z.so
599281a000-599281b000 rw-p 00017000 /system/lib64/chipset-sdk-sp/libdfx_dumpcatcher.z.so
599281b000-5992823000 rw-p 00000000 [anon:native_heap:brk]
5992823000-599282b000 rw-p 00000000 [anon:ArkTS Code:/system/etc/abc/arkui/components/arkslider.abc]
599282b000-599282e000 r--p 00000000 /system/framework/@ohos.test.PerfTest.abc
599282e000-599283e000 rw-p 00000000 [anon:native_heap:brk]
599283e000-5992840000 r--p 00000000 /system/framework/DataShareResultSetAni.abc
5992840000-5992843000 r--p 00000000 /system/lib64/chipset-sdk-sp/libasync_stack.z.so
5992843000-5992846000 r-xp 00002000 /system/lib64/chipset-sdk-sp/libasync_stack.z.so
5992846000-5992848000 r--p 00004000 /system/lib64/chipset-sdk-sp/libasync_stack.z.so
5992848000-5992849000 rw-p 00005000 /system/lib64/chipset-sdk-sp/libasync_stack.z.so
5992849000-5992876000 rw-p 00000000 [anon:ArkTS Code:387283404939]
5992876000-599287b000 rw-p 00000000 [anon:ArkTS Code:/system/etc/abc/arkui/components/arkcalendarpicker.abc]
599287b000-599287f000 r--p 00000000 /system/framework/@hms.hds.hdsDrawable.abc
599287f000-5992880000 r--p 00000000 /system/framework/ability_runtime_ability_lifecycle_callback_abc.abc
5992880000-5992887000 r--p 00000000 /system/lib64/chipset-sdk-sp/libbacktrace_local.so
5992887000-599289a000 r-xp 00006000 /system/lib64/chipset-sdk-sp/libbacktrace_local.so
599289a000-599289c000 r--p 00018000 /system/lib64/chipset-sdk-sp/libbacktrace_local.so
599289c000-599289d000 rw-p 00019000 /system/lib64/chipset-sdk-sp/libbacktrace_local.so
599289d000-599289e000 rw-p 00000000 [anon:libbacktrace_local.so.bss]
599289e000-599289f000 rw-p 00000000 [anon:native_heap:brk]
599289f000-59928a0000 rw-p 00000000 [anon:ArkTS Code:/system/lib64/module/hms/core/scan/libscancore_napi.z.so_21448_1]
59928a0000-59928a1000 r--s 00000000 /dev/__parameters__/u:object_r:ffrt_param:s0
59928a2000-59928aa000 rw-p 00000000 [anon:native_heap:brk]
59928aa000-59928ac000 ---p 00000000 
59928ac000-59928b3000 rw-p 00000000 [anon:signal_stack:23159]
59928b3000-59928b6000 r--s 00000000 /dev/__parameters__/u:object_r:samgr_writable_param:s0
59928b6000-59928b7000 r--s 00000000 /dev/__parameters__/u:object_r:update_updater_param:s0
59928b7000-59928b9000 rw-p 00000000 [anon:ArkTS Code:/system/lib64/module/util/libtreemap.z.so_28801_1]
59928b9000-59928bd000 r--p 00000000 /system/framework/@ohos.multimedia.movingphotoview.abc
59928bd000-59928c0000 r--p 00000000 /system/framework/DataShareExtensionAbilityAni.abc
59928c0000-59928c4000 r--p 00000000 /system/lib64/chipset-sdk-sp/libdfx_procinfo.z.so
59928c4000-59928cc000 r-xp 00003000 /system/lib64/chipset-sdk-sp/libdfx_procinfo.z.so
59928cc000-59928cd000 r--p 0000a000 /system/lib64/chipset-sdk-sp/libdfx_procinfo.z.so
59928cd000-59928ce000 rw-p 0000a000 /system/lib64/chipset-sdk-sp/libdfx_procinfo.z.so
59928ce000-59928d0000 ---p 00000000 
59928d0000-59928d7000 rw-p 00000000 [anon:signal_stack:23160]
59928d7000-59928d9000 ---p 00000000 
59928d9000-59928e0000 rw-p 00000000 [anon:signal_stack:23161]
59928e0000-59928e2000 ---p 00000000 
59928e2000-59928e9000 rw-p 00000000 [anon:signal_stack:23172]
59928e9000-59928eb000 ---p 00000000 
59928eb000-59928f2000 rw-p 00000000 [anon:signal_stack:23173]
59928f2000-59928f6000 r--p 00000000 /system/framework/Metaball.abc
59928f6000-59928f7000 r--p 00000000 /system/framework/ability_runtime_ability_result_abc.abc
59928f7000-59928fb000 rw-p 00000000 [anon:native_heap:brk]
59928fb000-59928ff000 r--p 00000000 /system/framework/ability_application.abc
59928ff000-5992900000 r--p 00000000 /system/framework/ability_runtime_ability_stage_abc.abc
5992900000-599290a000 r--p 00000000 /system/lib64/chipset-sdk-sp/liblzma.z.so
599290a000-5992934000 r-xp 00009000 /system/lib64/chipset-sdk-sp/liblzma.z.so
5992934000-5992935000 r--p 00032000 /system/lib64/chipset-sdk-sp/liblzma.z.so
5992935000-5992936000 rw-p 00032000 /system/lib64/chipset-sdk-sp/liblzma.z.so
5992936000-599293f000 rw-p 00000000 [anon:liblzma.z.so.bss]
599293f000-5992940000 r--p 00000000 /system/framework/ability_runtime_ability_stage_context_abc.abc
5992940000-5992944000 r--p 00000000 /system/lib64/chipset-sdk-sp/libstack_printer.z.so
5992944000-599294c000 r-xp 00003000 /system/lib64/chipset-sdk-sp/libstack_printer.z.so
599294c000-599294d000 r--p 0000a000 /system/lib64/chipset-sdk-sp/libstack_printer.z.so
599294d000-599294e000 rw-p 0000a000 /system/lib64/chipset-sdk-sp/libstack_printer.z.so
599294e000-5992971000 r--p 00000000 /system/framework/@ohos.UiTest.abc
5992971000-599297a000 r--p 00000000 /system/framework/ability_access_ctrl.abc
599297a000-5992980000 r--p 00000000 /system/framework/ability_delegator_abc.abc
5992980000-5992990000 r--p 00000000 /system/lib64/chipset-sdk-sp/libunwinder.z.so
5992990000-59929bf000 r-xp 0000f000 /system/lib64/chipset-sdk-sp/libunwinder.z.so
59929bf000-59929c1000 r--p 0003d000 /system/lib64/chipset-sdk-sp/libunwinder.z.so
59929c1000-59929c2000 rw-p 0003e000 /system/lib64/chipset-sdk-sp/libunwinder.z.so
59929c2000-59929c4000 rw-p 00000000 [anon:libunwinder.z.so.bss]
59929c4000-59929c6000 r--p 00000000 /system/framework/ability_delegator_ability_monitor_abc.abc
59929c6000-59929ca000 r--p 00000000 /system/framework/ability_info.abc
59929ca000-59929cc000 r--p 00000000 /system/framework/ability_runtime_AbilityRunningInfo_abc.abc
59929cc000-59929d2000 r--p 00000000 /system/framework/ability_runtime_ability_constant_abc.abc
59929d2000-59929d4000 r--p 00000000 /system/framework/ability_runtime_ability_context_constant_abc.abc
59929d4000-59929d7000 r--p 00000000 /system/framework/ability_runtime_ability_dialogRequest_abc.abc
59929d7000-59929dd000 r--p 00000000 /system/framework/ability_runtime_ability_manager.abc
59929dd000-59929e2000 r--p 00000000 /system/framework/ability_runtime_ability_mission_manager_abc.abc
59929e2000-59929e3000 r--p 00000000 /system/framework/ability_runtime_ability_stage_monitor_abc.abc
59929e3000-59929e4000 r--p 00000000 /system/framework/ability_runtime_ability_start_callback_abc.abc
59929e4000-59929e5000 r--p 00000000 /system/framework/ability_runtime_ability_state_data_abc.abc
59929e5000-59929e7000 r--p 00000000 /system/framework/ability_runtime_ability_system_configuration_updated_callback_abc.abc
59929e7000-59929e8000 r--p 00000000 /system/framework/ability_runtime_ability_utils_abc.abc
59929e8000-59929e9000 r--p 00000000 /system/framework/ability_runtime_action_extension_ability_abc.abc
59929e9000-59929f7000 r--p 00000000 /system/framework/ability_runtime_app_manager_abc.abc
59929f7000-59929f8000 r--p 00000000 /system/framework/ability_runtime_app_state_data_abc.abc
59929f8000-59929fd000 r--p 00000000 /system/framework/ability_runtime_application_context_abc.abc
59929fd000-59929fe000 r--p 00000000 /system/framework/ability_runtime_application_state_change_callback_abc.abc
59929fe000-59929ff000 r--p 00000000 /system/framework/ability_runtime_auto_fill_extension_ability_abc.abc
59929ff000-5992a00000 r--p 00000000 /system/framework/ability_runtime_auto_fill_manager_abc.abc
5992a00000-5992a28000 r--p 00000000 /system/lib64/ndk/libffrt.so
5992a28000-5992aca000 r-xp 00027000 /system/lib64/ndk/libffrt.so
5992aca000-5992acf000 r--p 000c8000 /system/lib64/ndk/libffrt.so
5992acf000-5992ad0000 rw-p 000cc000 /system/lib64/ndk/libffrt.so
5992ad0000-5992adb000 rw-p 00000000 [anon:libffrt.so.bss]
5992adb000-5992add000 r--p 00000000 /system/framework/ability_runtime_auto_fill_extension_context_abc.abc
5992add000-5992adf000 r--p 00000000 /system/framework/ability_runtime_auto_fill_popup_config_abc.abc
5992adf000-5992ae0000 r--p 00000000 /system/framework/ability_runtime_auto_fill_rect_abc.abc
5992ae0000-5992ae3000 r--p 00000000 /system/framework/ability_runtime_auto_fill_request_abc.abc
5992ae3000-5992ae4000 r--p 00000000 /system/framework/ability_runtime_auto_fill_trigger_type_abc.abc
5992ae4000-5992ae6000 r--p 00000000 /system/framework/ability_runtime_auto_fill_type_abc.abc
5992ae6000-5992ae7000 r--p 00000000 /system/framework/ability_runtime_auto_startup_callback_abc.abc
5992ae7000-5992ae9000 r--p 00000000 /system/framework/ability_runtime_auto_startup_info_abc.abc
5992ae9000-5992aeb000 r--p 00000000 /system/framework/ability_runtime_auto_startup_manager_abc.abc
5992aeb000-5992aec000 r--p 00000000 /system/framework/ability_runtime_base_context_abc.abc
5992aec000-5992af0000 r--p 00000000 /system/framework/ability_runtime_caller_callee_abc.abc
5992af0000-5992af1000 r--p 00000000 /system/framework/ability_runtime_child_process_args_abc.abc
5992af1000-5992af4000 r--p 00000000 /system/framework/ability_runtime_child_process_manager_abc.abc
5992af4000-5992af5000 r--p 00000000 /system/framework/ability_runtime_child_process_options_abc.abc
5992af5000-5992af6000 r--p 00000000 /system/framework/ability_runtime_completion_handler_abc.abc
5992af6000-5992af8000 r--p 00000000 /system/framework/ability_runtime_configuration_abc.abc
5992af8000-5992afa000 r--p 00000000 /system/framework/ability_runtime_configuration_constant_abc.abc
5992afa000-5992afb000 r--p 00000000 /system/framework/ability_runtime_connect_options_abc.abc
5992afb000-5992afd000 r--p 00000000 /system/framework/ability_runtime_context_abc.abc
5992afd000-5992afe000 r--p 00000000 /system/framework/ability_runtime_custom_data_abc.abc
5992afe000-5992aff000 r--p 00000000 /system/framework/ability_runtime_data_ability_helper_abc.abc
5992aff000-5992b00000 r--p 00000000 /system/framework/ability_runtime_data_uri_utils_abc.abc
5992b00000-5992b12000 r--p 00000000 /system/lib64/libhilog_inner.so
5992b12000-5992b40000 r-xp 00011000 /system/lib64/libhilog_inner.so
5992b40000-5992b43000 r--p 0003e000 /system/lib64/libhilog_inner.so
5992b43000-5992b44000 rw-p 00040000 /system/lib64/libhilog_inner.so
5992b44000-5992b46000 rw-p 00000000 [anon:libhilog_inner.so.bss]
5992b46000-5992df4000 ---p 00000000 [anon:cfi_shadow:musl]
5992df4000-5992df5000 r--p 00000000 [anon:cfi_shadow:musl]
5992df5000-5992e12000 ---p 00000000 [anon:cfi_shadow:musl]
5992e12000-5992e13000 r--p 00000000 [anon:cfi_shadow:musl]
5992e13000-5992e16000 ---p 00000000 [anon:cfi_shadow:musl]
5992e16000-5992e17000 r--p 00000000 [anon:cfi_shadow:musl]
5992e17000-5992e18000 r--p 00000000 [anon:cfi_shadow:musl]
5992e18000-5992e19000 r--p 00000000 [anon:cfi_shadow:musl]
5992e19000-5992e1a000 ---p 00000000 [anon:cfi_shadow:musl]
5992e1a000-5992e1b000 r--p 00000000 [anon:cfi_shadow:musl]
5992e1b000-5992e22000 ---p 00000000 [anon:cfi_shadow:musl]
5992e22000-5992e23000 r--p 00000000 [anon:cfi_shadow:musl]
5992e23000-5a12b46000 ---p 00000000 [anon:cfi_shadow:musl]
5a12b46000-5a12b49000 r--p 00000000 /system/framework/ability_runtime_dialog_session_abc.abc
5a12b49000-5a12b4a000 r--p 00000000 /system/framework/ability_runtime_embedded_uiextension_ability_abc.abc
5a12b4a000-5a12b4b000 r--p 00000000 /system/framework/ability_runtime_environment_callback_abc.abc
5a12b4b000-5a12b4c000 r--p 00000000 /system/framework/ability_runtime_error_code_abc.abc
5a12b4c000-5a12b4d000 r--p 00000000 /system/framework/ability_runtime_event_hub_abc.abc
5a12b4d000-5a12b4e000 r--p 00000000 /system/framework/ability_runtime_extension_ability_abc.abc
5a12b4e000-5a12b4f000 r--p 00000000 /system/framework/ability_runtime_extension_context_abc.abc
5a12b4f000-5a12b51000 r--p 00000000 /system/framework/ability_runtime_extension_running_info_abc.abc
5a12b51000-5a12b52000 r--p 00000000 /system/framework/ability_runtime_hyper_snap_manager_abc.abc
5a12b52000-5a12b54000 r--p 00000000 /system/framework/ability_runtime_insight_intent_abc.abc
5a12b54000-5a12b56000 r--p 00000000 /system/framework/ability_runtime_insight_intent_context_abc.abc
5a12b56000-5a12b5d000 r--p 00000000 /system/framework/ability_runtime_insight_intent_driver_abc.abc
5a12b5d000-5a12b5f000 r--p 00000000 /system/framework/ability_runtime_insight_intent_executor_abc.abc
5a12b5f000-5a12b60000 r--p 00000000 /system/framework/ability_runtime_insight_intent_provider_abc.abc
5a12b60000-5a12b62000 r--p 00000000 /system/framework/ability_runtime_interop_ability_lifecycle_callback_abc.abc
5a12b62000-5a12b64000 r--p 00000000 /system/framework/ability_runtime_kiosk_manager_abc.abc
5a12b64000-5a12b65000 r--p 00000000 /system/framework/ability_runtime_kiosk_status_abc.abc
5a12b65000-5a12b67000 r--p 00000000 /system/framework/ability_runtime_mission_info_abc.abc
5a12b67000-5a12b68000 r--p 00000000 /system/framework/ability_runtime_mission_listener_abc.abc
5a12b68000-5a12b69000 r--p 00000000 /system/framework/ability_runtime_mission_snapshot_abc.abc
5a12b69000-5a12b6a000 r--p 00000000 /system/framework/ability_runtime_multi_app_mode_abc.abc
5a12b6a000-5a12b6b000 r--p 00000000 /system/framework/ability_runtime_openLink_options_abc.abc
5a12b6b000-5a12b6d000 r--p 00000000 /system/framework/ability_runtime_page_node_info_abc.abc
5a12b6d000-5a12b6e000 r--p 00000000 /system/framework/ability_runtime_process_data_abc.abc
5a12b6e000-5a12b70000 r--p 00000000 /system/framework/ability_runtime_process_information_abc.abc
5a12b70000-5a12b71000 r--p 00000000 /system/framework/ability_runtime_running_app_clone_abc.abc
5a12b71000-5a12b72000 r--p 00000000 /system/framework/ability_runtime_running_multi_appinfo_abc.abc
5a12b72000-5a12b73000 r--p 00000000 /system/framework/ability_runtime_running_multi_instance_info_abc.abc
5a12b73000-5a12b74000 r--p 00000000 /system/framework/ability_runtime_share_extension_ability_abc.abc
5a12b74000-5a12b75000 r--p 00000000 /system/framework/ability_runtime_shell_cmd_result_abc.abc
5a12b75000-5a12b76000 r--p 00000000 /system/framework/ability_runtime_start_options_abc.abc
5a12b76000-5a12b77000 r--p 00000000 /system/framework/ability_runtime_startup_config_abc.abc
5a12b77000-5a12b78000 r--p 00000000 /system/framework/ability_runtime_startup_config_entry_abc.abc
5a12b78000-5a12b79000 r--p 00000000 /system/framework/ability_runtime_startup_listener_abc.abc
5a12b79000-5a12b7a000 r--p 00000000 /system/framework/ability_runtime_startup_manager_abc.abc
5a12b7a000-5a12b7b000 r--p 00000000 /system/framework/ability_runtime_startup_task_abc.abc
5a12b7b000-5a12b7c000 r--p 00000000 /system/framework/ability_runtime_startup_task_executor_abc.abc
5a12b7c000-5a12b7d000 r--p 00000000 /system/framework/ability_runtime_trigger_info_abc.abc
5a12b7d000-5a12b7f000 r--p 00000000 /system/framework/ability_runtime_ui_ability_abc.abc
5a12b7f000-5a12b80000 r--p 00000000 /system/framework/ability_runtime_ui_service_extension_ability_abc.abc
5a12b80000-5a12b82000 r--p 00000000 /system/lib64/platformsdk/libfwmark_client.z.so
5a12b82000-5a12b85000 r-xp 00001000 /system/lib64/platformsdk/libfwmark_client.z.so
5a12b85000-5a12b86000 r--p 00003000 /system/lib64/platformsdk/libfwmark_client.z.so
5a12b86000-5a12b87000 rw-p 00003000 /system/lib64/platformsdk/libfwmark_client.z.so
5a12b87000-5a12d87000 r--s 00000000 /dev/__parameters__/u:object_r:startup_init_param:s0
5a12d87000-5a12d96000 r--p 00000000 /system/framework/ability_runtime_ui_ability_context_abc.abc
5a12d96000-5a12d98000 r--p 00000000 /system/framework/ability_runtime_vertical_panel_manager_abc.abc
5a12d98000-5a12d9a000 r--p 00000000 /system/framework/ability_runtime_view_data_abc.abc
5a12d9a000-5a12d9c000 r--p 00000000 /system/framework/ability_runtime_want_agent_info_abc.abc
5a12d9c000-5a12d9d000 r--p 00000000 /system/framework/agent_runtime_agent_extension_abc.abc
5a12d9d000-5a12d9e000 r--p 00000000 /system/framework/agent_runtime_agent_extension_connect_callback_abc.abc
5a12d9e000-5a12da2000 rw-p 00000000 [anon:native_heap:brk]
5a12da2000-5a12da8000 r--p 00000000 /system/framework/ability_runtime_want_abc.abc
5a12da8000-5a12dae000 r--p 00000000 /system/framework/ability_runtime_want_agent_abc.abc
5a12dae000-5a12db1000 r--p 00000000 /system/framework/ability_runtime_want_constant_abc.abc
5a12db1000-5a12dba000 r--p 00000000 /system/framework/accessibility.abc
5a12dba000-5a12dbd000 r--p 00000000 /system/framework/accessibility_extension_ability.abc
5a12dbd000-5a12dbe000 r--p 00000000 /system/framework/agent_runtime_agent_extension_context_abc.abc
5a12dbe000-5a12dbf000 r--p 00000000 /system/framework/agent_runtime_agent_host_proxy_abc.abc
5a12dbf000-5a12dc0000 r--p 00000000 /system/framework/agent_runtime_agent_proxy_abc.abc
5a12dc0000-5a12dc1000 r--p 00000000 /system/lib64/lib_kccllockopt.so
5a12dc1000-5a12dc2000 r-xp 00000000 /system/lib64/lib_kccllockopt.so
5a12dc2000-5a12dc3000 r--p 00000000 /system/lib64/lib_kccllockopt.so
5a12dc3000-5a12dc4000 rw-p 00000000 /system/lib64/lib_kccllockopt.so
5a12dc4000-5a12dd1000 r--p 00000000 /system/framework/accessibility_config.abc
5a12dd1000-5a12ddf000 r--p 00000000 /system/framework/accessibility_extension_context.abc
5a12ddf000-5a12de3000 r--p 00000000 /system/framework/agent_runtime_agent_card_abc.abc
5a12de3000-5a12de5000 r--p 00000000 /system/framework/agent_runtime_agent_manager_abc.abc
5a12de5000-5a12de6000 r--p 00000000 /system/framework/agent_runtime_agent_ui_extension_ability_abc.abc
5a12de6000-5a12de7000 r--p 00000000 /system/framework/agent_runtime_agent_utils_abc.abc
5a12de7000-5a12dea000 r--p 00000000 /system/framework/animator_ani.abc
5a12dea000-5a12dec000 r--p 00000000 /system/framework/appRecovery_abc.abc
5a12dec000-5a12e00000 r--p 00000000 /system/framework/app_account_abc.abc
5a12e00000-5a12e06000 r--p 00000000 /vendor/lib64/passthrough/libffrt_acc.so
5a12e06000-5a12e10000 r-xp 00005000 /vendor/lib64/passthrough/libffrt_acc.so
5a12e10000-5a12e11000 r--p 0000e000 /vendor/lib64/passthrough/libffrt_acc.so
5a12e11000-5a12e12000 rw-p 0000e000 /vendor/lib64/passthrough/libffrt_acc.so
5a12e12000-5a12e18000 r--p 00000000 /system/framework/app_control.abc
5a12e18000-5a12e1d000 r--p 00000000 /system/framework/app_domain_verify_ets.abc
5a12e1d000-5a12e1e000 r--p 00000000 /system/framework/app_foreground_state_observer_abc.abc
5a12e1e000-5a12e1f000 r--p 00000000 /system/framework/app_processInfo_abc.abc
5a12e1f000-5a12e21000 r--p 00000000 /system/framework/app_provision_info.abc
5a12e21000-5a12e24000 r--p 00000000 /system/framework/app_service_extension_ability.abc
5a12e24000-5a12e29000 r--p 00000000 /system/framework/application_info.abc
5a12e29000-5a12e2a000 r--p 00000000 /system/framework/application_state_observer_abc.abc
5a12e2a000-5a12e30000 r--p 00000000 /system/framework/applock_abc.abc
5a12e30000-5a12e31000 r--p 00000000 /system/framework/arkui_test.abc
5a12e31000-5a12e32000 r--p 00000000 /system/framework/atomic_service_options_abc.abc
5a12e32000-5a12e3c000 r--p 00000000 /system/framework/audioHaptic_taihe_abc.abc
5a12e3c000-5a12e40000 r--p 00000000 /system/framework/av_volume_panel_ets_abc.abc
5a12e40000-5a12e45000 r--p 00000000 /vendor/lib64/passthrough/libffrt_hcs.so
5a12e45000-5a12e50000 r-xp 00004000 /vendor/lib64/passthrough/libffrt_hcs.so
5a12e50000-5a12e51000 r--p 0000e000 /vendor/lib64/passthrough/libffrt_hcs.so
5a12e51000-5a12e52000 rw-p 0000e000 /vendor/lib64/passthrough/libffrt_hcs.so
5a12e52000-5a13852000 r--s 00000000 /dev/__parameters__/u:object_r:default_param:s0
5a13852000-5a13867000 r--p 00000000 /system/framework/arc_button_ets_abc.abc
5a13867000-5a1387d000 r--p 00000000 /system/framework/av_cast_picker_ets_abc.abc
5a1387d000-5a1387f000 r--p 00000000 /system/framework/backup_ext.abc
5a1387f000-5a13880000 r--p 00000000 /system/framework/bundle_monitor.abc
5a13880000-5a13933000 r--p 00000000 /system/lib64/platformsdk/libappexecfwk_core.z.so
5a13933000-5a13a31000 r-xp 000b2000 /system/lib64/platformsdk/libappexecfwk_core.z.so
5a13a31000-5a13a54000 r--p 001af000 /system/lib64/platformsdk/libappexecfwk_core.z.so
5a13a54000-5a13a55000 rw-p 001d1000 /system/lib64/platformsdk/libappexecfwk_core.z.so
5a13a55000-5a13a6f000 r--p 00000000 /system/framework/arc_slider_ets_abc.abc
5a13a6f000-5a13a7b000 r--p 00000000 /system/framework/av_input_cast_picker_ets_abc.abc
5a13a7b000-5a13a7d000 r--p 00000000 /system/framework/backup_transfer.abc
5a13a7d000-5a13a7e000 r--p 00000000 /system/framework/bundle_resource_info.abc
5a13a7e000-5a13a80000 r--p 00000000 /system/framework/business_ability_info_abc.abc
5a13a80000-5a13a95000 r--p 00000000 /system/lib64/platformsdk/libutd_client.z.so
5a13a95000-5a13ad4000 r-xp 00014000 /system/lib64/platformsdk/libutd_client.z.so
5a13ad4000-5a13ad8000 r--p 00052000 /system/lib64/platformsdk/libutd_client.z.so
5a13ad8000-5a13ad9000 rw-p 00055000 /system/lib64/platformsdk/libutd_client.z.so
5a13ad9000-5a13aee000 r--p 00000000 /system/framework/background_task_manager_abc.abc
5a13aee000-5a13af4000 r--p 00000000 /system/framework/backgroundprocessmanager_abc.abc
5a13af4000-5a13afc000 r--p 00000000 /system/framework/base_transfer.abc
5a13afc000-5a13aff000 r--p 00000000 /system/framework/bundle_resource_manager.abc
5a13aff000-5a13b00000 r--p 00000000 /system/framework/commonEventData.abc
5a13b00000-5a13b04000 r--p 00000000 /system/lib64/chipset-sdk/libaccesstoken_communication_adapter_cxx.z.so
5a13b04000-5a13b0c000 r-xp 00003000 /system/lib64/chipset-sdk/libaccesstoken_communication_adapter_cxx.z.so
5a13b0c000-5a13b0f000 r--p 0000a000 /system/lib64/chipset-sdk/libaccesstoken_communication_adapter_cxx.z.so
5a13b0f000-5a13b10000 rw-p 0000c000 /system/lib64/chipset-sdk/libaccesstoken_communication_adapter_cxx.z.so
5a13b10000-5a13b17000 r--p 00000000 /system/framework/batteryInfo.abc
5a13b17000-5a13b1d000 r--p 00000000 /system/framework/batterystats_abc.abc
5a13b1d000-5a13b27000 r--p 00000000 /system/framework/bluetoothA2dp_abc.abc
5a13b27000-5a13b2f000 r--p 00000000 /system/framework/bluetoothAccess_abc.abc
5a13b2f000-5a13b36000 r--p 00000000 /system/framework/bluetoothBaseProfile_abc.abc
5a13b36000-5a13b3f000 r--p 00000000 /system/framework/bluetoothConstant_abc.abc
5a13b3f000-5a13b40000 r--p 00000000 /system/framework/commonEventPublishData.abc
5a13b40000-5a13b4e000 r--p 00000000 /system/lib64/chipset-sdk-sp/libhicollie.z.so
5a13b4e000-5a13b77000 r-xp 0000d000 /system/lib64/chipset-sdk-sp/libhicollie.z.so
5a13b77000-5a13b7a000 r--p 00035000 /system/lib64/chipset-sdk-sp/libhicollie.z.so
5a13b7a000-5a13b7b000 rw-p 00037000 /system/lib64/chipset-sdk-sp/libhicollie.z.so
5a13b7b000-5a13b80000 r--p 00000000 /system/framework/brightness_abc.abc
5a13b80000-5a13bba000 r--p 00000000 /system/lib64/platformsdk/libglobal_resmgr.z.so
5a13bba000-5a13c22000 r-xp 00039000 /system/lib64/platformsdk/libglobal_resmgr.z.so
5a13c22000-5a13c27000 r--p 000a0000 /system/lib64/platformsdk/libglobal_resmgr.z.so
5a13c27000-5a13c28000 rw-p 000a4000 /system/lib64/platformsdk/libglobal_resmgr.z.so
5a13c28000-5a13c29000 r--p 00000000 /system/framework/commonEventSubscribeInfo.abc
5a13c29000-5a13c2d000 rw-p 00000000 [anon:native_heap:brk]
5a13c2d000-5a13c40000 r--p 00000000 /system/framework/bluetoothConnection_abc.abc
5a13c40000-5a13c6d000 r--p 00000000 /system/lib64/platformsdk/libipc_single.z.so
5a13c6d000-5a13cbe000 r-xp 0002c000 /system/lib64/platformsdk/libipc_single.z.so
5a13cbe000-5a13cc3000 r--p 0007c000 /system/lib64/platformsdk/libipc_single.z.so
5a13cc3000-5a13cc4000 rw-p 00080000 /system/lib64/platformsdk/libipc_single.z.so
5a13cc4000-5a13cdd000 r--p 00000000 /system/framework/bluetoothBle_abc.abc
5a13cdd000-5a13ce3000 r--p 00000000 /system/framework/bluetoothHfp_abc.abc
5a13ce3000-5a13ce9000 r--p 00000000 /system/framework/bluetoothHid_abc.abc
5a13ce9000-5a13cee000 r--p 00000000 /system/framework/bundle_info.abc
5a13cee000-5a13cfb000 r--p 00000000 /system/framework/bundle_installer.abc
5a13cfb000-5a13cfd000 r--p 00000000 /system/framework/business_ability_router_abc.abc
5a13cfd000-5a13d00000 r--p 00000000 /system/framework/color_space_manager.abc
5a13d00000-5a13d15000 r--p 00000000 /system/lib64/platformsdk/libcesfwk_innerkits.z.so
5a13d15000-5a13d22000 r-xp 00014000 /system/lib64/platformsdk/libcesfwk_innerkits.z.so
5a13d22000-5a13d24000 r--p 00020000 /system/lib64/platformsdk/libcesfwk_innerkits.z.so
5a13d24000-5a13d25000 rw-p 00021000 /system/lib64/platformsdk/libcesfwk_innerkits.z.so
5a13d25000-5a13d27000 rw-p 00000000 [anon:libcesfwk_innerkits.z.so.bss]
5a13d27000-5a13d2d000 r--p 00000000 /system/framework/bundle_pack_info.abc
5a13d2d000-5a13d31000 r--p 00000000 /system/framework/cache_download.abc
5a13d31000-5a13d37000 r--p 00000000 /system/framework/camera_picker_taihe_abc.abc
5a13d37000-5a13d3d000 r--p 00000000 /system/framework/certmanager_dialog_abc.abc
5a13d3d000-5a13d3e000 r--p 00000000 /system/framework/completion_handler_for_atomic_service_abc.abc
5a13d3e000-5a13d3f000 r--p 00000000 /system/framework/curves.abc
5a13d3f000-5a13d40000 r--p 00000000 /system/framework/dataSharePredicatesAni.abc
5a13d40000-5a13d7e000 r--p 00000000 /system/lib64/platformsdk/libwant.z.so
5a13d7e000-5a13df2000 r-xp 0003d000 /system/lib64/platformsdk/libwant.z.so
5a13df2000-5a13df8000 r--p 000b0000 /system/lib64/platformsdk/libwant.z.so
5a13df8000-5a13df9000 rw-p 000b5000 /system/lib64/platformsdk/libwant.z.so
5a13df9000-5a13dfa000 rw-p 00000000 [anon:libwant.z.so.bss]
5a13dfa000-5a13dff000 r--p 00000000 /system/framework/charger.abc
5a13dff000-5a13e00000 r--p 00000000 /system/framework/dispatch_info.abc
5a13e00000-5a13e06000 r--p 00000000 /system/lib64/platformsdk/libipc_common.z.so
5a13e06000-5a13e10000 r-xp 00005000 /system/lib64/platformsdk/libipc_common.z.so
5a13e10000-5a13e12000 r--p 0000e000 /system/lib64/platformsdk/libipc_common.z.so
5a13e12000-5a13e13000 rw-p 0000f000 /system/lib64/platformsdk/libipc_common.z.so
5a13e13000-5a13e31000 r--p 00000000 /system/framework/bundle_manager.abc
5a13e31000-5a13e3d000 r--p 00000000 /system/framework/certmanager_abc.abc
5a13e3d000-5a13e40000 r--p 00000000 /system/framework/componentSnapshot.abc
5a13e40000-5a13e4e000 r--p 00000000 /system/lib64/appspawn/common/libappspawn_common.z.so
5a13e4e000-5a13e63000 r-xp 0000d000 /system/lib64/appspawn/common/libappspawn_common.z.so
5a13e63000-5a13e65000 r--p 00021000 /system/lib64/appspawn/common/libappspawn_common.z.so
5a13e65000-5a13e66000 rw-p 00022000 /system/lib64/appspawn/common/libappspawn_common.z.so
5a13e66000-5a13e7c000 r--p 00000000 /system/framework/chip_group_ets_abc.abc
5a13e7c000-5a13e80000 r--p 00000000 /system/framework/componentUtils.abc
5a13e80000-5a13e86000 r--p 00000000 /system/lib64/platformsdk/libzuri.z.so
5a13e86000-5a13e94000 r-xp 00005000 /system/lib64/platformsdk/libzuri.z.so
5a13e94000-5a13e96000 r--p 00012000 /system/lib64/platformsdk/libzuri.z.so
5a13e96000-5a13e97000 rw-p 00013000 /system/lib64/platformsdk/libzuri.z.so
5a13e97000-5a13ebe000 r--p 00000000 /system/framework/cert_framework_ets.abc
5a13ebe000-5a13ec0000 r--p 00000000 /system/framework/display_sync_ani.abc
5a13ec0000-5a13ec9000 r--p 00000000 /system/lib64/chipset-sdk-sp/libpcre2.z.so
5a13ec9000-5a13eeb000 r-xp 00008000 /system/lib64/chipset-sdk-sp/libpcre2.z.so
5a13eeb000-5a13eec000 r--p 00029000 /system/lib64/chipset-sdk-sp/libpcre2.z.so
5a13eec000-5a13eed000 rw-p 00029000 /system/lib64/chipset-sdk-sp/libpcre2.z.so
5a13eed000-5a13eff000 r--p 00000000 /system/framework/cloudData.abc
5a13eff000-5a13f00000 r--p 00000000 /system/framework/distributed_extension_ability_ani.abc
5a13f00000-5a13f01000 r--p 00000000 /system/lib64/platformsdk/libtokenid_sdk.z.so
5a13f01000-5a13f04000 r-xp 00000000 /system/lib64/platformsdk/libtokenid_sdk.z.so
5a13f04000-5a13f05000 r--p 00002000 /system/lib64/platformsdk/libtokenid_sdk.z.so
5a13f05000-5a13f06000 rw-p 00002000 /system/lib64/platformsdk/libtokenid_sdk.z.so
5a13f06000-5a13f27000 r--p 00000000 /system/framework/chip_ets_abc.abc
5a13f27000-5a13f2d000 r--p 00000000 /system/framework/cloudDataCommonType.abc
5a13f2d000-5a13f3a000 r--p 00000000 /system/framework/cloud_extension_ext.abc
5a13f3a000-5a13f40000 r--p 00000000 /system/framework/clouddiskmanager_taihe_abc.abc
5a13f40000-5a13f53000 r--p 00000000 /system/lib64/chipset-sdk-sp/libsamgr_proxy.z.so
5a13f53000-5a13f6c000 r-xp 00012000 /system/lib64/chipset-sdk-sp/libsamgr_proxy.z.so
5a13f6c000-5a13f73000 r--p 0002a000 /system/lib64/chipset-sdk-sp/libsamgr_proxy.z.so
5a13f73000-5a13f74000 rw-p 00030000 /system/lib64/chipset-sdk-sp/libsamgr_proxy.z.so
5a13f74000-5a13f78000 rw-p 00000000 [anon:native_heap:brk]
5a13f78000-5a13f7f000 r--p 00000000 /system/framework/commonEventSubscriber.abc
5a13f7f000-5a13f80000 r--p 00000000 /system/framework/errorManager_abc.abc
5a13f80000-5a13f82000 r--p 00000000 /system/lib64/platformsdk/libapi_cache_manager.z.so
5a13f82000-5a13f88000 r-xp 00001000 /system/lib64/platformsdk/libapi_cache_manager.z.so
5a13f88000-5a13f89000 r--p 00006000 /system/lib64/platformsdk/libapi_cache_manager.z.so
5a13f89000-5a13f8a000 rw-p 00006000 /system/lib64/platformsdk/libapi_cache_manager.z.so
5a13f8a000-5a13f97000 r--p 00000000 /system/framework/common_event_manager.abc
5a13f97000-5a13fa8000 r--p 00000000 /system/framework/connection.abc
5a13fa8000-5a13fae000 r--p 00000000 /system/framework/continueManager_taihe_abc.abc
5a13fae000-5a13fb5000 r--p 00000000 /system/framework/coordination_abc.abc
5a13fb5000-5a13fb9000 r--p 00000000 /system/framework/default_app_manager.abc
5a13fb9000-5a13fc0000 r--p 00000000 /system/framework/deviceInfo.abc
5a13fc0000-5a13fc1000 r--p 00000000 /system/lib64/platformsdk/libtokensetproc_shared.z.so
5a13fc1000-5a13fc4000 r-xp 00000000 /system/lib64/platformsdk/libtokensetproc_shared.z.so
5a13fc4000-5a13fc5000 r--p 00002000 /system/lib64/platformsdk/libtokensetproc_shared.z.so
5a13fc5000-5a13fc6000 rw-p 00002000 /system/lib64/platformsdk/libtokensetproc_shared.z.so
5a13fc6000-5a13ff6000 r--p 00000000 /system/framework/counter_ets_abc.abc
5a13ff6000-5a13ffd000 r--p 00000000 /system/framework/device_standby_abc.abc
5a13ffd000-5a14000000 r--p 00000000 /system/framework/distributed_bundle_manager.abc
5a14000000-5a14003000 r--p 00000000 /system/lib64/platformsdk/libappexecfwk_common.z.so
5a14003000-5a14007000 r-xp 00002000 /system/lib64/platformsdk/libappexecfwk_common.z.so
5a14007000-5a14009000 r--p 00005000 /system/lib64/platformsdk/libappexecfwk_common.z.so
5a14009000-5a1400a000 rw-p 00006000 /system/lib64/platformsdk/libappexecfwk_common.z.so
5a1400a000-5a1401a000 r--p 00000000 /system/framework/datashareAni.abc
5a1401a000-5a14028000 r--p 00000000 /system/framework/display_abc.abc
5a14028000-5a14030000 r--p 00000000 /system/framework/distributed_account_abc.abc
5a14030000-5a14038000 rw-p 00000000 [anon:native_heap:brk]
5a14038000-5a1403a000 r--p 00000000 /system/framework/dlp_hide_info.abc
5a1403a000-5a14040000 r--p 00000000 /system/framework/download_file_button_ets_abc.abc
5a14040000-5a14046000 r--p 00000000 /system/lib64/chipset-sdk/libstring_utils.z.so
5a14046000-5a14059000 r-xp 00005000 /system/lib64/chipset-sdk/libstring_utils.z.so
5a14059000-5a1405a000 r--p 00017000 /system/lib64/chipset-sdk/libstring_utils.z.so
5a1405a000-5a1405b000 rw-p 00017000 /system/lib64/chipset-sdk/libstring_utils.z.so
5a1405b000-5a14065000 r--p 00000000 /system/framework/distributeddata_object.abc
5a14065000-5a14074000 r--p 00000000 /system/framework/dmsfwk_taihe_ani.abc
5a14074000-5a1407a000 r--p 00000000 /system/framework/drag_abc.abc
5a1407a000-5a1407e000 r--p 00000000 /system/framework/drawable_descriptor_ani.abc
5a1407e000-5a14080000 r--p 00000000 /system/framework/element_name.abc
5a14080000-5a14095000 r--p 00000000 /system/lib64/chipset-sdk-sp/libeventhandler.z.so
5a14095000-5a140cc000 r-xp 00014000 /system/lib64/chipset-sdk-sp/libeventhandler.z.so
5a140cc000-5a140cf000 r--p 0004a000 /system/lib64/chipset-sdk-sp/libeventhandler.z.so
5a140cf000-5a140d0000 rw-p 0004c000 /system/lib64/chipset-sdk-sp/libeventhandler.z.so
5a140d0000-5a140e4000 r--p 00000000 /system/framework/drawing.abc
5a140e4000-5a140e8000 r--p 00000000 /system/framework/effectKit.abc
5a140e8000-5a140ec000 r--p 00000000 /system/framework/event_emitter_abc.abc
5a140ec000-5a140f0000 rw-p 00000000 [anon:native_heap:brk]
5a140f0000-5a140ff000 r--p 00000000 /system/framework/drm_framework_taihe_abc.abc
5a140ff000-5a14100000 r--p 00000000 /system/framework/faultlog_extension_ability_ani.abc
5a14100000-5a14104000 r--p 00000000 /system/lib64/platformsdk/libhitrace_option.so
5a14104000-5a1410b000 r-xp 00003000 /system/lib64/platformsdk/libhitrace_option.so
5a1410b000-5a1410c000 r--p 00009000 /system/lib64/platformsdk/libhitrace_option.so
5a1410c000-5a1410d000 rw-p 00009000 /system/lib64/platformsdk/libhitrace_option.so
5a1410d000-5a14139000 r--p 00000000 /system/framework/crypto_framework_ets.abc
5a14139000-5a1413b000 r--p 00000000 /system/framework/extension_ability_info.abc
5a1413b000-5a14140000 r--p 00000000 /system/framework/extension_window_ani.abc
5a14140000-5a1414e000 r--p 00000000 /system/lib64/chipset-sdk/libaccesstoken_sdk.z.so
5a1414e000-5a14174000 r-xp 0000d000 /system/lib64/chipset-sdk/libaccesstoken_sdk.z.so
5a14174000-5a14178000 r--p 00032000 /system/lib64/chipset-sdk/libaccesstoken_sdk.z.so
5a14178000-5a14179000 rw-p 00035000 /system/lib64/chipset-sdk/libaccesstoken_sdk.z.so
5a14179000-5a1417d000 r--p 00000000 /system/framework/extension_window_host_ani.abc
5a1417d000-5a1417e000 r--p 00000000 /system/framework/focusController.abc
5a1417e000-5a1417f000 r--p 00000000 /system/framework/formError.abc
5a1417f000-5a14180000 r--p 00000000 /system/framework/form_binding_data.abc
5a14180000-5a1418d000 r--p 00000000 /system/lib64/libhap_restorecon.z.so
5a1418d000-5a141b0000 r-xp 0000c000 /system/lib64/libhap_restorecon.z.so
5a141b0000-5a141b3000 r--p 0002e000 /system/lib64/libhap_restorecon.z.so
5a141b3000-5a141b4000 rw-p 00030000 /system/lib64/libhap_restorecon.z.so
5a141b4000-5a141b9000 r--p 00000000 /system/framework/fbwindow_ani.abc
5a141b9000-5a141be000 r--p 00000000 /system/framework/file_fileuri_taihe_abc.abc
5a141be000-5a141bf000 r--p 00000000 /system/framework/form_edit_extension_ability.abc
5a141bf000-5a141c0000 r--p 00000000 /system/framework/formagent.abc
5a141c0000-5a141d5000 r--p 00000000 /system/lib64/platformsdk/libcesfwk_core.z.so
5a141d5000-5a141ea000 r-xp 00014000 /system/lib64/platformsdk/libcesfwk_core.z.so
5a141ea000-5a141f1000 r--p 00028000 /system/lib64/platformsdk/libcesfwk_core.z.so
5a141f1000-5a141f2000 rw-p 0002e000 /system/lib64/platformsdk/libcesfwk_core.z.so
5a141f2000-5a14200000 r--p 00000000 /system/framework/file_backup_taihe_abc.abc
5a14200000-5a1421e000 r--p 00000000 /system/lib64/platformsdk/libos_account_innerkits.z.so
5a1421e000-5a1425f000 r-xp 0001d000 /system/lib64/platformsdk/libos_account_innerkits.z.so
5a1425f000-5a14265000 r--p 0005d000 /system/lib64/platformsdk/libos_account_innerkits.z.so
5a14265000-5a14266000 rw-p 00062000 /system/lib64/platformsdk/libos_account_innerkits.z.so
5a14266000-5a14267000 rw-p 00000000 [anon:libos_account_innerkits.z.so.bss]
5a14267000-5a14277000 r--p 00000000 /system/framework/ets2abc_commonsdk_arkts.abc
5a14277000-5a1427f000 r--p 00000000 /system/framework/file_cloud_sync_manager.abc
5a1427f000-5a14280000 r--p 00000000 /system/framework/hdr_capability.abc
5a14280000-5a14346000 r--p 00000000 /system/lib64/platformsdk/libhmicuuc.z.so
5a14346000-5a144c9000 r-xp 000c5000 /system/lib64/platformsdk/libhmicuuc.z.so
5a144c9000-5a144de000 r--p 00247000 /system/lib64/platformsdk/libhmicuuc.z.so
5a144de000-5a144df000 rw-p 0025b000 /system/lib64/platformsdk/libhmicuuc.z.so
5a144df000-5a144e1000 rw-p 00000000 [anon:libhmicuuc.z.so.bss]
5a144e1000-5a144f1000 r--p 00000000 /system/framework/file_cloud_sync.abc
5a144f1000-5a144f3000 r--p 00000000 /system/framework/form_edit_extension_context.abc
5a144f3000-5a144f6000 r--p 00000000 /system/framework/form_extension_ability_ani.abc
5a144f6000-5a144f7000 rw-p 00000000 [anon:native_heap:brk]
5a144f7000-5a144ff000 r--p 00000000 /system/framework/file_share_taihe_abc.abc
5a144ff000-5a14500000 r--p 00000000 /system/framework/hdsPhysics2d_common.abc
5a14500000-5a1450c000 r--p 00000000 /system/lib64/chipset-sdk/libextractortool.z.so
5a1450c000-5a1451d000 r-xp 0000b000 /system/lib64/chipset-sdk/libextractortool.z.so
5a1451d000-5a1451f000 r--p 0001b000 /system/lib64/chipset-sdk/libextractortool.z.so
5a1451f000-5a14520000 rw-p 0001c000 /system/lib64/chipset-sdk/libextractortool.z.so
5a14520000-5a1452b000 r--p 00000000 /system/framework/file_picker_taihe_abc.abc
5a1452b000-5a14535000 r--p 00000000 /system/framework/findnetwork_ets.abc
5a14535000-5a1453b000 r--p 00000000 /system/framework/formProvider.abc
5a1453b000-5a1453e000 r--p 00000000 /system/framework/form_observer_abc.abc
5a1453e000-5a1453f000 r--p 00000000 /system/framework/hichecker.abc
5a1453f000-5a14540000 r--p 00000000 /system/framework/hilog.abc
5a14540000-5a1454f000 r--p 00000000 /system/lib64/chipset-sdk-sp/libressched_client.z.so
5a1454f000-5a14574000 r-xp 0000e000 /system/lib64/chipset-sdk-sp/libressched_client.z.so
5a14574000-5a1457c000 r--p 00032000 /system/lib64/chipset-sdk-sp/libressched_client.z.so
5a1457c000-5a1457d000 rw-p 00039000 /system/lib64/chipset-sdk-sp/libressched_client.z.so
5a1457d000-5a14580000 r--p 00000000 /system/framework/formmenu_ets_abc.abc
5a14580000-5a14586000 r--p 00000000 /system/lib64/chipset-sdk-sp/libucollection_client.z.so
5a14586000-5a1458f000 r-xp 00005000 /system/lib64/chipset-sdk-sp/libucollection_client.z.so
5a1458f000-5a14593000 r--p 0000d000 /system/lib64/chipset-sdk-sp/libucollection_client.z.so
5a14593000-5a14594000 rw-p 00010000 /system/lib64/chipset-sdk-sp/libucollection_client.z.so
5a14594000-5a145b6000 r--p 00000000 /system/framework/distributedkvstore.abc
5a145b6000-5a145b9000 r--p 00000000 /system/framework/graphic_2d_ext_abc.abc
5a145b9000-5a145bd000 rw-p 00000000 [anon:native_heap:brk]
5a145bd000-5a145c0000 r--p 00000000 /system/framework/hdsPhysics2d_rigidBody.abc
5a145c0000-5a145c3000 r--p 00000000 /system/lib64/platformsdk/libnetsys_client.z.so
5a145c3000-5a145c8000 r-xp 00002000 /system/lib64/platformsdk/libnetsys_client.z.so
5a145c8000-5a145c9000 r--p 00006000 /system/lib64/platformsdk/libnetsys_client.z.so
5a145c9000-5a145ca000 rw-p 00006000 /system/lib64/platformsdk/libnetsys_client.z.so
5a145ca000-5a14648000 rw-p 00000000 [anon:libnetsys_client.z.so.bss]
5a14648000-5a1466f000 r--p 00000000 /system/framework/customtitle_static_abc.abc
5a1466f000-5a1467d000 r--p 00000000 /system/framework/fold_split_container_ets_abc.abc
5a1467d000-5a1467f000 r--p 00000000 /system/framework/hitrace_chain.abc
5a1467f000-5a14680000 r--p 00000000 /system/framework/hitrace_meter.abc
5a14680000-5a14695000 r--p 00000000 /system/lib64/chipset-sdk/libaccesstoken_common_cxx.z.so
5a14695000-5a1469b000 r-xp 00014000 /system/lib64/chipset-sdk/libaccesstoken_common_cxx.z.so
5a1469b000-5a146a0000 r--p 00019000 /system/lib64/chipset-sdk/libaccesstoken_common_cxx.z.so
5a146a0000-5a146a8000 rw-p 0001d000 /system/lib64/chipset-sdk/libaccesstoken_common_cxx.z.so
5a146a8000-5a146b4000 r--p 00000000 /system/framework/formHost.abc
5a146b4000-5a146c0000 r--p 00000000 /system/framework/formInfo.abc
5a146c0000-5a1477b000 r--p 00000000 /system/lib64/platformsdk/libappexecfwk_base.z.so
5a1477b000-5a1488e000 r-xp 000ba000 /system/lib64/platformsdk/libappexecfwk_base.z.so
5a1488e000-5a1489b000 r--p 001cc000 /system/lib64/platformsdk/libappexecfwk_base.z.so
5a1489b000-5a1489d000 rw-p 001d8000 /system/lib64/platformsdk/libappexecfwk_base.z.so
5a1489d000-5a148bf000 r--p 00000000 /system/framework/distributedmissionmanager.abc
5a148bf000-5a148c0000 r--p 00000000 /system/framework/hms_collaboration_pushDownstreamProcess.abc
5a148c0000-5a148d9000 r--p 00000000 /system/lib64/platformsdk/libaccount_common.z.so
5a148d9000-5a148fe000 r-xp 00018000 /system/lib64/platformsdk/libaccount_common.z.so
5a148fe000-5a14901000 r--p 0003c000 /system/lib64/platformsdk/libaccount_common.z.so
5a14901000-5a14902000 rw-p 0003e000 /system/lib64/platformsdk/libaccount_common.z.so
5a14902000-5a14906000 r--p 00000000 /system/framework/freeInstall.abc
5a14906000-5a1490b000 r--p 00000000 /system/framework/global.abc
5a1490b000-5a1490d000 r--p 00000000 /system/framework/hms_collaboration_inner_servicedelivery.abc
5a1490d000-5a1490e000 rw-p 00000000 [anon:native_heap:brk]
5a1490e000-5a14917000 r--p 00000000 /system/framework/full_screen_launch_ets_abc.abc
5a14917000-5a1491f000 r--p 00000000 /system/framework/fusion_awareness_app_abc.abc
5a1491f000-5a14927000 r--p 00000000 /system/framework/gesture_event.abc
5a14927000-5a14936000 r--p 00000000 /system/framework/graphics3d_scene.abc
5a14936000-5a1493e000 r--p 00000000 /system/framework/graphics3d_scene_post_process_settings.abc
5a1493e000-5a1493f000 r--p 00000000 /system/framework/imagecache.abc
5a1493f000-5a14940000 r--p 00000000 /system/framework/launcher_ability_info.abc
5a14940000-5a14942000 r--p 00000000 /system/lib64/platformsdk/librestorecon.z.so
5a14942000-5a14946000 r-xp 00001000 /system/lib64/platformsdk/librestorecon.z.so
5a14946000-5a14947000 r--p 00004000 /system/lib64/platformsdk/librestorecon.z.so
5a14947000-5a14948000 rw-p 00004000 /system/lib64/platformsdk/librestorecon.z.so
5a14948000-5a14958000 r--p 00000000 /system/framework/graphics3d_scene_nodes.abc
5a14958000-5a14971000 r--p 00000000 /system/framework/graphics3d_scene_resources.abc
5a14971000-5a1497d000 r--p 00000000 /system/framework/graphics3d_scene_types.abc
5a1497d000-5a14980000 r--p 00000000 /system/framework/hms_collaboration_collaborationability.abc
5a14980000-5a14988000 r--p 00000000 /system/lib64/platformsdk/libaccountkits.z.so
5a14988000-5a14999000 r-xp 00007000 /system/lib64/platformsdk/libaccountkits.z.so
5a14999000-5a1499d000 r--p 00017000 /system/lib64/platformsdk/libaccountkits.z.so
5a1499d000-5a1499e000 rw-p 0001a000 /system/lib64/platformsdk/libaccountkits.z.so
5a1499e000-5a149ab000 r--p 00000000 /system/framework/graphstore.abc
5a149ab000-5a149af000 r--p 00000000 /system/framework/hap_module_info.abc
5a149af000-5a149b6000 r--p 00000000 /system/framework/hardware_taihe_abc.abc
5a149b6000-5a149b9000 r--p 00000000 /system/framework/hms_collaboration_servicebrowser.abc
5a149b9000-5a149bd000 rw-p 00000000 [anon:native_heap:brk]
5a149bd000-5a149bf000 r--p 00000000 /system/framework/inputmethod_extension_ability_ani.abc
5a149bf000-5a149c0000 r--p 00000000 /system/framework/metadata.abc
5a149c0000-5a149ce000 r--p 00000000 /system/lib64/chipset-sdk-sp/libselinux.z.so
5a149ce000-5a149ec000 r-xp 0000d000 /system/lib64/chipset-sdk-sp/libselinux.z.so
5a149ec000-5a149ee000 r--p 0002a000 /system/lib64/chipset-sdk-sp/libselinux.z.so
5a149ee000-5a149ef000 rw-p 0002b000 /system/lib64/chipset-sdk-sp/libselinux.z.so
5a149ef000-5a149f1000 rw-p 00000000 [anon:libselinux.z.so.bss]
5a149f1000-5a149fc000 r--p 00000000 /system/framework/hiappevent.abc
5a149fc000-5a14a00000 r--p 00000000 /system/framework/hms_collaboration_camerasupplier.abc
5a14a00000-5a14a0a000 r--p 00000000 /system/lib64/chipset-sdk-sp/libstorage_manager_acl.z.so
5a14a0a000-5a14a1c000 r-xp 00009000 /system/lib64/chipset-sdk-sp/libstorage_manager_acl.z.so
5a14a1c000-5a14a1d000 r--p 0001a000 /system/lib64/chipset-sdk-sp/libstorage_manager_acl.z.so
5a14a1d000-5a14a1e000 rw-p 0001a000 /system/lib64/chipset-sdk-sp/libstorage_manager_acl.z.so
5a14a1e000-5a14a34000 r--p 00000000 /system/framework/hdsBaseComponent.abc
5a14a34000-5a14a3b000 r--p 00000000 /system/framework/hidebug.abc
5a14a3b000-5a14a40000 r--p 00000000 /system/framework/hisysevent.abc
5a14a40000-5a14a53000 r--p 00000000 /system/lib64/chipset-sdk-sp/libjsoncpp.z.so
5a14a53000-5a14a78000 r-xp 00012000 /system/lib64/chipset-sdk-sp/libjsoncpp.z.so
5a14a78000-5a14a7a000 r--p 00036000 /system/lib64/chipset-sdk-sp/libjsoncpp.z.so
5a14a7a000-5a14a7b000 rw-p 00037000 /system/lib64/chipset-sdk-sp/libjsoncpp.z.so
5a14a7b000-5a14a80000 r--p 00000000 /system/framework/hms.xrGlassesService.xrGlassesAppService.abc
5a14a80000-5a14a8c000 r--p 00000000 /system/lib64/platformsdk/libbase.z.so
5a14a8c000-5a14a95000 r-xp 0000b000 /system/lib64/platformsdk/libbase.z.so
5a14a95000-5a14a99000 r--p 00013000 /system/lib64/platformsdk/libbase.z.so
5a14a99000-5a14a9a000 rw-p 00016000 /system/lib64/platformsdk/libbase.z.so
5a14a9a000-5a14a9f000 r--p 00000000 /system/framework/hms_collaboration_collaborationservicemanager.abc
5a14a9f000-5a14aa7000 r--p 00000000 /system/framework/hms_collaboration_devicepicker.abc
5a14aa7000-5a14aab000 r--p 00000000 /system/framework/hms_collaboration_inner_devicepicker.abc
5a14aab000-5a14ab3000 r--p 00000000 /system/framework/hms_graphics_spatialRender.abc
5a14ab3000-5a14ac0000 r--p 00000000 /system/framework/http.abc
5a14ac0000-5a14ac1000 r--p 00000000 /system/lib64/libappspawn_stub_empty.so
5a14ac1000-5a14ac2000 r-xp 00000000 /system/lib64/libappspawn_stub_empty.so
5a14ac2000-5a14ac3000 r--p 00000000 /system/lib64/libappspawn_stub_empty.so
5a14ac3000-5a14ac4000 rw-p 00000000 /system/lib64/libappspawn_stub_empty.so
5a14ac4000-5a14afb000 r--p 00000000 /system/framework/hms_collaboration_collaborationdevicepicker.abc
5a14afb000-5a14b00000 r--p 00000000 /system/framework/input_event.abc
5a14b00000-5a14b14000 r--p 00000000 /system/lib64/platformsdk/libdomain_account_innerkits.z.so
5a14b14000-5a14b33000 r-xp 00013000 /system/lib64/platformsdk/libdomain_account_innerkits.z.so
5a14b33000-5a14b3a000 r--p 00031000 /system/lib64/platformsdk/libdomain_account_innerkits.z.so
5a14b3a000-5a14b3b000 rw-p 00037000 /system/lib64/platformsdk/libdomain_account_innerkits.z.so
5a14b3b000-5a14b40000 r--p 00000000 /system/framework/inputmethod_extraconfig_abc.abc
5a14b40000-5a14b41000 r--p 00000000 /system/lib64/libseccomp.z.so
5a14b41000-5a14b43000 r-xp 00000000 /system/lib64/libseccomp.z.so
5a14b43000-5a14b44000 r--p 00001000 /system/lib64/libseccomp.z.so
5a14b44000-5a14b45000 rw-p 00001000 /system/lib64/libseccomp.z.so
5a14b45000-5a14b6e000 r--p 00000000 /system/framework/hms_collaboration_rcp.abc
5a14b6e000-5a14b75000 r--p 00000000 /system/framework/image_loader_taihe_abc.abc
5a14b75000-5a14b7b000 r--p 00000000 /system/framework/infrared_emitter.abc
5a14b7b000-5a14b7d000 r--p 00000000 /system/framework/inspector.abc
5a14b7d000-5a14b7f000 r--p 00000000 /system/framework/intelligentscene.abc
5a14b7f000-5a14b80000 r--p 00000000 /system/framework/notification_action_button.abc
5a14b80000-5a14bcf000 r--p 00000000 /system/lib64/platformsdk/libhmicui18n.z.so
5a14bcf000-5a14d25000 r-xp 0004e000 /system/lib64/platformsdk/libhmicui18n.z.so
5a14d25000-5a14d34000 r--p 001a3000 /system/lib64/platformsdk/libhmicui18n.z.so
5a14d34000-5a14d35000 rw-p 001b1000 /system/lib64/platformsdk/libhmicui18n.z.so
5a14d35000-5a14d36000 rw-p 00000000 [anon:libhmicui18n.z.so.bss]
5a14d36000-5a14d3e000 r--p 00000000 /system/framework/input_consumer.abc
5a14d3e000-5a14d40000 r--p 00000000 /system/framework/launcher_ability_resource_info.abc
5a14d40000-5a14d43000 r--p 00000000 /system/lib64/platformsdk/libdistributeddata_mgr.z.so
5a14d43000-5a14d47000 r-xp 00002000 /system/lib64/platformsdk/libdistributeddata_mgr.z.so
5a14d47000-5a14d49000 r--p 00005000 /system/lib64/platformsdk/libdistributeddata_mgr.z.so
5a14d49000-5a14d4a000 rw-p 00006000 /system/lib64/platformsdk/libdistributeddata_mgr.z.so
5a14d4a000-5a14d73000 r--p 00000000 /system/framework/hms_collaboration_service.abc
5a14d73000-5a14d80000 r--p 00000000 /system/framework/input_device.abc
5a14d80000-5a14d8f000 r--p 00000000 /system/lib64/libsecurity_component_sdk.z.so
5a14d8f000-5a14da1000 r-xp 0000e000 /system/lib64/libsecurity_component_sdk.z.so
5a14da1000-5a14da5000 r--p 0001f000 /system/lib64/libsecurity_component_sdk.z.so
5a14da5000-5a14da6000 rw-p 00022000 /system/lib64/libsecurity_component_sdk.z.so
5a14da6000-5a14da7000 rw-p 00000000 [anon:libsecurity_component_sdk.z.so.bss]
5a14da7000-5a14dae000 r--p 00000000 /system/framework/input_event_client.abc
5a14dae000-5a14db5000 r--p 00000000 /system/framework/input_monitor.abc
5a14db5000-5a14dbb000 r--p 00000000 /system/framework/inputmethod_panel_abc.abc
5a14dbb000-5a14dc0000 r--p 00000000 /system/framework/intention_code.abc
5a14dc0000-5a14dcd000 r--p 00000000 /system/lib64/platformsdk/libfuse.z.so
5a14dcd000-5a14dee000 r-xp 0000c000 /system/lib64/platformsdk/libfuse.z.so
5a14dee000-5a14e00000 r--p 0002c000 /system/lib64/platformsdk/libfuse.z.so
5a14e00000-5a14e01000 rw-p 0003d000 /system/lib64/platformsdk/libfuse.z.so
5a14e01000-5a15602000 rw-p 00000000 [anon:libfuse.z.so.bss]
5a15602000-5a15637000 r--p 00000000 /system/framework/image_framework_taihe_abc.abc
5a15637000-5a1563d000 r--p 00000000 /system/framework/inputmethod_subtype_abc.abc
5a1563d000-5a15640000 r--p 00000000 /system/framework/launcher_bundle_manager.abc
5a15640000-5a15646000 r--p 00000000 /system/lib64/platformsdk/libdlp_fuse.z.so
5a15646000-5a1564e000 r-xp 00005000 /system/lib64/platformsdk/libdlp_fuse.z.so
5a1564e000-5a15650000 r--p 0000c000 /system/lib64/platformsdk/libdlp_fuse.z.so
5a15650000-5a15651000 rw-p 0000d000 /system/lib64/platformsdk/libdlp_fuse.z.so
5a15651000-5a15669000 r--p 00000000 /system/framework/inputmethod_abc.abc
5a15669000-5a1567b000 r--p 00000000 /system/framework/inputmethod_dialog_ets_abc.abc
5a1567b000-5a15680000 r--p 00000000 /system/framework/key_manager_taihe_abc.abc
5a15680000-5a15695000 r--p 00000000 /system/lib64/appspawn/common/libappspawn_sandbox.z.so
5a15695000-5a156c0000 r-xp 00014000 /system/lib64/appspawn/common/libappspawn_sandbox.z.so
5a156c0000-5a156c3000 r--p 0003e000 /system/lib64/appspawn/common/libappspawn_sandbox.z.so
5a156c3000-5a156c4000 rw-p 00040000 /system/lib64/appspawn/common/libappspawn_sandbox.z.so
5a156c4000-5a156c5000 rw-p 00000000 [anon:libappspawn_sandbox.z.so.bss]
5a156c5000-5a156e2000 r--p 00000000 /system/framework/inputmethod_engine_abc.abc
5a156e2000-5a156f7000 r--p 00000000 /system/framework/intelligent_voice_framework_taihe_abc.abc
5a156f7000-5a156fe000 r--p 00000000 /system/framework/key_event.abc
5a156fe000-5a15700000 r--p 00000000 /system/framework/live_form_extension_ability.abc
5a15700000-5a15702000 r--p 00000000 /system/lib64/appspawn/common/libevent_reporter.z.so
5a15702000-5a15704000 r-xp 00001000 /system/lib64/appspawn/common/libevent_reporter.z.so
5a15704000-5a15705000 r--p 00002000 /system/lib64/appspawn/common/libevent_reporter.z.so
5a15705000-5a15706000 rw-p 00002000 /system/lib64/appspawn/common/libevent_reporter.z.so
5a15706000-5a15714000 r--p 00000000 /system/framework/key_code.abc
5a15714000-5a15716000 r--p 00000000 /system/framework/live_form_extension_context.abc
5a15716000-5a1571c000 r--p 00000000 /system/framework/local_chat_abc.abc
5a1571c000-5a1573b000 r--p 00000000 /system/framework/location_framework_abc.abc
5a1573b000-5a1573d000 r--p 00000000 /system/framework/loglibrary.abc
5a1573d000-5a1573f000 r--p 00000000 /system/framework/network_security.abc
5a1573f000-5a15740000 r--p 00000000 /system/framework/notification_common_def.abc
5a15740000-5a15741000 r--p 00000000 /system/lib64/appspawn/libappspawn_asan.z.so
5a15741000-5a15743000 r-xp 00000000 /system/lib64/appspawn/libappspawn_asan.z.so
5a15743000-5a15744000 r--p 00001000 /system/lib64/appspawn/libappspawn_asan.z.so
5a15744000-5a15745000 rw-p 00001000 /system/lib64/appspawn/libappspawn_asan.z.so
5a15745000-5a15945000 r--s 00000000 /dev/__parameters__/u:object_r:persist_sys_param:s0
5a15945000-5a159c5000 rw-p 00000000 
5a159c5000-5a159d3000 r--p 00000000 /system/framework/mech_manager_abc.abc
5a159d3000-5a159d9000 r--p 00000000 /system/framework/metadataBinding_abc.abc
5a159d9000-5a159e7000 r--p 00000000 /system/framework/mindspore_ani_abc.abc
5a159e7000-5a159ed000 r--p 00000000 /system/framework/motion_abc.abc
5a159ed000-5a159f6000 r--p 00000000 /system/framework/mouse_event.abc
5a159f6000-5a159fc000 r--p 00000000 /system/framework/multimodalawareness_devicestatus_abc.abc
5a159fc000-5a15a00000 r--p 00000000 /system/framework/network_quality.abc
5a15a00000-5a15a07000 r--p 00000000 /system/lib64/libappspawn_client.z.so
5a15a07000-5a15a13000 r-xp 00006000 /system/lib64/libappspawn_client.z.so
5a15a13000-5a15a15000 r--p 00011000 /system/lib64/libappspawn_client.z.so
5a15a15000-5a15a16000 rw-p 00012000 /system/lib64/libappspawn_client.z.so
5a15a16000-5a15a2d000 r--p 00000000 /system/framework/multi_navigation_ets_abc.abc
5a15a2d000-5a15a33000 r--p 00000000 /system/framework/nearlinkCdsm_abc.abc
5a15a33000-5a15a39000 r--p 00000000 /system/framework/nearlinkConstant_abc.abc
5a15a39000-5a15a3e000 r--p 00000000 /system/framework/nearlinkRemoteDevice_abc.abc
5a15a3e000-5a15a3f000 r--p 00000000 /system/framework/notification_extension_content.abc
5a15a3f000-5a15a40000 r--p 00000000 /system/framework/notification_extension_subscriber_extension_ability.abc
5a15a40000-5a15a5b000 r--p 00000000 /system/lib64/platformsdk/libwindow_scene_common.z.so
5a15a5b000-5a15a7c000 r-xp 0001a000 /system/lib64/platformsdk/libwindow_scene_common.z.so
5a15a7c000-5a15a80000 r--p 0003a000 /system/lib64/platformsdk/libwindow_scene_common.z.so
5a15a80000-5a15a81000 rw-p 0003d000 /system/lib64/platformsdk/libwindow_scene_common.z.so
5a15a81000-5a15abe000 r--p 00000000 /system/framework/media_taihe_abc.abc
5a15abe000-5a15abf000 r--p 00000000 /system/framework/notification_extension_subscriber_extension_context.abc
5a15abf000-5a15ac0000 r--p 00000000 /system/framework/notification_extension_subscription_info.abc
5a15ac0000-5a15ac1000 r--p 00000000 /system/lib64/libabsl_spinlock_wait.z.so
5a15ac1000-5a15ac2000 r-xp 00000000 /system/lib64/libabsl_spinlock_wait.z.so
5a15ac2000-5a15ac3000 r--p 00000000 /system/lib64/libabsl_spinlock_wait.z.so
5a15ac3000-5a15ac4000 rw-p 00000000 /system/lib64/libabsl_spinlock_wait.z.so
5a15ac4000-5a15acd000 r--p 00000000 /system/framework/nearlinkManager_abc.abc
5a15acd000-5a15ad3000 r--p 00000000 /system/framework/nfc_fwk_etc_cardEmulation_abc.abc
5a15ad3000-5a15ad8000 r--p 00000000 /system/framework/nfc_fwk_etc_controller_abc.abc
5a15ad8000-5a15af4000 r--p 00000000 /system/framework/nfc_fwk_etc_tag_abc.abc
5a15af4000-5a15afe000 r--p 00000000 /system/framework/notification_content.abc
5a15afe000-5a15b00000 r--p 00000000 /system/framework/notification_flags.abc
5a15b00000-5a15b05000 r--p 00000000 /system/lib64/libtask_handler_wrap.z.so
5a15b05000-5a15b0b000 r-xp 00004000 /system/lib64/libtask_handler_wrap.z.so
5a15b0b000-5a15b0c000 r--p 00009000 /system/lib64/libtask_handler_wrap.z.so
5a15b0c000-5a15b0d000 rw-p 00009000 /system/lib64/libtask_handler_wrap.z.so
5a15b0d000-5a15b12000 r--p 00000000 /system/framework/notification_extension_subscription.abc
5a15b12000-5a15b14000 r--p 00000000 /system/framework/notification_info.abc
5a15b14000-5a15b26000 r--p 00000000 /system/framework/notification_manager.abc
5a15b26000-5a15b31000 r--p 00000000 /system/framework/notification_request.abc
5a15b31000-5a15b33000 r--p 00000000 /system/framework/notification_slot.abc
5a15b33000-5a15b35000 r--p 00000000 /system/framework/notification_sorting.abc
5a15b35000-5a15b36000 r--p 00000000 /system/framework/notification_sorting_map.abc
5a15b36000-5a15b3d000 r--p 00000000 /system/framework/notification_subscribe.abc
5a15b3d000-5a15b3e000 r--p 00000000 /system/framework/notification_subscribe_info.abc
5a15b3e000-5a15b3f000 r--p 00000000 /system/framework/notification_template.abc
5a15b3f000-5a15b40000 r--p 00000000 /system/framework/notification_user_input.abc
5a15b40000-5a15b49000 r--p 00000000 /system/lib64/libpurgeablemem_plugin.z.so
5a15b49000-5a15b57000 r-xp 00008000 /system/lib64/libpurgeablemem_plugin.z.so
5a15b57000-5a15b59000 r--p 00015000 /system/lib64/libpurgeablemem_plugin.z.so
5a15b59000-5a15b5a000 rw-p 00016000 /system/lib64/libpurgeablemem_plugin.z.so
5a15b5a000-5a15b61000 r--p 00000000 /system/framework/notification_subscriber.abc
5a15b61000-5a15b69000 r--p 00000000 /system/framework/observer.abc
5a15b69000-5a15b7b000 r--p 00000000 /system/framework/ohos_distributedDeviceManager_abc.abc
5a15b7b000-5a15b7d000 r--p 00000000 /system/framework/ohos_file_environment_abc.abc
5a15b7d000-5a15b7f000 r--p 00000000 /system/framework/ohos_file_hash_abc.abc
5a15b7f000-5a15b80000 r--p 00000000 /system/framework/overlayManager.abc
5a15b80000-5a15ba1000 r--p 00000000 /system/lib64/platformsdk/libdistributeddata_inner.z.so
5a15ba1000-5a15c0b000 r-xp 00020000 /system/lib64/platformsdk/libdistributeddata_inner.z.so
5a15c0b000-5a15c15000 r--p 00089000 /system/lib64/platformsdk/libdistributeddata_inner.z.so
5a15c15000-5a15c16000 rw-p 00092000 /system/lib64/platformsdk/libdistributeddata_inner.z.so
5a15c16000-5a15c17000 rw-p 00000000 [anon:libdistributeddata_inner.z.so.bss]
5a15c17000-5a15c3b000 r--p 00000000 /system/framework/ohos_file_fs_abc.abc
5a15c3b000-5a15c3d000 r--p 00000000 /system/framework/ohos_file_securityLabel_abc.abc
5a15c3d000-5a15c3f000 r--p 00000000 /system/framework/ohos_file_statvfs_abc.abc
5a15c3f000-5a15c40000 r--p 00000000 /system/framework/overlay_module_info.abc
5a15c40000-5a15c4a000 r--p 00000000 /system/lib64/libimf_hisysevent.z.so
5a15c4a000-5a15c5c000 r-xp 00009000 /system/lib64/libimf_hisysevent.z.so
5a15c5c000-5a15c5f000 r--p 0001a000 /system/lib64/libimf_hisysevent.z.so
5a15c5f000-5a15c60000 rw-p 0001c000 /system/lib64/libimf_hisysevent.z.so
5a15c60000-5a15c61000 rw-p 00000000 [anon:libimf_hisysevent.z.so.bss]
5a15c61000-5a15c6e000 r--p 00000000 /system/framework/onScreen_abc.abc
5a15c6e000-5a15c72000 r--p 00000000 /system/framework/overlay.abc
5a15c72000-5a15c79000 r--p 00000000 /system/framework/parentControl_ets.abc
5a15c79000-5a15c7a000 r--p 00000000 /system/framework/permission_def.abc
5a15c7a000-5a15c7b000 r--p 00000000 /system/framework/permissions.abc
5a15c7b000-5a15c7d000 r--p 00000000 /system/framework/photo_editor_extension_ability_ani.abc
5a15c7d000-5a15c7f000 r--p 00000000 /system/framework/plugin_bundle_info.abc
5a15c7f000-5a15c80000 r--p 00000000 /system/framework/print_extension_ability_ani.abc
5a15c80000-5a15cae000 r--p 00000000 /system/lib64/platformsdk/libapp_context.z.so
5a15cae000-5a15ce6000 r-xp 0002d000 /system/lib64/platformsdk/libapp_context.z.so
5a15ce6000-5a15ce9000 r--p 00064000 /system/lib64/platformsdk/libapp_context.z.so
5a15ce9000-5a15cea000 rw-p 00066000 /system/lib64/platformsdk/libapp_context.z.so
5a15cea000-5a15ceb000 rw-p 00000000 [anon:libapp_context.z.so.bss]
5a15ceb000-5a15cf9000 r--p 00000000 /system/framework/pasteboard_taihe_ani.abc
5a15cf9000-5a15cfd000 r--p 00000000 /system/framework/pluginComponent.abc
5a15cfd000-5a15cfe000 r--p 00000000 /system/framework/print_extension_context_abc.abc
5a15cfe000-5a15cff000 r--p 00000000 /system/framework/prompt.abc
5a15cff000-5a15d00000 r--p 00000000 /system/framework/remote_ability_info.abc
5a15d00000-5a15d04000 r--p 00000000 /system/lib64/platformsdk/libsession_handler.z.so
5a15d04000-5a15d06000 r-xp 00003000 /system/lib64/platformsdk/libsession_handler.z.so
5a15d06000-5a15d08000 r--p 00004000 /system/lib64/platformsdk/libsession_handler.z.so
5a15d08000-5a15d09000 rw-p 00005000 /system/lib64/platformsdk/libsession_handler.z.so
5a15d09000-5a15d3b000 r--p 00000000 /system/framework/os_account_abc.abc
5a15d3b000-5a15d3e000 r--p 00000000 /system/framework/quick_fix_manager.abc
5a15d3e000-5a15d40000 r--p 00000000 /system/framework/recoverable_application_info.abc
5a15d40000-5a15d49000 r--p 00000000 /system/lib64/appspawn/appspawn/libappspawn_ace.z.so
5a15d49000-5a15d54000 r-xp 00008000 /system/lib64/appspawn/appspawn/libappspawn_ace.z.so
5a15d54000-5a15d56000 r--p 00012000 /system/lib64/appspawn/appspawn/libappspawn_ace.z.so
5a15d56000-5a15d57000 rw-p 00013000 /system/lib64/appspawn/appspawn/libappspawn_ace.z.so
5a15d57000-5a15d69000 r--p 00000000 /system/framework/pointer.abc
5a15d69000-5a15d6f000 r--p 00000000 /system/framework/power_abc.abc
5a15d6f000-5a15d79000 r--p 00000000 /system/framework/preferences_abc.abc
5a15d79000-5a15d80000 r--p 00000000 /system/framework/privacy_indicator_manager_abc.abc
5a15d80000-5a15d9d000 r--p 00000000 /system/lib64/platformsdk/libbgtaskmgr_innerkits.z.so
5a15d9d000-5a15dc2000 r-xp 0001c000 /system/lib64/platformsdk/libbgtaskmgr_innerkits.z.so
5a15dc2000-5a15dca000 r--p 00040000 /system/lib64/platformsdk/libbgtaskmgr_innerkits.z.so
5a15dca000-5a15dcb000 rw-p 00047000 /system/lib64/platformsdk/libbgtaskmgr_innerkits.z.so
5a15dcb000-5a15de3000 r--p 00000000 /system/framework/popup_ets_abc.abc
5a15de3000-5a15dfe000 r--p 00000000 /system/framework/print.abc
5a15dfe000-5a15dff000 r--p 00000000 /system/framework/scene_session_manager_abc.abc
5a15dff000-5a15e00000 r--p 00000000 /system/framework/static_subscriber_extension_ability.abc
5a15e00000-5a15e66000 r--p 00000000 /system/lib64/platformsdk/libimage_native.z.so
5a15e66000-5a15f42000 r-xp 00065000 /system/lib64/platformsdk/libimage_native.z.so
5a15f42000-5a15f4b000 r--p 00140000 /system/lib64/platformsdk/libimage_native.z.so
5a15f4b000-5a15f4c000 rw-p 00148000 /system/lib64/platformsdk/libimage_native.z.so
5a15f4c000-5a15f4e000 rw-p 00000000 [anon:libimage_native.z.so.bss]
5a15f4e000-5a15f57000 r--p 00000000 /system/framework/privacy_manager.abc
5a15f57000-5a15f64000 r--p 00000000 /system/framework/promptAction.abc
5a15f64000-5a15f6c000 r--p 00000000 /system/framework/proxychannelmanager_taihe_ani.abc
5a15f6c000-5a15f7d000 r--p 00000000 /system/framework/rpc_taihe_abc.abc
5a15f7d000-5a15f7f000 r--p 00000000 /system/framework/screen_lock_file_manager.abc
5a15f7f000-5a15f80000 r--p 00000000 /system/framework/systemprompt.abc
5a15f80000-5a15f81000 r--p 00000000 /system/lib64/platformsdk/libabsl_raw_logging_internal.z.so
5a15f81000-5a15f83000 r-xp 00000000 /system/lib64/platformsdk/libabsl_raw_logging_internal.z.so
5a15f83000-5a15f84000 r--p 00001000 /system/lib64/platformsdk/libabsl_raw_logging_internal.z.so
5a15f84000-5a15f85000 rw-p 00001000 /system/lib64/platformsdk/libabsl_raw_logging_internal.z.so
5a15f85000-5a15fb8000 r--p 00000000 /system/framework/relationalstore.abc
5a15fb8000-5a15fbe000 r--p 00000000 /system/framework/runningLock_abc.abc
5a15fbe000-5a15fc0000 r--p 00000000 /system/framework/share_bundle_info.abc
5a15fc0000-5a15fd0000 r--p 00000000 /system/lib64/platformsdk/libuv.so
5a15fd0000-5a15ff4000 r-xp 0000f000 /system/lib64/platformsdk/libuv.so
5a15ff4000-5a15ff6000 r--p 00032000 /system/lib64/platformsdk/libuv.so
5a15ff6000-5a15ff7000 rw-p 00033000 /system/lib64/platformsdk/libuv.so
5a15ff7000-5a15ffc000 r--p 00000000 /system/framework/screenLock_static.abc
5a15ffc000-5a15fff000 r--p 00000000 /system/framework/shape_ani.abc
5a15fff000-5a16000000 r--p 00000000 /system/framework/telephony_vsim.abc
5a16000000-5a1600a000 r--p 00000000 /system/lib64/platformsdk/libarkweb_utils.z.so
5a1600a000-5a16020000 r-xp 00009000 /system/lib64/platformsdk/libarkweb_utils.z.so
5a16020000-5a16022000 r--p 0001e000 /system/lib64/platformsdk/libarkweb_utils.z.so
5a16022000-5a16023000 rw-p 0001f000 /system/lib64/platformsdk/libarkweb_utils.z.so
5a16023000-5a16039000 r--p 00000000 /system/framework/reminder_agent_manager_abc.abc
5a16039000-5a1603e000 r--p 00000000 /system/framework/screenshot_abc.abc
5a1603e000-5a16040000 r--p 00000000 /system/framework/skill.abc
5a16040000-5a16125000 r--p 00000000 /system/lib64/libwm.z.so
5a16125000-5a162e0000 r-xp 000e4000 /system/lib64/libwm.z.so
5a162e0000-5a16311000 r--p 0029e000 /system/lib64/libwm.z.so
5a16311000-5a16312000 rw-p 002ce000 /system/lib64/libwm.z.so
5a16312000-5a16315000 rw-p 00000000 [anon:libwm.z.so.bss]
5a16315000-5a16330000 r--p 00000000 /system/framework/request.abc
5a16330000-5a1633c000 r--p 00000000 /system/framework/screen_abc.abc
5a1633c000-5a1633f000 r--p 00000000 /system/framework/shortcut_info.abc
5a1633f000-5a16340000 r--p 00000000 /system/framework/thememanager.abc
5a16340000-5a16342000 r--p 00000000 /system/lib64/platformsdk/libace_container_scope.z.so
5a16342000-5a16344000 r-xp 00001000 /system/lib64/platformsdk/libace_container_scope.z.so
5a16344000-5a16345000 r--p 00002000 /system/lib64/platformsdk/libace_container_scope.z.so
5a16345000-5a16346000 rw-p 00002000 /system/lib64/platformsdk/libace_container_scope.z.so
5a16346000-5a1635c000 r--p 00000000 /system/framework/selection_menu_ets_abc.abc
5a1635c000-5a16379000 r--p 00000000 /system/framework/sensor_abc.abc
5a16379000-5a1637f000 r--p 00000000 /system/framework/settings.abc
5a1637f000-5a16380000 r--p 00000000 /system/framework/ui_service_extension_connect_callback_abc.abc
5a16380000-5a16381000 r--p 00000000 /system/lib64/platformsdk/libimage_error_convert.z.so
5a16381000-5a16384000 r-xp 00000000 /system/lib64/platformsdk/libimage_error_convert.z.so
5a16384000-5a16385000 r--p 00002000 /system/lib64/platformsdk/libimage_error_convert.z.so
5a16385000-5a16386000 rw-p 00002000 /system/lib64/platformsdk/libimage_error_convert.z.so
5a16386000-5a1638f000 r--p 00000000 /system/framework/service_extension_ability.abc
5a1638f000-5a16395000 r--p 00000000 /system/framework/sharing.abc
5a16395000-5a1639b000 r--p 00000000 /system/framework/short_key.abc
5a1639b000-5a1639f000 r--p 00000000 /system/framework/shortcut_manager.abc
5a1639f000-5a163aa000 r--p 00000000 /system/framework/soundpool_taihe_abc.abc
5a163aa000-5a163b2000 r--p 00000000 /system/framework/spatialAwareness_abc.abc
5a163b2000-5a163b4000 r--p 00000000 /system/framework/static_subscriber_extension_context.abc
5a163b4000-5a163bd000 r--p 00000000 /system/framework/statistics.abc
5a163bd000-5a163bf000 r--p 00000000 /system/framework/super_privacy_manager_abc.abc
5a163bf000-5a163c0000 r--p 00000000 /system/framework/ui_service_host_proxy_abc.abc
5a163c0000-5a163c5000 r--p 00000000 /system/lib64/platformsdk/libtimer.z.so
5a163c5000-5a163cc000 r-xp 00004000 /system/lib64/platformsdk/libtimer.z.so
5a163cc000-5a163ce000 r--p 0000a000 /system/lib64/platformsdk/libtimer.z.so
5a163ce000-5a163cf000 rw-p 0000b000 /system/lib64/platformsdk/libtimer.z.so
5a163cf000-5a163db000 r--p 00000000 /system/framework/storage_statistics_taihe_abc.abc
5a163db000-5a163e0000 r--p 00000000 /system/framework/systemCapability.abc
5a163e0000-5a163e5000 r--p 00000000 /system/framework/systemData.abc
5a163e5000-5a163eb000 r--p 00000000 /system/framework/systemParameterEnhance.abc
5a163eb000-5a163f2000 r--p 00000000 /system/framework/systemdatetime_abc.abc
5a163f2000-5a163f8000 r--p 00000000 /system/framework/systemload_abc.abc
5a163f8000-5a163ff000 r--p 00000000 /system/framework/systemtimer_abc.abc
5a163ff000-5a16400000 r--p 00000000 /system/framework/ui_service_proxy_abc.abc
5a16400000-5a16454000 r--p 00000000 /system/lib64/platformsdk/libwindow_native_kit.z.so
5a16454000-5a1650a000 r-xp 00053000 /system/lib64/platformsdk/libwindow_native_kit.z.so
5a1650a000-5a16515000 r--p 00108000 /system/lib64/platformsdk/libwindow_native_kit.z.so
5a16515000-5a16516000 rw-p 00112000 /system/lib64/platformsdk/libwindow_native_kit.z.so
5a16516000-5a16517000 rw-p 00000000 [anon:libwindow_native_kit.z.so.bss]
5a16517000-5a16533000 r--p 00000000 /system/framework/system_sound_manager_taihe_abc.abc
5a16533000-5a1653b000 r--p 00000000 /system/framework/telephony_data.abc
5a1653b000-5a1653e000 r--p 00000000 /system/framework/telephony_observer.abc
5a1653e000-5a1653f000 r--p 00000000 /system/framework/user_auth_extension.abc
5a1653f000-5a16540000 r--p 00000000 /system/framework/workscheduler_extension_ability_abc.abc
5a16540000-5a165d0000 r--p 00000000 /system/lib64/platformsdk/libscene_session.z.so
5a165d0000-5a16754000 r-xp 0008f000 /system/lib64/platformsdk/libscene_session.z.so
5a16754000-5a1678f000 r--p 00212000 /system/lib64/platformsdk/libscene_session.z.so
5a1678f000-5a16790000 rw-p 0024c000 /system/lib64/platformsdk/libscene_session.z.so
5a16790000-5a16792000 rw-p 00000000 [anon:libscene_session.z.so.bss]
5a16792000-5a16798000 r--p 00000000 /system/framework/telephony_enhanced.abc
5a16798000-5a167a6000 r--p 00000000 /system/framework/telephony_esim.abc
5a167a6000-5a167bf000 r--p 00000000 /system/framework/text_engine.abc
5a167bf000-5a167c0000 r--p 00000000 /system/framework/workscheduler_extension_context_abc.abc
5a167c0000-5a1680d000 r--p 00000000 /system/lib64/libvideoprocessingengine.z.so
5a1680d000-5a168ad000 r-xp 0004c000 /system/lib64/libvideoprocessingengine.z.so
5a168ad000-5a168bb000 r--p 000eb000 /system/lib64/libvideoprocessingengine.z.so
5a168bb000-5a168bc000 rw-p 000f8000 /system/lib64/libvideoprocessingengine.z.so
5a168bc000-5a168c5000 rw-p 00000000 [anon:libvideoprocessingengine.z.so.bss]
5a168c5000-5a168e1000 r--p 00000000 /system/framework/telephony_radio_abc.abc
5a168e1000-5a168fc000 r--p 00000000 /system/framework/telephony_sim.abc
5a168fc000-5a168ff000 r--p 00000000 /system/framework/ui_service_extension_context_abc.abc
5a168ff000-5a16900000 r--p 00000000 /system/framework/custom_config.abc
5a16900000-5a1690d000 r--p 00000000 /system/lib64/platformsdk/libchild_process_manager.z.so
5a1690d000-5a1691b000 r-xp 0000c000 /system/lib64/platformsdk/libchild_process_manager.z.so
5a1691b000-5a1691d000 r--p 00019000 /system/lib64/platformsdk/libchild_process_manager.z.so
5a1691d000-5a1691e000 rw-p 0001a000 /system/lib64/platformsdk/libchild_process_manager.z.so
5a1691e000-5a16923000 r--p 00000000 /system/framework/thermal_abc.abc
5a16923000-5a1692c000 r--p 00000000 /system/framework/touch_event.abc
5a1692c000-5a1693f000 r--p 00000000 /system/framework/udmf_components_ets_abc.abc
5a1693f000-5a16940000 r--p 00000000 /system/framework/mediaquery.abc
5a16940000-5a16ad5000 r--p 00000000 /system/lib64/chipset-sdk/libohosffmpeg.z.so
5a16ad5000-5a170e9000 r-xp 00194000 /system/lib64/chipset-sdk/libohosffmpeg.z.so
5a170e9000-5a17133000 r--p 007a7000 /system/lib64/chipset-sdk/libohosffmpeg.z.so
5a17133000-5a17135000 rw-p 007f0000 /system/lib64/chipset-sdk/libohosffmpeg.z.so
5a17135000-5a18431000 rw-p 00000000 [anon:libohosffmpeg.z.so.bss]
5a18431000-5a1843e000 r--p 00000000 /system/framework/uiEffect_taihe_abc.abc
5a1843e000-5a18440000 r--p 00000000 /system/framework/web_native_messaging_extension_ability.abc
5a18440000-5a18444000 r--p 00000000 /system/lib64/chipset-sdk-sp/libpub_utils.z.so
5a18444000-5a18449000 r-xp 00003000 /system/lib64/chipset-sdk-sp/libpub_utils.z.so
5a18449000-5a1844a000 r--p 00007000 /system/lib64/chipset-sdk-sp/libpub_utils.z.so
5a1844a000-5a1844c000 rw-p 00007000 /system/lib64/chipset-sdk-sp/libpub_utils.z.so
5a1844c000-5a18457000 r--p 00000000 /system/framework/ui_extension_ability_ani.abc
5a18457000-5a1845d000 r--p 00000000 /system/framework/underageModel_abc.abc
5a1845d000-5a18475000 r--p 00000000 /system/framework/update_ani.abc
5a18475000-5a18478000 r--p 00000000 /system/framework/uri_permission_manager.abc
5a18478000-5a18480000 r--p 00000000 /system/framework/urpc_ani_abc.abc
5a18480000-5a18487000 r--p 00000000 /system/lib64/platformsdk/libconsole.z.so
5a18487000-5a18493000 r-xp 00006000 /system/lib64/platformsdk/libconsole.z.so
5a18493000-5a18495000 r--p 00011000 /system/lib64/platformsdk/libconsole.z.so
5a18495000-5a18496000 rw-p 00012000 /system/lib64/platformsdk/libconsole.z.so
5a18496000-5a184aa000 r--p 00000000 /system/framework/usb_manager_abc.abc
5a184aa000-5a184b3000 r--p 00000000 /system/framework/usbmanager_serial_abc.abc
5a184b3000-5a184b9000 r--p 00000000 /system/framework/user_auth_icon_ets_abc.abc
5a184b9000-5a184bf000 r--p 00000000 /system/framework/userfile_manager.abc
5a184bf000-5a184c0000 r--p 00000000 /system/framework/memmgr.abc
5a184c0000-5a184c6000 r--p 00000000 /system/lib64/libabsl_time.z.so
5a184c6000-5a184cf000 r-xp 00005000 /system/lib64/libabsl_time.z.so
5a184cf000-5a184d1000 r--p 0000d000 /system/lib64/libabsl_time.z.so
5a184d1000-5a184d2000 rw-p 0000e000 /system/lib64/libabsl_time.z.so
5a184d2000-5a184e1000 r--p 00000000 /system/framework/vibrator_abc.abc
5a184e1000-5a184e8000 r--p 00000000 /system/framework/video_processing_engine_taihe_abc.abc
5a184e8000-5a184f0000 r--p 00000000 /system/framework/volume_manager_taihe_abc.abc
5a184f0000-5a184f9000 r--p 00000000 /system/framework/wallpapermgr.abc
5a184f9000-5a184fb000 r--p 00000000 /system/framework/web_native_messaging_extension_context.abc
5a184fb000-5a184fe000 r--p 00000000 /system/framework/web_native_messaging_extension_manager.abc
5a184fe000-5a18500000 r--p 00000000 /system/framework/adminManager.abc
5a18500000-5a18506000 r--p 00000000 /system/lib64/libweb_configs.z.so
5a18506000-5a18512000 r-xp 00005000 /system/lib64/libweb_configs.z.so
5a18512000-5a18514000 r--p 00010000 /system/lib64/libweb_configs.z.so
5a18514000-5a18515000 rw-p 00011000 /system/lib64/libweb_configs.z.so
5a18515000-5a18520000 r--p 00000000 /system/framework/web_innerUI.abc
5a18520000-5a18529000 r--p 00000000 /system/framework/websocket.abc
5a18529000-5a18531000 r--p 00000000 /system/framework/window_animation_manager_ets.abc
5a18531000-5a1853b000 r--p 00000000 /system/framework/work_scheduler_abc.abc
5a1853b000-5a1853f000 r--p 00000000 /system/framework/configPolicy.abc
5a1853f000-5a18540000 r--p 00000000 /system/framework/rawFileDescriptor.abc
5a18540000-5a1855b000 r--p 00000000 /system/lib64/platformsdk/libheifparser.z.so
5a1855b000-5a18595000 r-xp 0001a000 /system/lib64/platformsdk/libheifparser.z.so
5a18595000-5a18599000 r--p 00053000 /system/lib64/platformsdk/libheifparser.z.so
5a18599000-5a1859a000 rw-p 00056000 /system/lib64/platformsdk/libheifparser.z.so
5a1859a000-5a1859e000 rw-p 00000000 [anon:libheifparser.z.so.bss]
5a1859e000-5a185c0000 r--p 00000000 /system/framework/wifiManager_framework_abc.abc
5a185c0000-5a185c9000 r--p 00000000 /system/lib64/platformsdk/libnative_dataability.z.so
5a185c9000-5a185d2000 r-xp 00008000 /system/lib64/platformsdk/libnative_dataability.z.so
5a185d2000-5a185d6000 r--p 00010000 /system/lib64/platformsdk/libnative_dataability.z.so
5a185d6000-5a185d7000 rw-p 00013000 /system/lib64/platformsdk/libnative_dataability.z.so
5a185d7000-5a185f0000 r--p 00000000 /system/framework/window_titlebar_component_abc.abc
5a185f0000-5a185f2000 r--p 00000000 /system/framework/fontManager.abc
5a185f2000-5a185f8000 r--p 00000000 /system/framework/hms.hiviewdfx.infosec.abc
5a185f8000-5a185fd000 r--p 00000000 /system/framework/hms.userIAM.fingerAuthManager.abc
5a185fd000-5a18600000 r--p 00000000 /system/framework/matrix4.abc
5a18600000-5a1868f000 r--p 00000000 /system/lib64/libstd.dylib.so
5a1868f000-5a1871e000 r-xp 0008e000 /system/lib64/libstd.dylib.so
5a1871e000-5a18727000 r--p 0011c000 /system/lib64/libstd.dylib.so
5a18727000-5a18728000 rw-p 00124000 /system/lib64/libstd.dylib.so
5a18728000-5a18729000 rw-p 00000000 [anon:libstd.dylib.so.bss]
5a18729000-5a18734000 r--p 00000000 /system/framework/i18n.abc
5a18734000-5a1873a000 r--p 00000000 /system/framework/intl.abc
5a1873a000-5a1873d000 r--p 00000000 /system/framework/networkManager.abc
5a1873d000-5a1873f000 r--p 00000000 /system/framework/performanceMonitor.abc
5a1873f000-5a18740000 r--p 00000000 /system/framework/restrictions.abc
5a18740000-5a1875c000 r--p 00000000 /system/lib64/platformsdk/libipc_napi.z.so
5a1875c000-5a1878e000 r-xp 0001b000 /system/lib64/platformsdk/libipc_napi.z.so
5a1878e000-5a18794000 r--p 0004c000 /system/lib64/platformsdk/libipc_napi.z.so
5a18794000-5a18795000 rw-p 00051000 /system/lib64/platformsdk/libipc_napi.z.so
5a18795000-5a187b5000 r--p 00000000 /system/framework/zlib.abc
5a187b5000-5a187bc000 r--p 00000000 /system/framework/linkEnhance_taihe_ani.abc
5a187bc000-5a187bd000 r--p 00000000 /system/framework/securityManager.abc
5a187bd000-5a187be000 r--p 00000000 /system/framework/ui_appearance_abc.abc
5a187be000-5a187bf000 rw-p 00000000 [anon:ArkTS Code:/app/ability/libextensionability_napi.z.so_15424_2]
5a187bf000-5a187c0000 rw-p 00000000 [anon:ArkTS Code:/system/lib64/module/app/ability/libuiability.z.so_15360_1]
5a187c0000-5a187db000 r--p 00000000 /system/lib64/platformsdk/libdevicestatus_client.z.so
5a187db000-5a1883d000 r-xp 0001a000 /system/lib64/platformsdk/libdevicestatus_client.z.so
5a1883d000-5a18844000 r--p 0007b000 /system/lib64/platformsdk/libdevicestatus_client.z.so
5a18844000-5a18845000 rw-p 00081000 /system/lib64/platformsdk/libdevicestatus_client.z.so
5a18845000-5a18848000 rw-p 00000000 [anon:libdevicestatus_client.z.so.bss]
5a18848000-5a1887d000 r--p 00000000 /system/framework/udmf_abc.abc
5a1887d000-5a18880000 rw-p 00000000 [anon:native_heap:brk]
5a18880000-5a1888b000 r--p 00000000 /system/lib64/libfileuri_native.z.so
5a1888b000-5a188a4000 r-xp 0000a000 /system/lib64/libfileuri_native.z.so
5a188a4000-5a188a6000 r--p 00022000 /system/lib64/libfileuri_native.z.so
5a188a6000-5a188a7000 rw-p 00023000 /system/lib64/libfileuri_native.z.so
5a188a7000-5a188a8000 rw-p 00000000 [anon:libfileuri_native.z.so.bss]
5a188a8000-5a188ad000 r--p 00000000 /system/framework/ohos.userIAM.faceAuth.abc
5a188ad000-5a188b4000 r--p 00000000 /system/framework/ohos.userIAM.userAccessCtrl.abc
5a188b4000-5a188b8000 rw-p 00000000 [anon:native_heap:brk]
5a188b8000-5a188ba000 rw-p 00000000 [anon:ArkTS Code:/system/lib64/module/application/libcallee_napi.z.so_15360_1]
5a188ba000-5a188bb000 rw-p 00000000 [anon:ArkTS Code:/app/ability/libuiextensionability_napi.z.so_15440_2]
5a188bb000-5a188bc000 rw-p 00000000 [anon:ArkTS Code:/system/lib64/module/application/libability_napi.z.so_15376_1]
5a188bc000-5a188c0000 rw-p 00000000 [anon:native_heap:brk]
5a188c0000-5a188c7000 r--p 00000000 /system/lib64/platformsdk/libwantagent_manager.z.so
5a188c7000-5a188ce000 r-xp 00006000 /system/lib64/platformsdk/libwantagent_manager.z.so
5a188ce000-5a188d2000 r--p 0000c000 /system/lib64/platformsdk/libwantagent_manager.z.so
5a188d2000-5a188d3000 rw-p 0000f000 /system/lib64/platformsdk/libwantagent_manager.z.so
5a188d3000-5a18900000 r--p 00000000 /system/framework/web_webview.abc
5a18900000-5a18908000 r--p 00000000 /system/lib64/libdevicemanagerjson.z.so
5a18908000-5a18914000 r-xp 00007000 /system/lib64/libdevicemanagerjson.z.so
5a18914000-5a18916000 r--p 00012000 /system/lib64/libdevicemanagerjson.z.so
5a18916000-5a18917000 rw-p 00013000 /system/lib64/libdevicemanagerjson.z.so
5a18917000-5a18924000 r--p 00000000 /system/framework/resourceManager.abc
5a18924000-5a18934000 r--p 00000000 /system/framework/usage_statistics_abc.abc
5a18934000-5a1893c000 rw-p 00000000 [anon:native_heap:brk]
5a1893c000-5a1893f000 rw-p 00000000 [anon:ArkTS Code:/system/lib64/module/application/libabilitycontext_napi.z.so_15408_1]
5a1893f000-5a18940000 rw-p 00000000 [anon:ArkTS Code:/system/lib64/module/application/libabilitystage_napi.z.so_15408_1]
5a18940000-5a18947000 r--p 00000000 /system/lib64/platformsdk/libsoftbus_dfx.z.so
5a18947000-5a1895b000 r-xp 00006000 /system/lib64/platformsdk/libsoftbus_dfx.z.so
5a1895b000-5a18963000 r--p 00019000 /system/lib64/platformsdk/libsoftbus_dfx.z.so
5a18963000-5a18964000 rw-p 00020000 /system/lib64/platformsdk/libsoftbus_dfx.z.so
5a18964000-5a18971000 r--p 00000000 /system/framework/user_auth.abc
5a18971000-5a18979000 rw-p 00000000 [anon:native_heap:brk]
5a18979000-5a1897a000 rw-p 00000000 [anon:ArkTS Code:/application/libabilitystagecontext_napi.z.so_15440_2]
5a1897a000-5a1897b000 rw-p 00000000 [anon:ArkTS Code:/application/libextensioncontext_napi.z.so_15424_2]
5a1897b000-5a1897c000 rw-p 00000000 [anon:native_heap:brk]
5a1897c000-5a1897f000 rw-p 00000000 [anon:ArkTS Code:/system/lib64/module/application/libcontext_napi.z.so_15376_1]
5a1897f000-5a18980000 rw-p 00000000 [anon:ArkTS Code:/application/libserviceextensionability_napi.z.so_15472_2]
5a18980000-5a189ef000 r--p 00000000 /system/lib64/libgraphics_effect.z.so
5a189ef000-5a18a99000 r-xp 0006e000 /system/lib64/libgraphics_effect.z.so
5a18a99000-5a18aa7000 r--p 00117000 /system/lib64/libgraphics_effect.z.so
5a18aa7000-5a18aa9000 rw-p 00124000 /system/lib64/libgraphics_effect.z.so
5a18aa9000-5a18aaa000 rw-p 00000000 [anon:libgraphics_effect.z.so.bss]
5a18aaa000-5a18aad000 rw-p 00000000 [anon:ArkTS Code:/system/lib64/module/application/libcaller_napi.z.so_15360_1]
5a18aad000-5a18ab1000 rw-p 00000000 [anon:ArkTS Code:/application/libapplicationcontext_napi.z.so_15440_2]
5a18ab1000-5a18ab5000 rw-p 00000000 [anon:native_heap:brk]
5a18ab5000-5a18ab7000 rw-p 00000000 [anon:ArkTS Code:/application/libserviceextensioncontext_napi.z.so_15472_2]
5a18ab7000-5a18abb000 rw-p 00000000 [anon:native_heap:brk]
5a18abb000-5a18abc000 rw-p 00000000 [anon:ArkTS Code:/system/lib64/module/application/libwindowstage.z.so_21400_1]
5a18abc000-5a18abd000 rw-p 00000000 [anon:native_heap:brk]
5a18abd000-5a18ac0000 rw-p 00000000 [anon:ArkTS Code:/system/lib64/module/util/liblightweightmap.z.so_30268_1]
5a18ac0000-5a18ac3000 r--p 00000000 /system/lib64/platformsdk/libprivacy_communication_adapter_cxx.z.so
5a18ac3000-5a18aca000 r-xp 00002000 /system/lib64/platformsdk/libprivacy_communication_adapter_cxx.z.so
5a18aca000-5a18acc000 r--p 00008000 /system/lib64/platformsdk/libprivacy_communication_adapter_cxx.z.so
5a18acc000-5a18acd000 rw-p 00009000 /system/lib64/platformsdk/libprivacy_communication_adapter_cxx.z.so
5a18acd000-5a18ad2000 rw-p 00000000 [anon:native_heap:brk]
5a18ad2000-5a18ae0000 rw-p 00000000 [anon:ArkTS Code:/system/lib64/module/libbuffer.z.so_80048_1]
5a18ae0000-5a18ae4000 rw-p 00000000 [anon:ArkTS Code:/system/lib64/module/libcontact.z.so_300440_1]
5a18ae4000-5a18aed000 rw-p 00000000 [anon:native_heap:brk]
5a18aed000-5a18af3000 rw-p 00000000 [anon:ArkTS Code:/system/lib64/module/file/libpicker.z.so_166952_1]
5a18af3000-5a18af5000 rw-p 00000000 [anon:ArkTS Code:/system/lib64/module/hms/core/libauthentication.z.so_227064_1]
5a18af5000-5a18af6000 rw-p 00000000 [anon:ArkTS Code:/system/lib64/module/libmeasure.z.so_132568_1]
5a18af6000-5a18afb000 rw-p 00000000 [anon:native_heap:brk]
5a18afb000-5a18b00000 rw-p 00000000 [anon:native_heap:brk]
5a18b00000-5a18b44000 r--p 00000000 /system/lib64/platformsdk/libsoftbus_client.z.so
5a18b44000-5a18be3000 r-xp 00043000 /system/lib64/platformsdk/libsoftbus_client.z.so
5a18be3000-5a18bea000 r--p 000e1000 /system/lib64/platformsdk/libsoftbus_client.z.so
5a18bea000-5a18beb000 rw-p 000e7000 /system/lib64/platformsdk/libsoftbus_client.z.so
5a18beb000-5a18bec000 rw-p 00000000 [anon:libsoftbus_client.z.so.bss]
5a18bec000-5a18bfc000 rw-p 00000000 [anon:native_heap:brk]
5a18bfc000-5a18bfe000 rw-p 00000000 [anon:ArkTS Code:/system/lib64/module/util/libplainarray.z.so_27961_1]
5a18bfe000-5a18c00000 rw-p 00000000 [anon:native_heap:brk]
5a18c00000-5a18c0d000 r--p 00000000 /system/lib64/libinsight_intent_executor.z.so
5a18c0d000-5a18c1c000 r-xp 0000c000 /system/lib64/libinsight_intent_executor.z.so
5a18c1c000-5a18c1e000 r--p 0001a000 /system/lib64/libinsight_intent_executor.z.so
5a18c1e000-5a18c1f000 rw-p 0001b000 /system/lib64/libinsight_intent_executor.z.so
5a18c1f000-5a18c27000 rw-p 00000000 [anon:native_heap:brk]
5a18c27000-5a18c2a000 rw-p 00000000 [anon:ArkTS Code:/system/lib64/module/util/liblinkedlist.z.so_35913_1]
5a18c2a000-5a18c2b000 r--s 00000000 /dev/__parameters__/u:object_r:accessibility_param:s0
5a18c2b000-5a18c40000 rw-p 00000000 [anon:native_heap:brk]
5a18c40000-5a18db1000 r--p 00000000 /system/lib64/libddgr.z.so
5a18db1000-5a19200000 r-xp 00170000 /system/lib64/libddgr.z.so
5a19200000-5a1921f000 r--p 005be000 /system/lib64/libddgr.z.so
5a1921f000-5a19220000 rw-p 005dc000 /system/lib64/libddgr.z.so
5a19220000-5a1923b000 rw-p 00000000 [anon:libddgr.z.so.bss]
5a1923b000-5a1923f000 rw-p 00000000 [anon:native_heap:brk]
5a19240000-5a195df000 r--p 00000000 /system/lib64/librender_service_base.z.so
5a195df000-5a19adc000 r-xp 0039e000 /system/lib64/librender_service_base.z.so
5a19adc000-5a19b4d000 r--p 0089a000 /system/lib64/librender_service_base.z.so
5a19b4d000-5a19b4f000 rw-p 0090a000 /system/lib64/librender_service_base.z.so
5a19b4f000-5a19b5b000 rw-p 00000000 [anon:librender_service_base.z.so.bss]
5a19b5b000-5a19b6b000 rw-p 00000000 [anon:native_heap:brk]
5a19b6b000-5a19b6f000 rw-p 00000000 [anon:ArkTS Code:/system/lib64/module/liburi.z.so_116432_1]
5a19b6f000-5a19b71000 rw-p 00000000 [anon:ArkTS Code:/system/lib64/module/util/libstack.z.so_26026_1]
5a19b72000-5a19b7b000 rw-p 00000000 [anon:native_heap:brk]
5a19b7b000-5a19b7f000 rw-p 00000000 [anon:native_heap:brk]
5a19b7f000-5a19b80000 rw-p 00000000 [anon:native_heap:brk]
5a19b80000-5a19b88000 r--p 00000000 /system/lib64/platformsdk/libforeground_app_obs_manager.z.so
5a19b88000-5a19b90000 r-xp 00007000 /system/lib64/platformsdk/libforeground_app_obs_manager.z.so
5a19b90000-5a19b94000 r--p 0000e000 /system/lib64/platformsdk/libforeground_app_obs_manager.z.so
5a19b94000-5a19b95000 rw-p 00011000 /system/lib64/platformsdk/libforeground_app_obs_manager.z.so
5a19b95000-5a19bb5000 rw-p 00000000 [anon:native_heap:brk]
5a19bb6000-5a19bbe000 rw-p 00000000 [anon:native_heap:brk]
5a19bbe000-5a19bc0000 rw-p 00000000 [anon:ArkTS Code:/system/lib64/module/util/libjson.z.so_21448_1]
5a19bc0000-5a19c20000 r--p 00000000 /system/lib64/platformsdk/libphonenumber_standard.z.so
5a19c20000-5a19c51000 r-xp 0005f000 /system/lib64/platformsdk/libphonenumber_standard.z.so
5a19c51000-5a19c54000 r--p 0008f000 /system/lib64/platformsdk/libphonenumber_standard.z.so
5a19c54000-5a19c56000 rw-p 00091000 /system/lib64/platformsdk/libphonenumber_standard.z.so
5a19c56000-5a19c66000 rw-p 00000000 [anon:native_heap:brk]
5a19c66000-5a19c68000 rw-p 00000000 [anon:ArkTS Code:/app/ability/libabilitylifecyclecallback.z.so_15472_2]
5a19c69000-5a19c7f000 rw-p 00000000 [anon:native_heap:brk]
5a19c80000-5a19c8d000 r--p 00000000 /system/lib64/platformsdk/libremote_file_share_native.z.so
5a19c8d000-5a19cac000 r-xp 0000c000 /system/lib64/platformsdk/libremote_file_share_native.z.so
5a19cac000-5a19cae000 r--p 0002a000 /system/lib64/platformsdk/libremote_file_share_native.z.so
5a19cae000-5a19caf000 rw-p 0002b000 /system/lib64/platformsdk/libremote_file_share_native.z.so
5a19caf000-5a19cb0000 rw-p 00000000 [anon:libremote_file_share_native.z.so.bss]
5a19cb0000-5a19cc0000 rw-p 00000000 [anon:native_heap:brk]
5a19cc0000-5a19cc3000 r--p 00000000 /system/lib64/platformsdk/libstartup_util.z.so
5a19cc3000-5a19ccb000 r-xp 00002000 /system/lib64/platformsdk/libstartup_util.z.so
5a19ccb000-5a19ccd000 r--p 00009000 /system/lib64/platformsdk/libstartup_util.z.so
5a19ccd000-5a19cce000 rw-p 0000a000 /system/lib64/platformsdk/libstartup_util.z.so
5a19cce000-5a19cfe000 rw-p 00000000 [anon:native_heap:brk]
5a19cfe000-5a19d00000 rw-p 00000000 [anon:ArkTS Code:/system/lib64/module/arkts/libutils.z.so_136280_1]
5a19d00000-5a19d18000 r--p 00000000 /system/lib64/platformsdk/libresmgr_napi_core.z.so
5a19d18000-5a19d42000 r-xp 00017000 /system/lib64/platformsdk/libresmgr_napi_core.z.so
5a19d42000-5a19d46000 r--p 00040000 /system/lib64/platformsdk/libresmgr_napi_core.z.so
5a19d46000-5a19d48000 rw-p 00043000 /system/lib64/platformsdk/libresmgr_napi_core.z.so
5a19d48000-5a19d80000 rw-p 00000000 [anon:native_heap:brk]
5a19d80000-5a19dba000 r--p 00000000 /system/lib64/platformsdk/libform_manager.z.so
5a19dba000-5a19e45000 r-xp 00039000 /system/lib64/platformsdk/libform_manager.z.so
5a19e45000-5a19e56000 r--p 000c3000 /system/lib64/platformsdk/libform_manager.z.so
5a19e56000-5a19e57000 rw-p 000d3000 /system/lib64/platformsdk/libform_manager.z.so
5a19e57000-5a19e58000 rw-p 00000000 [anon:libform_manager.z.so.bss]
5a19e58000-5a19e80000 rw-p 00000000 [anon:native_heap:brk]
5a19e80000-5a19ff1000 r--p 00000000 /system/lib64/platformsdk/libabilityms.z.so
5a19ff1000-5a1a3c1000 r-xp 00170000 /system/lib64/platformsdk/libabilityms.z.so
5a1a3c1000-5a1a3eb000 r--p 0053f000 /system/lib64/platformsdk/libabilityms.z.so
5a1a3eb000-5a1a3ec000 rw-p 00568000 /system/lib64/platformsdk/libabilityms.z.so
5a1a3ec000-5a1a3ef000 rw-p 00000000 [anon:libabilityms.z.so.bss]
5a1a3ef000-5a1a3ff000 rw-p 00000000 [anon:native_heap:brk]
5a1a400000-5a1a504000 r--p 00000000 /system/lib64/lib2d_graphics.z.so
5a1a504000-5a1a6f1000 r-xp 00103000 /system/lib64/lib2d_graphics.z.so
5a1a6f1000-5a1a708000 r--p 002ef000 /system/lib64/lib2d_graphics.z.so
5a1a708000-5a1a709000 rw-p 00305000 /system/lib64/lib2d_graphics.z.so
5a1a709000-5a1a710000 rw-p 00000000 [anon:lib2d_graphics.z.so.bss]
5a1a710000-5a1a740000 rw-p 00000000 [anon:native_heap:brk]
5a1a740000-5a1a7aa000 r--p 00000000 /system/lib64/chipset-sdk-sp/libprotobuf_lite.z.so
5a1a7aa000-5a1a874000 r-xp 00069000 /system/lib64/chipset-sdk-sp/libprotobuf_lite.z.so
5a1a874000-5a1a879000 r--p 00132000 /system/lib64/chipset-sdk-sp/libprotobuf_lite.z.so
5a1a879000-5a1a87a000 rw-p 00136000 /system/lib64/chipset-sdk-sp/libprotobuf_lite.z.so
5a1a87a000-5a1a87d000 rw-p 00000000 [anon:libprotobuf_lite.z.so.bss]
5a1a87d000-5a1a880000 r--p 00000000 /data/storage/el2/base/haps/entry/files/flutter_assets/vm_snapshot_data
5a1a880000-5a1a89b000 r--p 00000000 /system/lib64/platformsdk/libdatashare_consumer.z.so
5a1a89b000-5a1a8f5000 r-xp 0001a000 /system/lib64/platformsdk/libdatashare_consumer.z.so
5a1a8f5000-5a1a905000 r--p 00073000 /system/lib64/platformsdk/libdatashare_consumer.z.so
5a1a905000-5a1a906000 rw-p 00082000 /system/lib64/platformsdk/libdatashare_consumer.z.so
5a1a906000-5a1a916000 rw-p 00000000 [anon:native_heap:brk]
5a1a916000-5a1a91c000 rw-p 00000000 [anon:ArkTS Code:/system/lib64/module/liburl.z.so_203848_1]
5a1a91c000-5a1a927000 rw-p 00000000 [anon:ArkTS Code:/system/lib64/module/libutil.z.so_140016_1]
5a1a927000-5a1a92b000 rw-p 00000000 [anon:native_heap:brk]
5a1a92b000-5a1a92d000 ---p 00000000 
5a1a92d000-5a1a934000 rw-p 00000000 [anon:signal_stack:23175]
5a1a934000-5a1a936000 ---p 00000000 
5a1a936000-5a1a93d000 rw-p 00000000 [anon:signal_stack:23176]
5a1a93d000-5a1a93f000 rw-p 00000000 [anon:native_heap:brk]
5a1a940000-5a1a94f000 r--p 00000000 /system/lib64/platformsdk/libdataobs_manager.z.so
5a1a94f000-5a1a962000 r-xp 0000e000 /system/lib64/platformsdk/libdataobs_manager.z.so
5a1a962000-5a1a966000 r--p 00020000 /system/lib64/platformsdk/libdataobs_manager.z.so
5a1a966000-5a1a967000 rw-p 00023000 /system/lib64/platformsdk/libdataobs_manager.z.so
5a1a967000-5a1a968000 rw-p 00000000 [anon:libdataobs_manager.z.so.bss]
5a1a968000-5a1a96a000 ---p 00000000 
5a1a96a000-5a1a971000 rw-p 00000000 [anon:signal_stack:23178]
5a1a971000-5a1a97f000 rw-p 00000000 [anon:native_heap:brk]
5a1a980000-5a1a987000 r--p 00000000 /system/lib64/libconcurrent_task_client.z.so
5a1a987000-5a1a98f000 r-xp 00006000 /system/lib64/libconcurrent_task_client.z.so
5a1a98f000-5a1a992000 r--p 0000d000 /system/lib64/libconcurrent_task_client.z.so
5a1a992000-5a1a993000 rw-p 0000f000 /system/lib64/libconcurrent_task_client.z.so
5a1a993000-5a1a995000 ---p 00000000 
5a1a995000-5a1a99c000 rw-p 00000000 [anon:signal_stack:23182]
5a1a99c000-5a1a99e000 ---p 00000000 
5a1a99e000-5a1a9a5000 rw-p 00000000 [anon:signal_stack:23184]
5a1a9a5000-5a1a9a7000 ---p 00000000 
5a1a9a7000-5a1a9ae000 rw-p 00000000 [anon:signal_stack:23183]
5a1a9ae000-5a1a9b0000 ---p 00000000 
5a1a9b0000-5a1a9b7000 rw-p 00000000 [anon:signal_stack:23185]
5a1a9b7000-5a1a9b9000 ---p 00000000 
5a1a9b9000-5a1a9c0000 rw-p 00000000 [anon:signal_stack:23186]
5a1a9c0000-5a1a9d9000 r--p 00000000 /system/lib64/libEGL.so
5a1a9d9000-5a1aa01000 r-xp 00018000 /system/lib64/libEGL.so
5a1aa01000-5a1aa09000 r--p 0003f000 /system/lib64/libEGL.so
5a1aa09000-5a1aa0a000 rw-p 00046000 /system/lib64/libEGL.so
5a1aa0a000-5a1aa1a000 rw-p 00000000 [anon:libEGL.so.bss]
5a1aa1a000-5a1aa1c000 ---p 00000000 
5a1aa1c000-5a1aa23000 rw-p 00000000 [anon:signal_stack:23187]
5a1aa23000-5a1aa25000 ---p 00000000 
5a1aa25000-5a1aa2c000 rw-p 00000000 [anon:signal_stack:23188]
5a1aa2c000-5a1aa2e000 ---p 00000000 
5a1aa2e000-5a1aa35000 rw-p 00000000 [anon:signal_stack:23192]
5a1aa35000-5a1aa37000 ---p 00000000 
5a1aa37000-5a1aa3e000 rw-p 00000000 [anon:signal_stack:23193]
5a1aa40000-5a1aa85000 r--p 00000000 /system/lib64/librosen_text.z.so
5a1aa85000-5a1ab4e000 r-xp 00044000 /system/lib64/librosen_text.z.so
5a1ab4e000-5a1ab54000 r--p 0010c000 /system/lib64/librosen_text.z.so
5a1ab54000-5a1ab55000 rw-p 00111000 /system/lib64/librosen_text.z.so
5a1ab55000-5a1ab57000 rw-p 00000000 [anon:librosen_text.z.so.bss]
5a1ab57000-5a1ab59000 ---p 00000000 
5a1ab59000-5a1ab60000 rw-p 00000000 [anon:signal_stack:23194]
5a1ab60000-5a1ab62000 ---p 00000000 
5a1ab62000-5a1ab69000 rw-p 00000000 [anon:signal_stack:23198]
5a1ab69000-5a1ab6b000 ---p 00000000 
5a1ab6b000-5a1ab72000 rw-p 00000000 [anon:signal_stack:23199]
5a1ab72000-5a1ab7e000 rw-p 00000000 [anon:native_heap:brk]
5a1ab80000-5a1ab8b000 r--p 00000000 /system/lib64/chipset-sdk-sp/libhdi.z.so
5a1ab8b000-5a1ab98000 r-xp 0000a000 /system/lib64/chipset-sdk-sp/libhdi.z.so
5a1ab98000-5a1ab9b000 r--p 00016000 /system/lib64/chipset-sdk-sp/libhdi.z.so
5a1ab9b000-5a1ab9c000 rw-p 00018000 /system/lib64/chipset-sdk-sp/libhdi.z.so
5a1ab9c000-5a1aba0000 rw-p 00000000 [anon:native_heap:brk]
5a1aba0000-5a1abb6000 rw-p 00000000 [anon:ArkTS MethodLiteral]
5a1abb6000-5a1abbe000 rw-p 00000000 [anon:native_heap:brk]
5a1abc0000-5a1abca000 r--p 00000000 /system/lib64/platformsdk/libwmutil_base.z.so
5a1abca000-5a1abda000 r-xp 00009000 /system/lib64/platformsdk/libwmutil_base.z.so
5a1abda000-5a1abdd000 r--p 00018000 /system/lib64/platformsdk/libwmutil_base.z.so
5a1abdd000-5a1abde000 rw-p 0001a000 /system/lib64/platformsdk/libwmutil_base.z.so
5a1abde000-5a1abdf000 rw-p 00000000 [anon:libwmutil_base.z.so.bss]
5a1abdf000-5a1abff000 rw-p 00000000 [anon:ArkTS Code:/system/etc/abc/arkui/node.abc]
5a1ac00000-5a1ac03000 r--p 00000000 /system/lib64/libhiprofiler_preload_client.z.so
5a1ac03000-5a1ac09000 r-xp 00002000 /system/lib64/libhiprofiler_preload_client.z.so
5a1ac09000-5a1ac0b000 r--p 00007000 /system/lib64/libhiprofiler_preload_client.z.so
5a1ac0b000-5a1ac0c000 rw-p 00008000 /system/lib64/libhiprofiler_preload_client.z.so
5a1ac0c000-5a1ac10000 rw-p 00000000 [anon:native_heap:brk]
5a1ac10000-5a1ac12000 ---p 00000000 
5a1ac12000-5a1ac19000 rw-p 00000000 [anon:signal_stack:23201]
5a1ac19000-5a1ac1b000 ---p 00000000 
5a1ac1b000-5a1ac22000 rw-p 00000000 [anon:signal_stack:23202]
5a1ac22000-5a1ac2a000 rw-p 00000000 [anon:native_heap:brk]
5a1ac2a000-5a1ac38000 rw-p 00000000 [anon:ArkTS Code:/system/lib64/module/arkts/math/libdecimal.z.so_15152_1]
5a1ac3c000-5a1ac3d000 rw-p 00000000 [anon:native_heap:brk]
5a1ac40000-5a1ac43000 r--p 00000000 /system/lib64/platformsdk/libability_business_error.z.so
5a1ac43000-5a1ac44000 r-xp 00002000 /system/lib64/platformsdk/libability_business_error.z.so
5a1ac44000-5a1ac46000 r--p 00002000 /system/lib64/platformsdk/libability_business_error.z.so
5a1ac46000-5a1ac47000 rw-p 00003000 /system/lib64/platformsdk/libability_business_error.z.so
5a1ac47000-5a1ac4f000 rw-p 00000000 [anon:native_heap:brk]
5a1ac53000-5a1ac5f000 rw-p 00000000 [anon:ArkTS Code:/system/etc/abc/file/photoaccesshelper.abc]
5a1ac5f000-5a1ac67000 rw-p 00000000 [anon:ArkTS Code:/hms/core/scan/libdetectbarcode_napi.z.so_21448_2]
5a1ac67000-5a1ac6f000 rw-p 00000000 [anon:native_heap:brk]
5a1ac6f000-5a1ac71000 ---p 00000000 
5a1ac71000-5a1ac78000 rw-p 00000000 [anon:signal_stack:23213]
5a1ac7b000-5a1ac7f000 rw-p 00000000 [anon:native_heap:brk]
5a1ac80000-5a1ac84000 r--p 00000000 /system/lib64/libmmi_rust_key_config.z.so
5a1ac84000-5a1ac8c000 r-xp 00003000 /system/lib64/libmmi_rust_key_config.z.so
5a1ac8c000-5a1ac8d000 r--p 0000a000 /system/lib64/libmmi_rust_key_config.z.so
5a1ac8d000-5a1ac8e000 rw-p 0000a000 /system/lib64/libmmi_rust_key_config.z.so
5a1ac8e000-5a1ac8f000 rw-p 00000000 [anon:libmmi_rust_key_config.z.so.bss]
5a1ac8f000-5a1acbc000 rw-p 00000000 [anon:ArkTS Code:387689097856]
5a1acc0000-5a1acc5000 r--p 00000000 /system/lib64/librelational_common_base.z.so
5a1acc5000-5a1acd1000 r-xp 00004000 /system/lib64/librelational_common_base.z.so
5a1acd1000-5a1acd2000 r--p 0000f000 /system/lib64/librelational_common_base.z.so
5a1acd2000-5a1acd3000 rw-p 0000f000 /system/lib64/librelational_common_base.z.so
5a1acd3000-5a1acdb000 rw-p 00000000 [anon:native_heap:brk]
5a1acdb000-5a1acdd000 ---p 00000000 
5a1acdd000-5a1ace4000 rw-p 00000000 [anon:signal_stack:23211]
5a1ace4000-5a1ace6000 ---p 00000000 
5a1ace6000-5a1aced000 rw-p 00000000 [anon:signal_stack:23216]
5a1aced000-5a1acef000 ---p 00000000 
5a1acef000-5a1acf6000 rw-p 00000000 [anon:signal_stack:23221]
5a1acf6000-5a1acf8000 ---p 00000000 
5a1acf8000-5a1acff000 rw-p 00000000 [anon:signal_stack:23222]
5a1ad00000-5a1ad07000 r--p 00000000 /system/lib64/platformsdk/libdrawable_descriptor.z.so
5a1ad07000-5a1ad14000 r-xp 00006000 /system/lib64/platformsdk/libdrawable_descriptor.z.so
5a1ad14000-5a1ad15000 r--p 00012000 /system/lib64/platformsdk/libdrawable_descriptor.z.so
5a1ad15000-5a1ad16000 rw-p 00012000 /system/lib64/platformsdk/libdrawable_descriptor.z.so
5a1ad16000-5a1ad17000 rw-p 00000000 [anon:libdrawable_descriptor.z.so.bss]
5a1ad17000-5a1ad19000 ---p 00000000 
5a1ad19000-5a1ad20000 rw-p 00000000 [anon:signal_stack:23223]
5a1ad20000-5a1ad22000 ---p 00000000 
5a1ad22000-5a1ad29000 rw-p 00000000 [anon:signal_stack:23224]
5a1ad29000-5a1ad2b000 ---p 00000000 
5a1ad2b000-5a1ad32000 rw-p 00000000 [anon:signal_stack:23225]
5a1ad32000-5a1ad34000 ---p 00000000 
5a1ad34000-5a1ad3b000 rw-p 00000000 [anon:signal_stack:23226]
5a1ad40000-5a1ad4e000 r--p 00000000 /system/lib64/platformsdk/libastc_encoder_shared.z.so
5a1ad4e000-5a1ad6f000 r-xp 0000d000 /system/lib64/platformsdk/libastc_encoder_shared.z.so
5a1ad6f000-5a1ad71000 r--p 0002d000 /system/lib64/platformsdk/libastc_encoder_shared.z.so
5a1ad71000-5a1ad72000 rw-p 0002e000 /system/lib64/platformsdk/libastc_encoder_shared.z.so
5a1ad72000-5a1ad76000 rw-p 00000000 [anon:libastc_encoder_shared.z.so.bss]
5a1ad76000-5a1ad78000 ---p 00000000 
5a1ad78000-5a1ad7f000 rw-p 00000000 [anon:signal_stack:23227]
5a1ad80000-5a1ad89000 r--p 00000000 /system/lib64/libapp_domain_verify_mgr_client.z.so
5a1ad89000-5a1ad9b000 r-xp 00008000 /system/lib64/libapp_domain_verify_mgr_client.z.so
5a1ad9b000-5a1ad9d000 r--p 00019000 /system/lib64/libapp_domain_verify_mgr_client.z.so
5a1ad9d000-5a1ad9e000 rw-p 0001a000 /system/lib64/libapp_domain_verify_mgr_client.z.so
5a1ad9e000-5a1ada0000 ---p 00000000 
5a1ada0000-5a1ada7000 rw-p 00000000 [anon:signal_stack:23229]
5a1ada7000-5a1ada9000 ---p 00000000 
5a1ada9000-5a1adb0000 rw-p 00000000 [anon:signal_stack:23230]
5a1adb0000-5a1adb2000 ---p 00000000 
5a1adb2000-5a1adb9000 rw-p 00000000 [anon:signal_stack:23231]
5a1adc0000-5a1add4000 r--p 00000000 /system/lib64/platformsdk/libdistributeddb_client.z.so
5a1add4000-5a1ae11000 r-xp 00013000 /system/lib64/platformsdk/libdistributeddb_client.z.so
5a1ae11000-5a1ae13000 r--p 0004f000 /system/lib64/platformsdk/libdistributeddb_client.z.so
5a1ae13000-5a1ae14000 rw-p 00050000 /system/lib64/platformsdk/libdistributeddb_client.z.so
5a1ae14000-5a1ae15000 rw-p 00000000 [anon:libdistributeddb_client.z.so.bss]
5a1ae15000-5a1ae17000 ---p 00000000 
5a1ae17000-5a1ae1e000 rw-p 00000000 [anon:signal_stack:23233]
5a1ae1e000-5a1ae20000 ---p 00000000 
5a1ae20000-5a1ae27000 rw-p 00000000 [anon:signal_stack:23234]
5a1ae27000-5a1ae29000 ---p 00000000 
5a1ae29000-5a1ae30000 rw-p 00000000 [anon:signal_stack:23235]
5a1ae30000-5a1ae32000 ---p 00000000 
5a1ae32000-5a1ae39000 rw-p 00000000 [anon:signal_stack:23232]
5a1ae40000-5a1ae4f000 r--p 00000000 /system/lib64/platformsdk/libsystem_ability_fwk.z.so
5a1ae4f000-5a1ae65000 r-xp 0000e000 /system/lib64/platformsdk/libsystem_ability_fwk.z.so
5a1ae65000-5a1ae69000 r--p 00023000 /system/lib64/platformsdk/libsystem_ability_fwk.z.so
5a1ae69000-5a1ae6a000 rw-p 00026000 /system/lib64/platformsdk/libsystem_ability_fwk.z.so
5a1ae6a000-5a1ae6c000 ---p 00000000 
5a1ae6c000-5a1ae73000 rw-p 00000000 [anon:signal_stack:23236]
5a1ae73000-5a1ae75000 ---p 00000000 
5a1ae75000-5a1ae7c000 rw-p 00000000 [anon:signal_stack:23237]
5a1ae80000-5a1ae84000 r--p 00000000 /system/lib64/platformsdk/libsandboxlog.so
5a1ae84000-5a1ae91000 r-xp 00003000 /system/lib64/platformsdk/libsandboxlog.so
5a1ae91000-5a1ae93000 r--p 0000f000 /system/lib64/platformsdk/libsandboxlog.so
5a1ae93000-5a1ae94000 rw-p 00010000 /system/lib64/platformsdk/libsandboxlog.so
5a1ae94000-5a1ae96000 ---p 00000000 
5a1ae96000-5a1ae9d000 rw-p 00000000 [anon:signal_stack:23238]
5a1ae9d000-5a1ae9f000 ---p 00000000 
5a1ae9f000-5a1aea6000 rw-p 00000000 [anon:signal_stack:23239]
5a1aea6000-5a1aeb6000 rw-p 00000000 
5a1aec0000-5a1aec4000 r--p 00000000 /system/lib64/platformsdk/libhiappevent_innerapi.z.so
5a1aec4000-5a1aec8000 r-xp 00003000 /system/lib64/platformsdk/libhiappevent_innerapi.z.so
5a1aec8000-5a1aec9000 r--p 00006000 /system/lib64/platformsdk/libhiappevent_innerapi.z.so
5a1aec9000-5a1aeca000 rw-p 00006000 /system/lib64/platformsdk/libhiappevent_innerapi.z.so
5a1af00000-5a1af04000 r--p 00000000 /system/lib64/libinsightintentcontext.z.so
5a1af04000-5a1af06000 r-xp 00003000 /system/lib64/libinsightintentcontext.z.so
5a1af06000-5a1af08000 r--p 00004000 /system/lib64/libinsightintentcontext.z.so
5a1af08000-5a1af09000 rw-p 00005000 /system/lib64/libinsightintentcontext.z.so
5a1af40000-5a1af84000 r--p 00000000 /system/lib64/platformsdk/libmedia_foundation.z.so
5a1af84000-5a1aff8000 r-xp 00043000 /system/lib64/platformsdk/libmedia_foundation.z.so
5a1aff8000-5a1b000000 r--p 000b6000 /system/lib64/platformsdk/libmedia_foundation.z.so
5a1b000000-5a1b002000 rw-p 000bd000 /system/lib64/platformsdk/libmedia_foundation.z.so
5a1b002000-5a1b03e000 r--p 00000000 /system/framework/segmentbutton_ets_abc.abc
5a1b040000-5a1b044000 r--p 00000000 /system/lib64/platformsdk/libsession_info.z.so
5a1b044000-5a1b048000 r-xp 00003000 /system/lib64/platformsdk/libsession_info.z.so
5a1b048000-5a1b04a000 r--p 00006000 /system/lib64/platformsdk/libsession_info.z.so
5a1b04a000-5a1b04b000 rw-p 00007000 /system/lib64/platformsdk/libsession_info.z.so
5a1b080000-5a1b085000 r--p 00000000 /system/lib64/platformsdk/libability_connect_callback_stub.z.so
5a1b085000-5a1b087000 r-xp 00004000 /system/lib64/platformsdk/libability_connect_callback_stub.z.so
5a1b087000-5a1b08a000 r--p 00005000 /system/lib64/platformsdk/libability_connect_callback_stub.z.so
5a1b08a000-5a1b08b000 rw-p 00007000 /system/lib64/platformsdk/libability_connect_callback_stub.z.so
5a1b0c0000-5a1b0c5000 r--p 00000000 /system/lib64/chipset-sdk-sp/libhdi_base.z.so
5a1b0c5000-5a1b0d7000 r-xp 00004000 /system/lib64/chipset-sdk-sp/libhdi_base.z.so
5a1b0d7000-5a1b0d9000 r--p 00015000 /system/lib64/chipset-sdk-sp/libhdi_base.z.so
5a1b0d9000-5a1b0da000 rw-p 00016000 /system/lib64/chipset-sdk-sp/libhdi_base.z.so
5a1b100000-5a1b104000 r--p 00000000 /system/lib64/platformsdk/libdevicestatus_ipc.z.so
5a1b104000-5a1b10a000 r-xp 00003000 /system/lib64/platformsdk/libdevicestatus_ipc.z.so
5a1b10a000-5a1b10b000 r--p 00008000 /system/lib64/platformsdk/libdevicestatus_ipc.z.so
5a1b10b000-5a1b10c000 rw-p 00008000 /system/lib64/platformsdk/libdevicestatus_ipc.z.so
5a1b10c000-5a1b10d000 rw-p 00000000 [anon:libdevicestatus_ipc.z.so.bss]
5a1b140000-5a1b142000 r--p 00000000 /system/lib64/chipset-sdk-sp/libbuffer_handle.z.so
5a1b142000-5a1b143000 r-xp 00001000 /system/lib64/chipset-sdk-sp/libbuffer_handle.z.so
5a1b143000-5a1b145000 r--p 00001000 /system/lib64/chipset-sdk-sp/libbuffer_handle.z.so
5a1b145000-5a1b146000 rw-p 00002000 /system/lib64/chipset-sdk-sp/libbuffer_handle.z.so
5a1b180000-5a1b189000 r--p 00000000 /system/lib64/libwindow_animation.z.so
5a1b189000-5a1b193000 r-xp 00008000 /system/lib64/libwindow_animation.z.so
5a1b193000-5a1b197000 r--p 00011000 /system/lib64/libwindow_animation.z.so
5a1b197000-5a1b198000 rw-p 00014000 /system/lib64/libwindow_animation.z.so
5a1b198000-5a1b199000 rw-p 00000000 [anon:libwindow_animation.z.so.bss]
5a1b1c0000-5a1b1c5000 r--p 00000000 /system/lib64/platformsdk/libmodal_system_ui_extension_client.z.so
5a1b1c5000-5a1b1c9000 r-xp 00004000 /system/lib64/platformsdk/libmodal_system_ui_extension_client.z.so
5a1b1c9000-5a1b1cb000 r--p 00007000 /system/lib64/platformsdk/libmodal_system_ui_extension_client.z.so
5a1b1cb000-5a1b1cc000 rw-p 00008000 /system/lib64/platformsdk/libmodal_system_ui_extension_client.z.so
5a1b200000-5a1b213000 r--p 00000000 /system/lib64/platformsdk/libpluginmanager.z.so
5a1b213000-5a1b233000 r-xp 00012000 /system/lib64/platformsdk/libpluginmanager.z.so
5a1b233000-5a1b235000 r--p 00031000 /system/lib64/platformsdk/libpluginmanager.z.so
5a1b235000-5a1b236000 rw-p 00032000 /system/lib64/platformsdk/libpluginmanager.z.so
5a1b240000-5a1b244000 r--p 00000000 /system/lib64/platformsdk/libconnect_server_manager.z.so
5a1b244000-5a1b24a000 r-xp 00003000 /system/lib64/platformsdk/libconnect_server_manager.z.so
5a1b24a000-5a1b24b000 r--p 00008000 /system/lib64/platformsdk/libconnect_server_manager.z.so
5a1b24b000-5a1b24c000 rw-p 00008000 /system/lib64/platformsdk/libconnect_server_manager.z.so
5a1b280000-5a1b2f2000 r--p 00000000 /system/lib64/platformsdk/libintl_util.z.so
5a1b2f2000-5a1b3f7000 r-xp 00071000 /system/lib64/platformsdk/libintl_util.z.so
5a1b3f7000-5a1b3fc000 r--p 00175000 /system/lib64/platformsdk/libintl_util.z.so
5a1b3fc000-5a1b3fd000 rw-p 00179000 /system/lib64/platformsdk/libintl_util.z.so
5a1b3fd000-5a1b400000 rw-p 00000000 [anon:libintl_util.z.so.bss]
5a1b400000-5a1b411000 r--p 00000000 /system/lib64/platformsdk/libnative_preferences.z.so
5a1b411000-5a1b443000 r-xp 00010000 /system/lib64/platformsdk/libnative_preferences.z.so
5a1b443000-5a1b446000 r--p 00041000 /system/lib64/platformsdk/libnative_preferences.z.so
5a1b446000-5a1b447000 rw-p 00043000 /system/lib64/platformsdk/libnative_preferences.z.so
5a1b447000-5a1b448000 rw-p 00000000 [anon:libnative_preferences.z.so.bss]
5a1b480000-5a1b4c1000 r--p 00000000 /system/lib64/libnstackx_dfile.z.so
5a1b4c1000-5a1b557000 r-xp 00040000 /system/lib64/libnstackx_dfile.z.so
5a1b557000-5a1b55a000 r--p 000d5000 /system/lib64/libnstackx_dfile.z.so
5a1b55a000-5a1b55b000 rw-p 000d7000 /system/lib64/libnstackx_dfile.z.so
5a1b580000-5a1b584000 r--p 00000000 /system/lib64/platformsdk/libopencl_wrapper.so
5a1b584000-5a1b589000 r-xp 00003000 /system/lib64/platformsdk/libopencl_wrapper.so
5a1b589000-5a1b58a000 r--p 00007000 /system/lib64/platformsdk/libopencl_wrapper.so
5a1b58a000-5a1b58b000 rw-p 00007000 /system/lib64/platformsdk/libopencl_wrapper.so
5a1b5c0000-5a1b5c7000 r--p 00000000 /system/lib64/platformsdk/libpost_proc_gl.z.so
5a1b5c7000-5a1b5d3000 r-xp 00006000 /system/lib64/platformsdk/libpost_proc_gl.z.so
5a1b5d3000-5a1b5d4000 r--p 00011000 /system/lib64/platformsdk/libpost_proc_gl.z.so
5a1b5d4000-5a1b5d5000 rw-p 00011000 /system/lib64/platformsdk/libpost_proc_gl.z.so
5a1b600000-5a1b602000 r--p 00000000 /system/lib64/platformsdk/libability_start_setting.z.so
5a1b602000-5a1b605000 r-xp 00001000 /system/lib64/platformsdk/libability_start_setting.z.so
5a1b605000-5a1b606000 r--p 00003000 /system/lib64/platformsdk/libability_start_setting.z.so
5a1b606000-5a1b607000 rw-p 00003000 /system/lib64/platformsdk/libability_start_setting.z.so
5a1b640000-5a1b648000 r--p 00000000 /system/lib64/libimage_proxy_2.1.z.so
5a1b648000-5a1b652000 r-xp 00007000 /system/lib64/libimage_proxy_2.1.z.so
5a1b652000-5a1b654000 r--p 00010000 /system/lib64/libimage_proxy_2.1.z.so
5a1b654000-5a1b655000 rw-p 00011000 /system/lib64/libimage_proxy_2.1.z.so
5a1b680000-5a1b68f000 r--p 00000000 /system/lib64/platformsdk/libcontinuation_ipc.z.so
5a1b68f000-5a1b697000 r-xp 0000e000 /system/lib64/platformsdk/libcontinuation_ipc.z.so
5a1b697000-5a1b69f000 r--p 00015000 /system/lib64/platformsdk/libcontinuation_ipc.z.so
5a1b69f000-5a1b6a0000 rw-p 0001c000 /system/lib64/platformsdk/libcontinuation_ipc.z.so
5a1b6c0000-5a1b6c3000 r--p 00000000 /system/lib64/platformsdk/libcj_bind_native.z.so
5a1b6c3000-5a1b6c6000 r-xp 00002000 /system/lib64/platformsdk/libcj_bind_native.z.so
5a1b6c6000-5a1b6c7000 r--p 00004000 /system/lib64/platformsdk/libcj_bind_native.z.so
5a1b6c7000-5a1b6c8000 rw-p 00004000 /system/lib64/platformsdk/libcj_bind_native.z.so
5a1b6c8000-5a1b6c9000 rw-p 00000000 [anon:libcj_bind_native.z.so.bss]
5a1b700000-5a1b704000 r--p 00000000 /system/lib64/chipset-sdk-sp/libdisplay_buffer_proxy_1.1.z.so
5a1b704000-5a1b709000 r-xp 00003000 /system/lib64/chipset-sdk-sp/libdisplay_buffer_proxy_1.1.z.so
5a1b709000-5a1b70b000 r--p 00007000 /system/lib64/chipset-sdk-sp/libdisplay_buffer_proxy_1.1.z.so
5a1b70b000-5a1b70c000 rw-p 00008000 /system/lib64/chipset-sdk-sp/libdisplay_buffer_proxy_1.1.z.so
5a1b740000-5a1b74a000 r--p 00000000 /system/lib64/chipset-sdk-sp/libshared_libz.z.so
5a1b74a000-5a1b763000 r-xp 00009000 /system/lib64/chipset-sdk-sp/libshared_libz.z.so
5a1b763000-5a1b764000 r--p 00021000 /system/lib64/chipset-sdk-sp/libshared_libz.z.so
5a1b764000-5a1b765000 rw-p 00021000 /system/lib64/chipset-sdk-sp/libshared_libz.z.so
5a1b780000-5a1b7a6000 r--p 00000000 /system/lib64/platformsdk/libwmutil.z.so
5a1b7a6000-5a1b7e0000 r-xp 00025000 /system/lib64/platformsdk/libwmutil.z.so
5a1b7e0000-5a1b7e5000 r--p 0005e000 /system/lib64/platformsdk/libwmutil.z.so
5a1b7e5000-5a1b7e6000 rw-p 00062000 /system/lib64/platformsdk/libwmutil.z.so
5a1b800000-5a1b801000 r--p 00000000 /system/lib64/platformsdk/libhiperf_local.z.so
5a1b801000-5a1b803000 r-xp 00000000 /system/lib64/platformsdk/libhiperf_local.z.so
5a1b803000-5a1b804000 r--p 00001000 /system/lib64/platformsdk/libhiperf_local.z.so
5a1b804000-5a1b805000 rw-p 00001000 /system/lib64/platformsdk/libhiperf_local.z.so
5a1b840000-5a1b888000 r--p 00000000 /system/lib64/platformsdk/libnative_rdb.z.so
5a1b888000-5a1b983000 r-xp 00047000 /system/lib64/platformsdk/libnative_rdb.z.so
5a1b983000-5a1b98f000 r--p 00141000 /system/lib64/platformsdk/libnative_rdb.z.so
5a1b98f000-5a1b990000 rw-p 0014c000 /system/lib64/platformsdk/libnative_rdb.z.so
5a1b990000-5a1b991000 rw-p 00000000 [anon:libnative_rdb.z.so.bss]
5a1b9c0000-5a1b9c5000 r--p 00000000 /system/lib64/platformsdk/libextension_manager.z.so
5a1b9c5000-5a1b9ca000 r-xp 00004000 /system/lib64/platformsdk/libextension_manager.z.so
5a1b9ca000-5a1b9cc000 r--p 00008000 /system/lib64/platformsdk/libextension_manager.z.so
5a1b9cc000-5a1b9cd000 rw-p 00009000 /system/lib64/platformsdk/libextension_manager.z.so
5a1ba00000-5a1ba05000 r--p 00000000 /system/lib64/chipset-sdk-sp/libdisplay_buffer_proxy_1.2.z.so
5a1ba05000-5a1ba0a000 r-xp 00004000 /system/lib64/chipset-sdk-sp/libdisplay_buffer_proxy_1.2.z.so
5a1ba0a000-5a1ba0b000 r--p 00008000 /system/lib64/chipset-sdk-sp/libdisplay_buffer_proxy_1.2.z.so
5a1ba0b000-5a1ba0c000 rw-p 00008000 /system/lib64/chipset-sdk-sp/libdisplay_buffer_proxy_1.2.z.so
5a1ba40000-5a1ba5f000 r--p 00000000 /system/lib64/libGLESv3.so
5a1ba5f000-5a1ba94000 r-xp 0001e000 /system/lib64/libGLESv3.so
5a1ba94000-5a1ba95000 r--p 00052000 /system/lib64/libGLESv3.so
5a1ba95000-5a1ba96000 rw-p 00052000 /system/lib64/libGLESv3.so
5a1bac0000-5a1bac2000 r--p 00000000 /system/lib64/platformsdk/libpage_config_manager.z.so
5a1bac2000-5a1bac5000 r-xp 00001000 /system/lib64/platformsdk/libpage_config_manager.z.so
5a1bac5000-5a1bac6000 r--p 00003000 /system/lib64/platformsdk/libpage_config_manager.z.so
5a1bac6000-5a1bac7000 rw-p 00003000 /system/lib64/platformsdk/libpage_config_manager.z.so
5a1bb00000-5a1bb12000 r--p 00000000 /system/lib64/platformsdk/libsession_manager_lite.z.so
5a1bb12000-5a1bb35000 r-xp 00011000 /system/lib64/platformsdk/libsession_manager_lite.z.so
5a1bb35000-5a1bb3a000 r--p 00033000 /system/lib64/platformsdk/libsession_manager_lite.z.so
5a1bb3a000-5a1bb3b000 rw-p 00037000 /system/lib64/platformsdk/libsession_manager_lite.z.so
5a1bb40000-5a1bb42000 r--p 00000000 /system/lib64/libqos.z.so
5a1bb42000-5a1bb44000 r-xp 00001000 /system/lib64/libqos.z.so
5a1bb44000-5a1bb45000 r--p 00002000 /system/lib64/libqos.z.so
5a1bb45000-5a1bb46000 rw-p 00002000 /system/lib64/libqos.z.so
5a1bb80000-5a1bb85000 r--p 00000000 /system/lib64/libframe_analyzer.z.so
5a1bb85000-5a1bb8c000 r-xp 00004000 /system/lib64/libframe_analyzer.z.so
5a1bb8c000-5a1bb8e000 r--p 0000a000 /system/lib64/libframe_analyzer.z.so
5a1bb8e000-5a1bb8f000 rw-p 0000b000 /system/lib64/libframe_analyzer.z.so
5a1bb8f000-5a1bb91000 rw-p 00000000 [anon:libframe_analyzer.z.so.bss]
5a1bbc0000-5a1bc86000 r--p 00000000 /system/lib64/libarkweb_core_loader_glue.z.so
5a1bc86000-5a1bdb3000 r-xp 000c5000 /system/lib64/libarkweb_core_loader_glue.z.so
5a1bdb3000-5a1bdc8000 r--p 001f1000 /system/lib64/libarkweb_core_loader_glue.z.so
5a1bdc8000-5a1bdcb000 rw-p 00205000 /system/lib64/libarkweb_core_loader_glue.z.so
5a1bdcb000-5a1bdd3000 rw-p 00000000 [anon:libarkweb_core_loader_glue.z.so.bss]
5a1be00000-5a1bec1000 r--p 00000000 /system/lib64/librender_service_client.z.so
5a1bec1000-5a1c0f2000 r-xp 000c0000 /system/lib64/librender_service_client.z.so
5a1c0f2000-5a1c106000 r--p 002f0000 /system/lib64/librender_service_client.z.so
5a1c106000-5a1c107000 rw-p 00303000 /system/lib64/librender_service_client.z.so
5a1c107000-5a1c10a000 rw-p 00000000 [anon:librender_service_client.z.so.bss]
5a1c140000-5a1c166000 r--p 00000000 /system/lib64/platformsdk/libhiappevent_base.z.so
5a1c166000-5a1c1bd000 r-xp 00025000 /system/lib64/platformsdk/libhiappevent_base.z.so
5a1c1bd000-5a1c1c2000 r--p 0007b000 /system/lib64/platformsdk/libhiappevent_base.z.so
5a1c1c2000-5a1c1c3000 rw-p 0007f000 /system/lib64/platformsdk/libhiappevent_base.z.so
5a1c1c3000-5a1c1c6000 rw-p 00000000 [anon:libhiappevent_base.z.so.bss]
5a1c200000-5a1c217000 r--p 00000000 /system/lib64/libdlpparse.z.so
5a1c217000-5a1c250000 r-xp 00016000 /system/lib64/libdlpparse.z.so
5a1c250000-5a1c255000 r--p 0004e000 /system/lib64/libdlpparse.z.so
5a1c255000-5a1c256000 rw-p 00052000 /system/lib64/libdlpparse.z.so
5a1c280000-5a1c286000 r--p 00000000 /system/lib64/libpurgeablemem.z.so
5a1c286000-5a1c290000 r-xp 00005000 /system/lib64/libpurgeablemem.z.so
5a1c290000-5a1c291000 r--p 0000e000 /system/lib64/libpurgeablemem.z.so
5a1c291000-5a1c292000 rw-p 0000e000 /system/lib64/libpurgeablemem.z.so
5a1c2c0000-5a1c341000 r--p 00000000 /system/lib64/platformsdk/libappkit_native.z.so
5a1c341000-5a1c3c4000 r-xp 00080000 /system/lib64/platformsdk/libappkit_native.z.so
5a1c3c4000-5a1c3cf000 r--p 00102000 /system/lib64/platformsdk/libappkit_native.z.so
5a1c3cf000-5a1c3d0000 rw-p 0010c000 /system/lib64/platformsdk/libappkit_native.z.so
5a1c3d0000-5a1c3d1000 rw-p 00000000 [anon:libappkit_native.z.so.bss]
5a1c400000-5a1c43f000 r--p 00000000 /system/lib64/platformsdk/libace_napi.z.so
5a1c43f000-5a1c499000 r-xp 0003e000 /system/lib64/platformsdk/libace_napi.z.so
5a1c499000-5a1c49f000 r--p 00097000 /system/lib64/platformsdk/libace_napi.z.so
5a1c49f000-5a1c4a0000 rw-p 0009c000 /system/lib64/platformsdk/libace_napi.z.so
5a1c4c0000-5a1c4ff000 r--p 00000000 /system/lib64/libvulkan.so
5a1c4ff000-5a1c545000 r-xp 0003e000 /system/lib64/libvulkan.so
5a1c545000-5a1c549000 r--p 00083000 /system/lib64/libvulkan.so
5a1c549000-5a1c54a000 rw-p 00086000 /system/lib64/libvulkan.so
5a1c580000-5a1c585000 r--p 00000000 /system/lib64/platformsdk/libembeddablewindowstage_kit.z.so
5a1c585000-5a1c58e000 r-xp 00004000 /system/lib64/platformsdk/libembeddablewindowstage_kit.z.so
5a1c58e000-5a1c58f000 r--p 0000c000 /system/lib64/platformsdk/libembeddablewindowstage_kit.z.so
5a1c58f000-5a1c590000 rw-p 0000c000 /system/lib64/platformsdk/libembeddablewindowstage_kit.z.so
5a1c5c0000-5a1c637000 r--p 00000000 /system/lib64/platformsdk/libapp_manager.z.so
5a1c637000-5a1c6ad000 r-xp 00076000 /system/lib64/platformsdk/libapp_manager.z.so
5a1c6ad000-5a1c6ce000 r--p 000eb000 /system/lib64/platformsdk/libapp_manager.z.so
5a1c6ce000-5a1c6cf000 rw-p 0010b000 /system/lib64/platformsdk/libapp_manager.z.so
5a1c6cf000-5a1c6d0000 rw-p 00000000 [anon:libapp_manager.z.so.bss]
5a1c700000-5a1c71f000 r--p 00000000 /system/lib64/libvsync.z.so
5a1c71f000-5a1c756000 r-xp 0001e000 /system/lib64/libvsync.z.so
5a1c756000-5a1c75c000 r--p 00054000 /system/lib64/libvsync.z.so
5a1c75c000-5a1c75d000 rw-p 00059000 /system/lib64/libvsync.z.so
5a1c780000-5a1c781000 r--p 00000000 /system/lib64/libdlp_setconfig_sdk.z.so
5a1c781000-5a1c784000 r-xp 00000000 /system/lib64/libdlp_setconfig_sdk.z.so
5a1c784000-5a1c785000 r--p 00002000 /system/lib64/libdlp_setconfig_sdk.z.so
5a1c785000-5a1c786000 rw-p 00002000 /system/lib64/libdlp_setconfig_sdk.z.so
5a1c7c0000-5a1c7e9000 r--p 00000000 /system/lib64/platformsdk/libsoftbus_utils.z.so
5a1c7e9000-5a1c82a000 r-xp 00028000 /system/lib64/platformsdk/libsoftbus_utils.z.so
5a1c82a000-5a1c82c000 r--p 00068000 /system/lib64/platformsdk/libsoftbus_utils.z.so
5a1c82c000-5a1c82f000 rw-p 00069000 /system/lib64/platformsdk/libsoftbus_utils.z.so
5a1c82f000-5a1c831000 rw-p 00000000 [anon:libsoftbus_utils.z.so.bss]
5a1c840000-5a1c847000 r--p 00000000 /system/lib64/chipset-sdk/libxperfservice_client.z.so
5a1c847000-5a1c84f000 r-xp 00006000 /system/lib64/chipset-sdk/libxperfservice_client.z.so
5a1c84f000-5a1c853000 r--p 0000d000 /system/lib64/chipset-sdk/libxperfservice_client.z.so
5a1c853000-5a1c854000 rw-p 00010000 /system/lib64/chipset-sdk/libxperfservice_client.z.so
5a1c854000-5a1c855000 rw-p 00000000 [anon:libxperfservice_client.z.so.bss]
5a1c880000-5a1c883000 r--p 00000000 /system/lib64/platformsdk/libace_forward_compatibility.z.so
5a1c883000-5a1c887000 r-xp 00002000 /system/lib64/platformsdk/libace_forward_compatibility.z.so
5a1c887000-5a1c888000 r--p 00005000 /system/lib64/platformsdk/libace_forward_compatibility.z.so
5a1c888000-5a1c889000 rw-p 00005000 /system/lib64/platformsdk/libace_forward_compatibility.z.so
5a1c8c0000-5a1c8c2000 r--p 00000000 /system/lib64/libhisysevent_report.z.so
5a1c8c2000-5a1c8c6000 r-xp 00001000 /system/lib64/libhisysevent_report.z.so
5a1c8c6000-5a1c8c7000 r--p 00004000 /system/lib64/libhisysevent_report.z.so
5a1c8c7000-5a1c8c8000 rw-p 00004000 /system/lib64/libhisysevent_report.z.so
5a1c900000-5a1c951000 r--p 00000000 /system/lib64/chipset-sdk/libxml2.z.so
5a1c951000-5a1ca60000 r-xp 00050000 /system/lib64/chipset-sdk/libxml2.z.so
5a1ca60000-5a1ca68000 r--p 0015e000 /system/lib64/chipset-sdk/libxml2.z.so
5a1ca68000-5a1ca69000 rw-p 00165000 /system/lib64/chipset-sdk/libxml2.z.so
5a1ca69000-5a1ca6a000 rw-p 00000000 [anon:libxml2.z.so.bss]
5a1ca80000-5a1ca8d000 r--p 00000000 /system/lib64/libinputmethod_common.z.so
5a1ca8d000-5a1ca9c000 r-xp 0000c000 /system/lib64/libinputmethod_common.z.so
5a1ca9c000-5a1caa1000 r--p 0001a000 /system/lib64/libinputmethod_common.z.so
5a1caa1000-5a1caa2000 rw-p 0001e000 /system/lib64/libinputmethod_common.z.so
5a1cac0000-5a1cace000 r--p 00000000 /system/lib64/libcodec_proxy_4.0.z.so
5a1cace000-5a1cadf000 r-xp 0000d000 /system/lib64/libcodec_proxy_4.0.z.so
5a1cadf000-5a1cae1000 r--p 0001d000 /system/lib64/libcodec_proxy_4.0.z.so
5a1cae1000-5a1cae2000 rw-p 0001e000 /system/lib64/libcodec_proxy_4.0.z.so
5a1cae2000-5a1cae3000 rw-p 00000000 [anon:libcodec_proxy_4.0.z.so.bss]
5a1cb00000-5a1cb1b000 r--p 00000000 /system/lib64/platformsdk/libpowermgr_client.z.so
5a1cb1b000-5a1cb3b000 r-xp 0001a000 /system/lib64/platformsdk/libpowermgr_client.z.so
5a1cb3b000-5a1cb4b000 r--p 00039000 /system/lib64/platformsdk/libpowermgr_client.z.so
5a1cb4b000-5a1cb4c000 rw-p 00048000 /system/lib64/platformsdk/libpowermgr_client.z.so
5a1cb80000-5a1cb83000 r--p 00000000 /system/lib64/platformsdk/libnative_appdatafwk.z.so
5a1cb83000-5a1cb88000 r-xp 00002000 /system/lib64/platformsdk/libnative_appdatafwk.z.so
5a1cb88000-5a1cb89000 r--p 00006000 /system/lib64/platformsdk/libnative_appdatafwk.z.so
5a1cb89000-5a1cb8a000 rw-p 00006000 /system/lib64/platformsdk/libnative_appdatafwk.z.so
5a1cbc0000-5a1cbe3000 r--p 00000000 /system/lib64/platformsdk/libsms.z.so
5a1cbe3000-5a1cc26000 r-xp 00022000 /system/lib64/platformsdk/libsms.z.so
5a1cc26000-5a1cc31000 r--p 00064000 /system/lib64/platformsdk/libsms.z.so
5a1cc31000-5a1cc32000 rw-p 0006e000 /system/lib64/platformsdk/libsms.z.so
5a1cc32000-5a1cc33000 rw-p 00000000 [anon:libsms.z.so.bss]
5a1cc40000-5a1cc56000 r--p 00000000 /system/lib64/platformsdk/libdatashare_common.z.so
5a1cc56000-5a1cc8d000 r-xp 00015000 /system/lib64/platformsdk/libdatashare_common.z.so
5a1cc8d000-5a1cc92000 r--p 0004b000 /system/lib64/platformsdk/libdatashare_common.z.so
5a1cc92000-5a1cc93000 rw-p 0004f000 /system/lib64/platformsdk/libdatashare_common.z.so
5a1ccc0000-5a1ccc9000 r--p 00000000 /system/lib64/platformsdk/libwindowstage_kit.z.so
5a1ccc9000-5a1ccdb000 r-xp 00008000 /system/lib64/platformsdk/libwindowstage_kit.z.so
5a1ccdb000-5a1ccdd000 r--p 00019000 /system/lib64/platformsdk/libwindowstage_kit.z.so
5a1ccdd000-5a1ccde000 rw-p 0001a000 /system/lib64/platformsdk/libwindowstage_kit.z.so
5a1cd00000-5a1cd0f000 r--p 00000000 /system/lib64/platformsdk/libapp_context_utils.z.so
5a1cd0f000-5a1cd23000 r-xp 0000e000 /system/lib64/platformsdk/libapp_context_utils.z.so
5a1cd23000-5a1cd25000 r--p 00021000 /system/lib64/platformsdk/libapp_context_utils.z.so
5a1cd25000-5a1cd26000 rw-p 00022000 /system/lib64/platformsdk/libapp_context_utils.z.so
5a1cd40000-5a1cd69000 r--p 00000000 /system/lib64/platformsdk/libaccessibility_interface.z.so
5a1cd69000-5a1cdc8000 r-xp 00028000 /system/lib64/platformsdk/libaccessibility_interface.z.so
5a1cdc8000-5a1cdd7000 r--p 00086000 /system/lib64/platformsdk/libaccessibility_interface.z.so
5a1cdd7000-5a1cdd8000 rw-p 00094000 /system/lib64/platformsdk/libaccessibility_interface.z.so
5a1cdd8000-5a1cdd9000 rw-p 00000000 [anon:libaccessibility_interface.z.so.bss]
5a1ce00000-5a1cfdd000 r--p 00000000 /system/lib64/platformsdk/libark_jsruntime.so
5a1cfdd000-5a1d923000 r-xp 001dc000 /system/lib64/platformsdk/libark_jsruntime.so
5a1d923000-5a1d93e000 r--p 00b21000 /system/lib64/platformsdk/libark_jsruntime.so
5a1d93e000-5a1d942000 rw-p 00b3b000 /system/lib64/platformsdk/libark_jsruntime.so
5a1d942000-5a1d96c000 rw-p 00000000 [anon:libark_jsruntime.so.bss]
5a1d980000-5a1d998000 r--p 00000000 /system/lib64/platformsdk/libscreen_session.z.so
5a1d998000-5a1d9c1000 r-xp 00017000 /system/lib64/platformsdk/libscreen_session.z.so
5a1d9c1000-5a1d9c3000 r--p 0003f000 /system/lib64/platformsdk/libscreen_session.z.so
5a1d9c3000-5a1d9c4000 rw-p 00040000 /system/lib64/platformsdk/libscreen_session.z.so
5a1da00000-5a1da09000 r--p 00000000 /system/lib64/platformsdk/libconnection_obs_manager.z.so
5a1da09000-5a1da11000 r-xp 00008000 /system/lib64/platformsdk/libconnection_obs_manager.z.so
5a1da11000-5a1da14000 r--p 0000f000 /system/lib64/platformsdk/libconnection_obs_manager.z.so
5a1da14000-5a1da15000 rw-p 00011000 /system/lib64/platformsdk/libconnection_obs_manager.z.so
5a1da15000-5a1da16000 rw-p 00000000 [anon:libconnection_obs_manager.z.so.bss]
5a1da40000-5a1da43000 r--p 00000000 /system/lib64/libability_madvise.z.so
5a1da43000-5a1da49000 r-xp 00002000 /system/lib64/libability_madvise.z.so
5a1da49000-5a1da4b000 r--p 00007000 /system/lib64/libability_madvise.z.so
5a1da4b000-5a1da4c000 rw-p 00008000 /system/lib64/libability_madvise.z.so
5a1da80000-5a1da85000 r--p 00000000 /system/lib64/chipset-sdk-sp/libdisplay_buffer_proxy_1.0.z.so
5a1da85000-5a1da8c000 r-xp 00004000 /system/lib64/chipset-sdk-sp/libdisplay_buffer_proxy_1.0.z.so
5a1da8c000-5a1da8e000 r--p 0000a000 /system/lib64/chipset-sdk-sp/libdisplay_buffer_proxy_1.0.z.so
5a1da8e000-5a1da8f000 rw-p 0000b000 /system/lib64/chipset-sdk-sp/libdisplay_buffer_proxy_1.0.z.so
5a1dac0000-5a1db01000 r--p 00000000 /system/lib64/platformsdk/libuiabilitykit_native.z.so
5a1db01000-5a1db3d000 r-xp 00040000 /system/lib64/platformsdk/libuiabilitykit_native.z.so
5a1db3d000-5a1db43000 r--p 0007b000 /system/lib64/platformsdk/libuiabilitykit_native.z.so
5a1db43000-5a1db44000 rw-p 00080000 /system/lib64/platformsdk/libuiabilitykit_native.z.so
5a1db44000-5a1db46000 rw-p 00000000 [anon:libuiabilitykit_native.z.so.bss]
5a1db80000-5a1db83000 r--p 00000000 /system/lib64/platformsdk/liblz4_shared.z.so
5a1db83000-5a1dba4000 r-xp 00002000 /system/lib64/platformsdk/liblz4_shared.z.so
5a1dba4000-5a1dba5000 r--p 00022000 /system/lib64/platformsdk/liblz4_shared.z.so
5a1dba5000-5a1dba6000 rw-p 00022000 /system/lib64/platformsdk/liblz4_shared.z.so
5a1dbc0000-5a1dbcb000 r--p 00000000 /system/lib64/platformsdk/libprivacy_sdk.z.so
5a1dbcb000-5a1dbe4000 r-xp 0000a000 /system/lib64/platformsdk/libprivacy_sdk.z.so
5a1dbe4000-5a1dbec000 r--p 00022000 /system/lib64/platformsdk/libprivacy_sdk.z.so
5a1dbec000-5a1dbed000 rw-p 00029000 /system/lib64/platformsdk/libprivacy_sdk.z.so
5a1dc00000-5a1dc03000 r--p 00000000 /system/lib64/libarkweb_glue_base.z.so
5a1dc03000-5a1dc08000 r-xp 00002000 /system/lib64/libarkweb_glue_base.z.so
5a1dc08000-5a1dc0a000 r--p 00006000 /system/lib64/libarkweb_glue_base.z.so
5a1dc0a000-5a1dc0b000 rw-p 00007000 /system/lib64/libarkweb_glue_base.z.so
5a1dc40000-5a1dc55000 r--p 00000000 /system/lib64/platformsdk/libwantagent_innerkits.z.so
5a1dc55000-5a1dc69000 r-xp 00014000 /system/lib64/platformsdk/libwantagent_innerkits.z.so
5a1dc69000-5a1dc6d000 r--p 00027000 /system/lib64/platformsdk/libwantagent_innerkits.z.so
5a1dc6d000-5a1dc6e000 rw-p 0002a000 /system/lib64/platformsdk/libwantagent_innerkits.z.so
5a1dc80000-5a1dddb000 r--p 00000000 /system/lib64/chipset-sdk-sp/libcrypto_openssl.z.so
5a1dddb000-5a1dfad000 r-xp 0015a000 /system/lib64/chipset-sdk-sp/libcrypto_openssl.z.so
5a1dfad000-5a1e00e000 r--p 0032b000 /system/lib64/chipset-sdk-sp/libcrypto_openssl.z.so
5a1e00e000-5a1e011000 rw-p 0038b000 /system/lib64/chipset-sdk-sp/libcrypto_openssl.z.so
5a1e011000-5a1e014000 rw-p 00000000 [anon:libcrypto_openssl.z.so.bss]
5a1e040000-5a1e042000 r--p 00000000 /system/lib64/platformsdk/libdialog_request_info.z.so
5a1e042000-5a1e044000 r-xp 00001000 /system/lib64/platformsdk/libdialog_request_info.z.so
5a1e044000-5a1e045000 r--p 00002000 /system/lib64/platformsdk/libdialog_request_info.z.so
5a1e045000-5a1e046000 rw-p 00002000 /system/lib64/platformsdk/libdialog_request_info.z.so
5a1e080000-5a1e08e000 r--p 00000000 /system/lib64/platformsdk/liburi_permission_mgr.z.so
5a1e08e000-5a1e0a2000 r-xp 0000d000 /system/lib64/platformsdk/liburi_permission_mgr.z.so
5a1e0a2000-5a1e0a7000 r--p 00020000 /system/lib64/platformsdk/liburi_permission_mgr.z.so
5a1e0a7000-5a1e0a8000 rw-p 00024000 /system/lib64/platformsdk/liburi_permission_mgr.z.so
5a1e0a8000-5a1e0a9000 rw-p 00000000 [anon:liburi_permission_mgr.z.so.bss]
5a1e0c0000-5a1e0c5000 r--p 00000000 /system/lib64/ndk/libsync_fence.z.so
5a1e0c5000-5a1e0cb000 r-xp 00004000 /system/lib64/ndk/libsync_fence.z.so
5a1e0cb000-5a1e0cc000 r--p 00009000 /system/lib64/ndk/libsync_fence.z.so
5a1e0cc000-5a1e0cd000 rw-p 00009000 /system/lib64/ndk/libsync_fence.z.so
5a1e0cd000-5a1e0ce000 rw-p 00000000 [anon:libsync_fence.z.so.bss]
5a1e100000-5a1e102000 r--p 00000000 /system/lib64/platformsdk/libability_deps_wrapper.z.so
5a1e102000-5a1e105000 r-xp 00001000 /system/lib64/platformsdk/libability_deps_wrapper.z.so
5a1e105000-5a1e106000 r--p 00003000 /system/lib64/platformsdk/libability_deps_wrapper.z.so
5a1e106000-5a1e107000 rw-p 00003000 /system/lib64/platformsdk/libability_deps_wrapper.z.so
5a1e140000-5a1e143000 r--p 00000000 /system/lib64/platformsdk/libegl_image.z.so
5a1e143000-5a1e147000 r-xp 00002000 /system/lib64/platformsdk/libegl_image.z.so
5a1e147000-5a1e149000 r--p 00005000 /system/lib64/platformsdk/libegl_image.z.so
5a1e149000-5a1e14a000 rw-p 00006000 /system/lib64/platformsdk/libegl_image.z.so
5a1e180000-5a1e182000 r--p 00000000 /system/lib64/platformsdk/libability_runtime_error_util.z.so
5a1e182000-5a1e185000 r-xp 00001000 /system/lib64/platformsdk/libability_runtime_error_util.z.so
5a1e185000-5a1e186000 r--p 00003000 /system/lib64/platformsdk/libability_runtime_error_util.z.so
5a1e186000-5a1e187000 rw-p 00003000 /system/lib64/platformsdk/libability_runtime_error_util.z.so
5a1e1c0000-5a1e1ca000 r--p 00000000 /system/lib64/platformsdk/libjs_environment.z.so
5a1e1ca000-5a1e1d4000 r-xp 00009000 /system/lib64/platformsdk/libjs_environment.z.so
5a1e1d4000-5a1e1d6000 r--p 00012000 /system/lib64/platformsdk/libjs_environment.z.so
5a1e1d6000-5a1e1d7000 rw-p 00013000 /system/lib64/platformsdk/libjs_environment.z.so
5a1e200000-5a1e21e000 r--p 00000000 /system/lib64/libdistributed_file_daemon_kit_inner.z.so
5a1e21e000-5a1e250000 r-xp 0001d000 /system/lib64/libdistributed_file_daemon_kit_inner.z.so
5a1e250000-5a1e258000 r--p 0004e000 /system/lib64/libdistributed_file_daemon_kit_inner.z.so
5a1e258000-5a1e259000 rw-p 00055000 /system/lib64/libdistributed_file_daemon_kit_inner.z.so
5a1e259000-5a1e25a000 rw-p 00000000 [anon:libdistributed_file_daemon_kit_inner.z.so.bss]
5a1e280000-5a1e281000 r--p 00000000 /system/lib64/platformsdk/libextractresourcemanager.z.so
5a1e281000-5a1e282000 r-xp 00000000 /system/lib64/platformsdk/libextractresourcemanager.z.so
5a1e282000-5a1e284000 r--p 00000000 /system/lib64/platformsdk/libextractresourcemanager.z.so
5a1e284000-5a1e285000 rw-p 00001000 /system/lib64/platformsdk/libextractresourcemanager.z.so
5a1e2c0000-5a1e2c2000 r--p 00000000 /system/lib64/platformsdk/libdatabase_utils.z.so
5a1e2c2000-5a1e2c6000 r-xp 00001000 /system/lib64/platformsdk/libdatabase_utils.z.so
5a1e2c6000-5a1e2c7000 r--p 00004000 /system/lib64/platformsdk/libdatabase_utils.z.so
5a1e2c7000-5a1e2c8000 rw-p 00004000 /system/lib64/platformsdk/libdatabase_utils.z.so
5a1e300000-5a1e304000 r--p 00000000 /system/lib64/libcolor_space_object_convertor.z.so
5a1e304000-5a1e30b000 r-xp 00003000 /system/lib64/libcolor_space_object_convertor.z.so
5a1e30b000-5a1e30c000 r--p 00009000 /system/lib64/libcolor_space_object_convertor.z.so
5a1e30c000-5a1e30d000 rw-p 00009000 /system/lib64/libcolor_space_object_convertor.z.so
5a1e340000-5a1e351000 r--p 00000000 /system/lib64/platformsdk/libstorage_manager_sa_proxy.z.so
5a1e351000-5a1e379000 r-xp 00010000 /system/lib64/platformsdk/libstorage_manager_sa_proxy.z.so
5a1e379000-5a1e37f000 r--p 00037000 /system/lib64/platformsdk/libstorage_manager_sa_proxy.z.so
5a1e37f000-5a1e380000 rw-p 0003c000 /system/lib64/platformsdk/libstorage_manager_sa_proxy.z.so
5a1e380000-5a1e387000 r--p 00000000 /system/lib64/platformsdk/libconfiguration.z.so
5a1e387000-5a1e392000 r-xp 00006000 /system/lib64/platformsdk/libconfiguration.z.so
5a1e392000-5a1e394000 r--p 00010000 /system/lib64/platformsdk/libconfiguration.z.so
5a1e394000-5a1e395000 rw-p 00011000 /system/lib64/platformsdk/libconfiguration.z.so
5a1e3c0000-5a1e3c8000 r--p 00000000 /system/lib64/platformsdk/libdistributed_sdk.z.so
5a1e3c8000-5a1e3d2000 r-xp 00007000 /system/lib64/platformsdk/libdistributed_sdk.z.so
5a1e3d2000-5a1e3d6000 r--p 00010000 /system/lib64/platformsdk/libdistributed_sdk.z.so
5a1e3d6000-5a1e3d7000 rw-p 00013000 /system/lib64/platformsdk/libdistributed_sdk.z.so
5a1e3d7000-5a1e3d8000 rw-p 00000000 [anon:libdistributed_sdk.z.so.bss]
5a1e400000-5a1e429000 r--p 00000000 /system/lib64/platformsdk/libmmi-util.z.so
5a1e429000-5a1e464000 r-xp 00028000 /system/lib64/platformsdk/libmmi-util.z.so
5a1e464000-5a1e467000 r--p 00062000 /system/lib64/platformsdk/libmmi-util.z.so
5a1e467000-5a1e468000 rw-p 00064000 /system/lib64/platformsdk/libmmi-util.z.so
5a1e480000-5a1e4a6000 r--p 00000000 /system/lib64/platformsdk/libscreen_session_manager_client.z.so
5a1e4a6000-5a1e4f8000 r-xp 00025000 /system/lib64/platformsdk/libscreen_session_manager_client.z.so
5a1e4f8000-5a1e4ff000 r--p 00076000 /system/lib64/platformsdk/libscreen_session_manager_client.z.so
5a1e4ff000-5a1e500000 rw-p 0007c000 /system/lib64/platformsdk/libscreen_session_manager_client.z.so
5a1e500000-5a1e531000 r--p 00000000 /system/lib64/platformsdk/libsqlite.z.so
5a1e531000-5a1e65a000 r-xp 00030000 /system/lib64/platformsdk/libsqlite.z.so
5a1e65a000-5a1e65e000 r--p 00158000 /system/lib64/platformsdk/libsqlite.z.so
5a1e65e000-5a1e661000 rw-p 0015b000 /system/lib64/platformsdk/libsqlite.z.so
5a1e661000-5a1e662000 rw-p 00000000 [anon:libsqlite.z.so.bss]
5a1e680000-5a1e6f5000 r--p 00000000 /system/lib64/platformsdk/libabilitykit_native.z.so
5a1e6f5000-5a1e785000 r-xp 00074000 /system/lib64/platformsdk/libabilitykit_native.z.so
5a1e785000-5a1e795000 r--p 00103000 /system/lib64/platformsdk/libabilitykit_native.z.so
5a1e795000-5a1e796000 rw-p 00112000 /system/lib64/platformsdk/libabilitykit_native.z.so
5a1e796000-5a1e798000 rw-p 00000000 [anon:libabilitykit_native.z.so.bss]
5a1e7c0000-5a1e7d7000 r--p 00000000 /system/lib64/platformsdk/libaccessibility_common.z.so
5a1e7d7000-5a1e7f0000 r-xp 00016000 /system/lib64/platformsdk/libaccessibility_common.z.so
5a1e7f0000-5a1e7f1000 r--p 0002e000 /system/lib64/platformsdk/libaccessibility_common.z.so
5a1e7f1000-5a1e7f2000 rw-p 0002e000 /system/lib64/platformsdk/libaccessibility_common.z.so
5a1e7f2000-5a1e7f3000 rw-p 00000000 [anon:libaccessibility_common.z.so.bss]
5a1e800000-5a1e808000 r--p 00000000 /system/lib64/libapp_domain_verify_common.z.so
5a1e808000-5a1e812000 r-xp 00007000 /system/lib64/libapp_domain_verify_common.z.so
5a1e812000-5a1e815000 r--p 00010000 /system/lib64/libapp_domain_verify_common.z.so
5a1e815000-5a1e816000 rw-p 00012000 /system/lib64/libapp_domain_verify_common.z.so
5a1e840000-5a1e844000 r--p 00000000 /system/lib64/platformsdk/libdlp_permission_common_interface.z.so
5a1e844000-5a1e852000 r-xp 00003000 /system/lib64/platformsdk/libdlp_permission_common_interface.z.so
5a1e852000-5a1e853000 r--p 00010000 /system/lib64/platformsdk/libdlp_permission_common_interface.z.so
5a1e853000-5a1e854000 rw-p 00010000 /system/lib64/platformsdk/libdlp_permission_common_interface.z.so
5a1e880000-5a1e89e000 r--p 00000000 /system/lib64/libnstackx_util.z.so
5a1e89e000-5a1e8d5000 r-xp 0001d000 /system/lib64/libnstackx_util.z.so
5a1e8d5000-5a1e8d8000 r--p 00053000 /system/lib64/libnstackx_util.z.so
5a1e8d8000-5a1e8d9000 rw-p 00055000 /system/lib64/libnstackx_util.z.so
5a1e900000-5a1e906000 r--p 00000000 /system/lib64/platformsdk/libscreenlock_client.z.so
5a1e906000-5a1e913000 r-xp 00005000 /system/lib64/platformsdk/libscreenlock_client.z.so
5a1e913000-5a1e917000 r--p 00011000 /system/lib64/platformsdk/libscreenlock_client.z.so
5a1e917000-5a1e918000 rw-p 00014000 /system/lib64/platformsdk/libscreenlock_client.z.so
5a1e940000-5a1e959000 r--p 00000000 /system/lib64/libdlp_permission_sdk.z.so
5a1e959000-5a1e983000 r-xp 00018000 /system/lib64/libdlp_permission_sdk.z.so
5a1e983000-5a1e98b000 r--p 00041000 /system/lib64/libdlp_permission_sdk.z.so
5a1e98b000-5a1e98c000 rw-p 00048000 /system/lib64/libdlp_permission_sdk.z.so
5a1e9c0000-5a1e9c1000 r--p 00000000 /system/lib64/platformsdk/libabsl_strings_internal.z.so
5a1e9c1000-5a1e9c3000 r-xp 00000000 /system/lib64/platformsdk/libabsl_strings_internal.z.so
5a1e9c3000-5a1e9c4000 r--p 00001000 /system/lib64/platformsdk/libabsl_strings_internal.z.so
5a1e9c4000-5a1e9c5000 rw-p 00001000 /system/lib64/platformsdk/libabsl_strings_internal.z.so
5a1ea00000-5a1ea23000 r--p 00000000 /system/lib64/chipset-sdk/libhukssdk.z.so
5a1ea23000-5a1ea5e000 r-xp 00022000 /system/lib64/chipset-sdk/libhukssdk.z.so
5a1ea5e000-5a1ea63000 r--p 0005c000 /system/lib64/chipset-sdk/libhukssdk.z.so
5a1ea63000-5a1ea64000 rw-p 00060000 /system/lib64/chipset-sdk/libhukssdk.z.so
5a1ea80000-5a1eaba000 r--p 00000000 /system/lib64/platformsdk/libimage_accessor.z.so
5a1eaba000-5a1eba2000 r-xp 00039000 /system/lib64/platformsdk/libimage_accessor.z.so
5a1eba2000-5a1eba9000 r--p 00120000 /system/lib64/platformsdk/libimage_accessor.z.so
5a1eba9000-5a1ebaa000 rw-p 00126000 /system/lib64/platformsdk/libimage_accessor.z.so
5a1ebaa000-5a1ebac000 rw-p 00000000 [anon:libimage_accessor.z.so.bss]
5a1ebc0000-5a1ebc4000 r--p 00000000 /system/lib64/platformsdk/libdialog_request_callback.z.so
5a1ebc4000-5a1ebc6000 r-xp 00003000 /system/lib64/platformsdk/libdialog_request_callback.z.so
5a1ebc6000-5a1ebc8000 r--p 00004000 /system/lib64/platformsdk/libdialog_request_callback.z.so
5a1ebc8000-5a1ebc9000 rw-p 00005000 /system/lib64/platformsdk/libdialog_request_callback.z.so
5a1ec00000-5a1ec02000 r--p 00000000 /system/lib64/platformsdk/libpixelconvertadapter.z.so
5a1ec02000-5a1ec06000 r-xp 00001000 /system/lib64/platformsdk/libpixelconvertadapter.z.so
5a1ec06000-5a1ec07000 r--p 00004000 /system/lib64/platformsdk/libpixelconvertadapter.z.so
5a1ec07000-5a1ec08000 rw-p 00004000 /system/lib64/platformsdk/libpixelconvertadapter.z.so
5a1ec40000-5a1ec4b000 r--p 00000000 /system/lib64/platformsdk/libappkit_manager_helper.z.so
5a1ec4b000-5a1ec58000 r-xp 0000a000 /system/lib64/platformsdk/libappkit_manager_helper.z.so
5a1ec58000-5a1ec5a000 r--p 00016000 /system/lib64/platformsdk/libappkit_manager_helper.z.so
5a1ec5a000-5a1ec5b000 rw-p 00017000 /system/lib64/platformsdk/libappkit_manager_helper.z.so
5a1ec80000-5a1ecc4000 r--p 00000000 /system/lib64/platformsdk/libdevicemanagersdk.z.so
5a1ecc4000-5a1ed41000 r-xp 00043000 /system/lib64/platformsdk/libdevicemanagersdk.z.so
5a1ed41000-5a1ed49000 r--p 000bf000 /system/lib64/platformsdk/libdevicemanagersdk.z.so
5a1ed49000-5a1ed4a000 rw-p 000c6000 /system/lib64/platformsdk/libdevicemanagersdk.z.so
5a1ed4a000-5a1ed4b000 rw-p 00000000 [anon:libdevicemanagersdk.z.so.bss]
5a1ed80000-5a1ed92000 r--p 00000000 /system/lib64/platformsdk/libextensionkit_native.z.so
5a1ed92000-5a1eda3000 r-xp 00011000 /system/lib64/platformsdk/libextensionkit_native.z.so
5a1eda3000-5a1eda6000 r--p 00021000 /system/lib64/platformsdk/libextensionkit_native.z.so
5a1eda6000-5a1eda7000 rw-p 00023000 /system/lib64/platformsdk/libextensionkit_native.z.so
5a1edc0000-5a1edc2000 r--p 00000000 /system/lib64/platformsdk/libtoken_callback_sdk.z.so
5a1edc2000-5a1edc5000 r-xp 00001000 /system/lib64/platformsdk/libtoken_callback_sdk.z.so
5a1edc5000-5a1edc6000 r--p 00003000 /system/lib64/platformsdk/libtoken_callback_sdk.z.so
5a1edc6000-5a1edc7000 rw-p 00003000 /system/lib64/platformsdk/libtoken_callback_sdk.z.so
5a1ee00000-5a1ee3c000 r--p 00000000 /system/lib64/libui_extension.z.so
5a1ee3c000-5a1ee6f000 r-xp 0003b000 /system/lib64/libui_extension.z.so
5a1ee6f000-5a1ee74000 r--p 0006d000 /system/lib64/libui_extension.z.so
5a1ee74000-5a1ee75000 rw-p 00071000 /system/lib64/libui_extension.z.so
5a1ee75000-5a1ee76000 rw-p 00000000 [anon:libui_extension.z.so.bss]
5a1ee80000-5a1ee83000 r--p 00000000 /system/lib64/platformsdk/libuser_controller.z.so
5a1ee83000-5a1ee8a000 r-xp 00002000 /system/lib64/platformsdk/libuser_controller.z.so
5a1ee8a000-5a1ee8b000 r--p 00008000 /system/lib64/platformsdk/libuser_controller.z.so
5a1ee8b000-5a1ee8c000 rw-p 00008000 /system/lib64/platformsdk/libuser_controller.z.so
5a1eec0000-5a1eed7000 r--p 00000000 /system/lib64/platformsdk/libinputmethod_client.z.so
5a1eed7000-5a1ef29000 r-xp 00016000 /system/lib64/platformsdk/libinputmethod_client.z.so
5a1ef29000-5a1ef32000 r--p 00067000 /system/lib64/platformsdk/libinputmethod_client.z.so
5a1ef32000-5a1ef33000 rw-p 0006f000 /system/lib64/platformsdk/libinputmethod_client.z.so
5a1ef40000-5a1ef52000 r--p 00000000 /system/lib64/libapp_util.z.so
5a1ef52000-5a1ef6a000 r-xp 00011000 /system/lib64/libapp_util.z.so
5a1ef6a000-5a1ef6c000 r--p 00028000 /system/lib64/libapp_util.z.so
5a1ef6c000-5a1ef6d000 rw-p 00029000 /system/lib64/libapp_util.z.so
5a1ef80000-5a1ef82000 r--p 00000000 /system/lib64/platformsdk/libhichecker.so
5a1ef82000-5a1ef84000 r-xp 00001000 /system/lib64/platformsdk/libhichecker.so
5a1ef84000-5a1ef86000 r--p 00002000 /system/lib64/platformsdk/libhichecker.so
5a1ef86000-5a1ef87000 rw-p 00003000 /system/lib64/platformsdk/libhichecker.so
5a1efc0000-5a1efc3000 r--p 00000000 /system/lib64/libcolor_manager.z.so
5a1efc3000-5a1efc6000 r-xp 00002000 /system/lib64/libcolor_manager.z.so
5a1efc6000-5a1efc8000 r--p 00004000 /system/lib64/libcolor_manager.z.so
5a1efc8000-5a1efc9000 rw-p 00005000 /system/lib64/libcolor_manager.z.so
5a1f000000-5a1f004000 r--p 00000000 /system/lib64/chipset-sdk-sp/libdisplay_buffer_proxy_1.4.z.so
5a1f004000-5a1f008000 r-xp 00003000 /system/lib64/chipset-sdk-sp/libdisplay_buffer_proxy_1.4.z.so
5a1f008000-5a1f00a000 r--p 00006000 /system/lib64/chipset-sdk-sp/libdisplay_buffer_proxy_1.4.z.so
5a1f00a000-5a1f00b000 rw-p 00007000 /system/lib64/chipset-sdk-sp/libdisplay_buffer_proxy_1.4.z.so
5a1f040000-5a1f044000 r--p 00000000 /system/lib64/platformsdk/libconfiguration_helper.z.so
5a1f044000-5a1f04a000 r-xp 00003000 /system/lib64/platformsdk/libconfiguration_helper.z.so
5a1f04a000-5a1f04b000 r--p 00008000 /system/lib64/platformsdk/libconfiguration_helper.z.so
5a1f04b000-5a1f04c000 rw-p 00008000 /system/lib64/platformsdk/libconfiguration_helper.z.so
5a1f080000-5a1f0a3000 r--p 00000000 /system/lib64/platformsdk/libability_thread.z.so
5a1f0a3000-5a1f0ba000 r-xp 00022000 /system/lib64/platformsdk/libability_thread.z.so
5a1f0ba000-5a1f0c3000 r--p 00038000 /system/lib64/platformsdk/libability_thread.z.so
5a1f0c3000-5a1f0c4000 rw-p 00040000 /system/lib64/platformsdk/libability_thread.z.so
5a1f100000-5a1f118000 r--p 00000000 /system/lib64/chipset-sdk/libexif.z.so
5a1f118000-5a1f138000 r-xp 00017000 /system/lib64/chipset-sdk/libexif.z.so
5a1f138000-5a1f150000 r--p 00036000 /system/lib64/chipset-sdk/libexif.z.so
5a1f150000-5a1f151000 rw-p 0004d000 /system/lib64/chipset-sdk/libexif.z.so
5a1f180000-5a1f190000 r--p 00000000 /system/lib64/platformsdk/libbundle_napi_common.z.so
5a1f190000-5a1f1ad000 r-xp 0000f000 /system/lib64/platformsdk/libbundle_napi_common.z.so
5a1f1ad000-5a1f1af000 r--p 0002b000 /system/lib64/platformsdk/libbundle_napi_common.z.so
5a1f1af000-5a1f1b0000 rw-p 0002c000 /system/lib64/platformsdk/libbundle_napi_common.z.so
5a1f1c0000-5a1f1c2000 r--p 00000000 /system/lib64/platformsdk/libapplication_image_observer_manager.z.so
5a1f1c2000-5a1f1c5000 r-xp 00001000 /system/lib64/platformsdk/libapplication_image_observer_manager.z.so
5a1f1c5000-5a1f1c6000 r--p 00003000 /system/lib64/platformsdk/libapplication_image_observer_manager.z.so
5a1f1c6000-5a1f1c7000 rw-p 00003000 /system/lib64/platformsdk/libapplication_image_observer_manager.z.so
5a1f200000-5a1f202000 r--p 00000000 /system/lib64/platformsdk/libwsutils.z.so
5a1f202000-5a1f206000 r-xp 00001000 /system/lib64/platformsdk/libwsutils.z.so
5a1f206000-5a1f207000 r--p 00004000 /system/lib64/platformsdk/libwsutils.z.so
5a1f207000-5a1f208000 rw-p 00004000 /system/lib64/platformsdk/libwsutils.z.so
5a1f240000-5a1f27f000 r--p 00000000 /system/lib64/libdm.z.so
5a1f27f000-5a1f2fc000 r-xp 0003e000 /system/lib64/libdm.z.so
5a1f2fc000-5a1f31b000 r--p 000ba000 /system/lib64/libdm.z.so
5a1f31b000-5a1f31c000 rw-p 000d8000 /system/lib64/libdm.z.so
5a1f31c000-5a1f31d000 rw-p 00000000 [anon:libdm.z.so.bss]
5a1f340000-5a1f342000 r--p 00000000 /system/lib64/platformsdk/libruntime_utils.z.so
5a1f342000-5a1f346000 r-xp 00001000 /system/lib64/platformsdk/libruntime_utils.z.so
5a1f346000-5a1f347000 r--p 00004000 /system/lib64/platformsdk/libruntime_utils.z.so
5a1f347000-5a1f348000 rw-p 00004000 /system/lib64/platformsdk/libruntime_utils.z.so
5a1f380000-5a1f3d3000 r--p 00000000 /system/lib64/platformsdk/libmmi-client.z.so
5a1f3d3000-5a1f48c000 r-xp 00052000 /system/lib64/platformsdk/libmmi-client.z.so
5a1f48c000-5a1f497000 r--p 0010a000 /system/lib64/platformsdk/libmmi-client.z.so
5a1f497000-5a1f498000 rw-p 00114000 /system/lib64/platformsdk/libmmi-client.z.so
5a1f498000-5a1f499000 rw-p 00000000 [anon:libmmi-client.z.so.bss]
5a1f4c0000-5a1f4c2000 r--p 00000000 /system/lib64/platformsdk/libfreeze_util.z.so
5a1f4c2000-5a1f4c7000 r-xp 00001000 /system/lib64/platformsdk/libfreeze_util.z.so
5a1f4c7000-5a1f4c8000 r--p 00005000 /system/lib64/platformsdk/libfreeze_util.z.so
5a1f4c8000-5a1f4c9000 rw-p 00005000 /system/lib64/platformsdk/libfreeze_util.z.so
5a1f500000-5a1f503000 r--p 00000000 /system/lib64/platformsdk/libability_start_options.z.so
5a1f503000-5a1f508000 r-xp 00002000 /system/lib64/platformsdk/libability_start_options.z.so
5a1f508000-5a1f50a000 r--p 00006000 /system/lib64/platformsdk/libability_start_options.z.so
5a1f50a000-5a1f50b000 rw-p 00007000 /system/lib64/platformsdk/libability_start_options.z.so
5a1f540000-5a1f541000 r--p 00000000 /system/lib64/platformsdk/libintl_register.z.so
5a1f541000-5a1f542000 r-xp 00000000 /system/lib64/platformsdk/libintl_register.z.so
5a1f542000-5a1f543000 r--p 00000000 /system/lib64/platformsdk/libintl_register.z.so
5a1f543000-5a1f544000 rw-p 00000000 /system/lib64/platformsdk/libintl_register.z.so
5a1f580000-5a1f585000 r--p 00000000 /system/lib64/platformsdk/libperm_verification.z.so
5a1f585000-5a1f58b000 r-xp 00004000 /system/lib64/platformsdk/libperm_verification.z.so
5a1f58b000-5a1f58c000 r--p 00009000 /system/lib64/platformsdk/libperm_verification.z.so
5a1f58c000-5a1f58d000 rw-p 00009000 /system/lib64/platformsdk/libperm_verification.z.so
5a1f5c0000-5a1f5c3000 r--p 00000000 /system/lib64/platformsdk/libace_uicontent.z.so
5a1f5c3000-5a1f5c6000 r-xp 00002000 /system/lib64/platformsdk/libace_uicontent.z.so
5a1f5c6000-5a1f5c8000 r--p 00004000 /system/lib64/platformsdk/libace_uicontent.z.so
5a1f5c8000-5a1f5c9000 rw-p 00005000 /system/lib64/platformsdk/libace_uicontent.z.so
5a1f600000-5a1f60b000 r--p 00000000 /system/lib64/platformsdk/libsamgr_common.z.so
5a1f60b000-5a1f626000 r-xp 0000a000 /system/lib64/platformsdk/libsamgr_common.z.so
5a1f626000-5a1f628000 r--p 00024000 /system/lib64/platformsdk/libsamgr_common.z.so
5a1f628000-5a1f629000 rw-p 00025000 /system/lib64/platformsdk/libsamgr_common.z.so
5a1f640000-5a1f64a000 r--p 00000000 /system/lib64/libdvsync.z.so
5a1f64a000-5a1f659000 r-xp 00009000 /system/lib64/libdvsync.z.so
5a1f659000-5a1f65b000 r--p 00017000 /system/lib64/libdvsync.z.so
5a1f65b000-5a1f65c000 rw-p 00018000 /system/lib64/libdvsync.z.so
5a1f680000-5a1f6f4000 r--p 00000000 /system/lib64/platformsdk/libability_manager.z.so
5a1f6f4000-5a1f771000 r-xp 00073000 /system/lib64/platformsdk/libability_manager.z.so
5a1f771000-5a1f789000 r--p 000ef000 /system/lib64/platformsdk/libability_manager.z.so
5a1f789000-5a1f78a000 rw-p 00106000 /system/lib64/platformsdk/libability_manager.z.so
5a1f7c0000-5a1f7c8000 r--p 00000000 /system/lib64/chipset-sdk-sp/libbeget_proxy.z.so
5a1f7c8000-5a1f7d8000 r-xp 00007000 /system/lib64/chipset-sdk-sp/libbeget_proxy.z.so
5a1f7d8000-5a1f7df000 r--p 00016000 /system/lib64/chipset-sdk-sp/libbeget_proxy.z.so
5a1f7df000-5a1f7e0000 rw-p 0001c000 /system/lib64/chipset-sdk-sp/libbeget_proxy.z.so
5a1f800000-5a1f802000 r--p 00000000 /system/lib64/libapplication_context_manager.z.so
5a1f802000-5a1f804000 r-xp 00001000 /system/lib64/libapplication_context_manager.z.so
5a1f804000-5a1f805000 r--p 00002000 /system/lib64/libapplication_context_manager.z.so
5a1f805000-5a1f806000 rw-p 00002000 /system/lib64/libapplication_context_manager.z.so
5a1f840000-5a1f849000 r--p 00000000 /system/lib64/chipset-sdk-sp/libhdf_ipc_adapter.z.so
5a1f849000-5a1f85a000 r-xp 00008000 /system/lib64/chipset-sdk-sp/libhdf_ipc_adapter.z.so
5a1f85a000-5a1f85c000 r--p 00018000 /system/lib64/chipset-sdk-sp/libhdf_ipc_adapter.z.so
5a1f85c000-5a1f85d000 rw-p 00019000 /system/lib64/chipset-sdk-sp/libhdf_ipc_adapter.z.so
5a1f880000-5a1f884000 r--p 00000000 /system/lib64/platformsdk/libpreferred_language.z.so
5a1f884000-5a1f889000 r-xp 00003000 /system/lib64/platformsdk/libpreferred_language.z.so
5a1f889000-5a1f88a000 r--p 00007000 /system/lib64/platformsdk/libpreferred_language.z.so
5a1f88a000-5a1f88b000 rw-p 00007000 /system/lib64/platformsdk/libpreferred_language.z.so
5a1f8c0000-5a1f8c8000 r--p 00000000 /system/lib64/libui_service_extension_connection.z.so
5a1f8c8000-5a1f8cf000 r-xp 00007000 /system/lib64/libui_service_extension_connection.z.so
5a1f8cf000-5a1f8d2000 r--p 0000d000 /system/lib64/libui_service_extension_connection.z.so
5a1f8d2000-5a1f8d3000 rw-p 0000f000 /system/lib64/libui_service_extension_connection.z.so
5a1f900000-5a1f907000 r--p 00000000 /system/lib64/libabsl_time_zone.z.so
5a1f907000-5a1f917000 r-xp 00006000 /system/lib64/libabsl_time_zone.z.so
5a1f917000-5a1f919000 r--p 00015000 /system/lib64/libabsl_time_zone.z.so
5a1f919000-5a1f91a000 rw-p 00016000 /system/lib64/libabsl_time_zone.z.so
5a1f940000-5a1f945000 r--p 00000000 /system/lib64/chipset-sdk-sp/libdisplay_buffer_proxy_1.3.z.so
5a1f945000-5a1f94b000 r-xp 00004000 /system/lib64/chipset-sdk-sp/libdisplay_buffer_proxy_1.3.z.so
5a1f94b000-5a1f94d000 r--p 00009000 /system/lib64/chipset-sdk-sp/libdisplay_buffer_proxy_1.3.z.so
5a1f94d000-5a1f94e000 rw-p 0000a000 /system/lib64/chipset-sdk-sp/libdisplay_buffer_proxy_1.3.z.so
5a1f980000-5a1f985000 r--p 00000000 /system/lib64/platformsdk/libview_data.z.so
5a1f985000-5a1f995000 r-xp 00004000 /system/lib64/platformsdk/libview_data.z.so
5a1f995000-5a1f997000 r--p 00013000 /system/lib64/platformsdk/libview_data.z.so
5a1f997000-5a1f998000 rw-p 00014000 /system/lib64/platformsdk/libview_data.z.so
5a1f9c0000-5a1f9de000 r--p 00000000 /system/lib64/platformsdk/libability_context_native.z.so
5a1f9de000-5a1f9fa000 r-xp 0001d000 /system/lib64/platformsdk/libability_context_native.z.so
5a1f9fa000-5a1fa01000 r--p 00038000 /system/lib64/platformsdk/libability_context_native.z.so
5a1fa01000-5a1fa02000 rw-p 0003e000 /system/lib64/platformsdk/libability_context_native.z.so
5a1fa02000-5a1fa3f000 r--p 00000000 /system/framework/segmentbuttonv2_ets_abc.abc
5a1fa40000-5a1fa42000 r--p 00000000 /system/lib64/libframe_trace_intf.z.so
5a1fa42000-5a1fa44000 r-xp 00001000 /system/lib64/libframe_trace_intf.z.so
5a1fa44000-5a1fa45000 r--p 00002000 /system/lib64/libframe_trace_intf.z.so
5a1fa45000-5a1fa46000 rw-p 00002000 /system/lib64/libframe_trace_intf.z.so
5a1fa80000-5a1fa92000 r--p 00000000 /system/lib64/platformsdk/libnapi_common.z.so
5a1fa92000-5a1faab000 r-xp 00011000 /system/lib64/platformsdk/libnapi_common.z.so
5a1faab000-5a1faad000 r--p 00029000 /system/lib64/platformsdk/libnapi_common.z.so
5a1faad000-5a1faae000 rw-p 0002a000 /system/lib64/platformsdk/libnapi_common.z.so
5a1faae000-5a1faaf000 rw-p 00000000 [anon:libnapi_common.z.so.bss]
5a1fac0000-5a1fad2000 r--p 00000000 /system/lib64/platformsdk/libsoftbus_adapter.z.so
5a1fad2000-5a1faee000 r-xp 00011000 /system/lib64/platformsdk/libsoftbus_adapter.z.so
5a1faee000-5a1faf0000 r--p 0002c000 /system/lib64/platformsdk/libsoftbus_adapter.z.so
5a1faf0000-5a1faf1000 rw-p 0002d000 /system/lib64/platformsdk/libsoftbus_adapter.z.so
5a1faf1000-5a1faf2000 rw-p 00000000 [anon:libsoftbus_adapter.z.so.bss]
5a1fb00000-5a1fb9a000 r--p 00000000 /system/lib64/platformsdk/libdistributeddb.z.so
5a1fb9a000-5a1fe2b000 r-xp 00099000 /system/lib64/platformsdk/libdistributeddb.z.so
5a1fe2b000-5a1fe40000 r--p 00329000 /system/lib64/platformsdk/libdistributeddb.z.so
5a1fe40000-5a1fe41000 rw-p 0033d000 /system/lib64/platformsdk/libdistributeddb.z.so
5a1fe41000-5a1fe43000 rw-p 00000000 [anon:libdistributeddb.z.so.bss]
5a1fe80000-5a1fe83000 r--p 00000000 /system/lib64/platformsdk/libmission_info.z.so
5a1fe83000-5a1fe85000 r-xp 00002000 /system/lib64/platformsdk/libmission_info.z.so
5a1fe85000-5a1fe87000 r--p 00003000 /system/lib64/platformsdk/libmission_info.z.so
5a1fe87000-5a1fe88000 rw-p 00004000 /system/lib64/platformsdk/libmission_info.z.so
5a1fec0000-5a20d86000 r--p 00000000 /system/lib64/libskia_canvaskit.z.so
5a20d86000-5a21b50000 r-xp 00ec5000 /system/lib64/libskia_canvaskit.z.so
5a21b50000-5a21ba7000 r--p 01c8e000 /system/lib64/libskia_canvaskit.z.so
5a21ba7000-5a21bab000 rw-p 01ce4000 /system/lib64/libskia_canvaskit.z.so
5a21bab000-5a21bb5000 rw-p 00000000 [anon:libskia_canvaskit.z.so.bss]
5a21bc0000-5a21bd0000 r--p 00000000 /system/lib64/libmemmgrclient.z.so
5a21bd0000-5a21bed000 r-xp 0000f000 /system/lib64/libmemmgrclient.z.so
5a21bed000-5a21bf2000 r--p 0002b000 /system/lib64/libmemmgrclient.z.so
5a21bf2000-5a21bf3000 rw-p 0002f000 /system/lib64/libmemmgrclient.z.so
5a21c00000-5a21c36000 r--p 00000000 /system/lib64/platformsdk/libudmf_client.z.so
5a21c36000-5a21ce2000 r-xp 00035000 /system/lib64/platformsdk/libudmf_client.z.so
5a21ce2000-5a21cec000 r--p 000e0000 /system/lib64/platformsdk/libudmf_client.z.so
5a21cec000-5a21ced000 rw-p 000e9000 /system/lib64/platformsdk/libudmf_client.z.so
5a21ced000-5a21cef000 rw-p 00000000 [anon:libudmf_client.z.so.bss]
5a21d00000-5a21d02000 r--p 00000000 /system/lib64/platformsdk/libstart_window_option.z.so
5a21d02000-5a21d05000 r-xp 00001000 /system/lib64/platformsdk/libstart_window_option.z.so
5a21d05000-5a21d06000 r--p 00003000 /system/lib64/platformsdk/libstart_window_option.z.so
5a21d06000-5a21d07000 rw-p 00003000 /system/lib64/platformsdk/libstart_window_option.z.so
5a21d40000-5a21d44000 r--p 00000000 /system/lib64/libabsl_base.z.so
5a21d44000-5a21d48000 r-xp 00003000 /system/lib64/libabsl_base.z.so
5a21d48000-5a21d49000 r--p 00006000 /system/lib64/libabsl_base.z.so
5a21d49000-5a21d4a000 rw-p 00006000 /system/lib64/libabsl_base.z.so
5a21d80000-5a21d84000 r--p 00000000 /system/lib64/platformsdk/libdistributeddata_client_sync.z.so
5a21d84000-5a21d93000 r-xp 00003000 /system/lib64/platformsdk/libdistributeddata_client_sync.z.so
5a21d93000-5a21d95000 r--p 00011000 /system/lib64/platformsdk/libdistributeddata_client_sync.z.so
5a21d95000-5a21d96000 rw-p 00012000 /system/lib64/platformsdk/libdistributeddata_client_sync.z.so
5a21dc0000-5a21dda000 r--p 00000000 /system/lib64/platformsdk/libsession_manager.z.so
5a21dda000-5a21e0c000 r-xp 00019000 /system/lib64/platformsdk/libsession_manager.z.so
5a21e0c000-5a21e14000 r--p 0004a000 /system/lib64/platformsdk/libsession_manager.z.so
5a21e14000-5a21e15000 rw-p 00051000 /system/lib64/platformsdk/libsession_manager.z.so
5a21e40000-5a21e71000 r--p 00000000 /system/lib64/chipset-sdk-sp/libsurface.z.so
5a21e71000-5a21ec2000 r-xp 00030000 /system/lib64/chipset-sdk-sp/libsurface.z.so
5a21ec2000-5a21ecb000 r--p 00080000 /system/lib64/chipset-sdk-sp/libsurface.z.so
5a21ecb000-5a21ecc000 rw-p 00088000 /system/lib64/chipset-sdk-sp/libsurface.z.so
5a21ecc000-5a21ecf000 rw-p 00000000 [anon:libsurface.z.so.bss]
5a21f00000-5a21f0d000 r--p 00000000 /system/lib64/platformsdk/libdevicestatus_util.z.so
5a21f0d000-5a21f2c000 r-xp 0000c000 /system/lib64/platformsdk/libdevicestatus_util.z.so
5a21f2c000-5a21f2e000 r--p 0002a000 /system/lib64/platformsdk/libdevicestatus_util.z.so
5a21f2e000-5a21f2f000 rw-p 0002b000 /system/lib64/platformsdk/libdevicestatus_util.z.so
5a21f40000-5a21f49000 r--p 00000000 /system/lib64/platformsdk/libtime_client.z.so
5a21f49000-5a21f5c000 r-xp 00008000 /system/lib64/platformsdk/libtime_client.z.so
5a21f5c000-5a21f5f000 r--p 0001a000 /system/lib64/platformsdk/libtime_client.z.so
5a21f5f000-5a21f60000 rw-p 0001c000 /system/lib64/platformsdk/libtime_client.z.so
5a21f60000-5a21f61000 rw-p 00000000 [anon:libtime_client.z.so.bss]
5a21f80000-5a21fb7000 r--p 00000000 /system/lib64/platformsdk/libruntime.z.so
5a21fb7000-5a21ffc000 r-xp 00036000 /system/lib64/platformsdk/libruntime.z.so
5a21ffc000-5a22000000 r--p 0007a000 /system/lib64/platformsdk/libruntime.z.so
5a22000000-5a22001000 rw-p 0007d000 /system/lib64/platformsdk/libruntime.z.so
5a22040000-5a22042000 r--p 00000000 /system/lib64/libjit_code_sign.z.so
5a22042000-5a22046000 r-xp 00001000 /system/lib64/libjit_code_sign.z.so
5a22046000-5a22047000 r--p 00004000 /system/lib64/libjit_code_sign.z.so
5a22047000-5a22048000 rw-p 00004000 /system/lib64/libjit_code_sign.z.so
5a22080000-5a22095000 r--p 00000000 /system/lib64/platformsdk/libappkit_delegator.z.so
5a22095000-5a220b1000 r-xp 00014000 /system/lib64/platformsdk/libappkit_delegator.z.so
5a220b1000-5a220b3000 r--p 0002f000 /system/lib64/platformsdk/libappkit_delegator.z.so
5a220b3000-5a220b4000 rw-p 00030000 /system/lib64/platformsdk/libappkit_delegator.z.so
5a220b4000-5a220b5000 rw-p 00000000 [anon:libappkit_delegator.z.so.bss]
5a220c0000-5a220cc000 r--p 00000000 /system/lib64/platformsdk/libabsl_strings.z.so
5a220cc000-5a220d9000 r-xp 0000b000 /system/lib64/platformsdk/libabsl_strings.z.so
5a220d9000-5a220da000 r--p 00017000 /system/lib64/platformsdk/libabsl_strings.z.so
5a220da000-5a220db000 rw-p 00017000 /system/lib64/platformsdk/libabsl_strings.z.so
5a22100000-5a22114000 r--p 00000000 /system/lib64/chipset-sdk/libpng.z.so
5a22114000-5a2214e000 r-xp 00013000 /system/lib64/chipset-sdk/libpng.z.so
5a2214e000-5a22150000 r--p 0004c000 /system/lib64/chipset-sdk/libpng.z.so
5a22150000-5a22151000 rw-p 0004d000 /system/lib64/chipset-sdk/libpng.z.so
5a22180000-5a2219b000 r--p 00000000 /system/lib64/platformsdk/libimage_utils.z.so
5a2219b000-5a221ca000 r-xp 0001a000 /system/lib64/platformsdk/libimage_utils.z.so
5a221ca000-5a221cc000 r--p 00048000 /system/lib64/platformsdk/libimage_utils.z.so
5a221cc000-5a221cd000 rw-p 00049000 /system/lib64/platformsdk/libimage_utils.z.so
5a221cd000-5a221ce000 rw-p 00000000 [anon:libimage_utils.z.so.bss]
5a22200000-5a2220d000 r--p 00000000 /system/lib64/platformsdk/libarkweb_core_loader.z.so
5a2220d000-5a22225000 r-xp 0000c000 /system/lib64/platformsdk/libarkweb_core_loader.z.so
5a22225000-5a22226000 r--p 00023000 /system/lib64/platformsdk/libarkweb_core_loader.z.so
5a22226000-5a22227000 rw-p 00023000 /system/lib64/platformsdk/libarkweb_core_loader.z.so
5a22240000-5a22245000 r--p 00000000 /system/lib64/platformsdk/libauto_startup_callback.z.so
5a22245000-5a22248000 r-xp 00004000 /system/lib64/platformsdk/libauto_startup_callback.z.so
5a22248000-5a2224a000 r--p 00006000 /system/lib64/platformsdk/libauto_startup_callback.z.so
5a2224a000-5a2224b000 rw-p 00007000 /system/lib64/platformsdk/libauto_startup_callback.z.so
5a22280000-5a222cd000 r--p 00000000 /system/lib64/libFillpSo.z.so
5a222cd000-5a2237a000 r-xp 0004c000 /system/lib64/libFillpSo.z.so
5a2237a000-5a2237d000 r--p 000f8000 /system/lib64/libFillpSo.z.so
5a2237d000-5a2237e000 rw-p 000fa000 /system/lib64/libFillpSo.z.so
5a2237e000-5a2237f000 rw-p 00000000 [anon:libFillpSo.z.so.bss]
5a22380000-5a223bf000 r--p 00000000 /system/lib64/platformsdk/libimage_napi.z.so
5a223bf000-5a2246b000 r-xp 0003e000 /system/lib64/platformsdk/libimage_napi.z.so
5a2246b000-5a22475000 r--p 000e9000 /system/lib64/platformsdk/libimage_napi.z.so
5a22475000-5a22476000 rw-p 000f2000 /system/lib64/platformsdk/libimage_napi.z.so
5a22476000-5a22477000 rw-p 00000000 [anon:libimage_napi.z.so.bss]
5a22480000-5a22489000 r--p 00000000 /system/lib64/chipset-sdk-sp/libdisplay_buffer_hdi_impl_v1_4.z.so
5a22489000-5a22494000 r-xp 00008000 /system/lib64/chipset-sdk-sp/libdisplay_buffer_hdi_impl_v1_4.z.so
5a22494000-5a22496000 r--p 00012000 /system/lib64/chipset-sdk-sp/libdisplay_buffer_hdi_impl_v1_4.z.so
5a22496000-5a22497000 rw-p 00013000 /system/lib64/chipset-sdk-sp/libdisplay_buffer_hdi_impl_v1_4.z.so
5a224c0000-5a224c2000 r--p 00000000 /system/lib64/libsocketpair.z.so
5a224c2000-5a224c5000 r-xp 00001000 /system/lib64/libsocketpair.z.so
5a224c5000-5a224c6000 r--p 00003000 /system/lib64/libsocketpair.z.so
5a224c6000-5a224c7000 rw-p 00003000 /system/lib64/libsocketpair.z.so
5a22500000-5a22518000 r--p 00000000 /system/lib64/platformsdk/libextensionwindow_napi.z.so
5a22518000-5a2253f000 r-xp 00017000 /system/lib64/platformsdk/libextensionwindow_napi.z.so
5a2253f000-5a22543000 r--p 0003e000 /system/lib64/platformsdk/libextensionwindow_napi.z.so
5a22543000-5a22544000 rw-p 00041000 /system/lib64/platformsdk/libextensionwindow_napi.z.so
5a22544000-5a22545000 rw-p 00000000 [anon:libextensionwindow_napi.z.so.bss]
5a22580000-5a22583000 r--p 00000000 /system/lib64/platformsdk/libwindow_animation_utils.z.so
5a22583000-5a22587000 r-xp 00002000 /system/lib64/platformsdk/libwindow_animation_utils.z.so
5a22587000-5a22589000 r--p 00005000 /system/lib64/platformsdk/libwindow_animation_utils.z.so
5a22589000-5a2258a000 rw-p 00006000 /system/lib64/platformsdk/libwindow_animation_utils.z.so
5a225c0000-5a225d3000 r--p 00000000 /system/lib64/platformsdk/libaccessibilityconfig.z.so
5a225d3000-5a225eb000 r-xp 00012000 /system/lib64/platformsdk/libaccessibilityconfig.z.so
5a225eb000-5a225f2000 r--p 00029000 /system/lib64/platformsdk/libaccessibilityconfig.z.so
5a225f2000-5a225f3000 rw-p 0002f000 /system/lib64/platformsdk/libaccessibilityconfig.z.so
5a22600000-5a22602000 r--p 00000000 /system/lib64/platformsdk/libprocess_options.z.so
5a22602000-5a22605000 r-xp 00001000 /system/lib64/platformsdk/libprocess_options.z.so
5a22605000-5a22606000 r--p 00003000 /system/lib64/platformsdk/libprocess_options.z.so
5a22606000-5a22607000 rw-p 00003000 /system/lib64/platformsdk/libprocess_options.z.so
5a22640000-5a22643000 r--p 00000000 /system/lib64/librtg_interface.z.so
5a22643000-5a22647000 r-xp 00002000 /system/lib64/librtg_interface.z.so
5a22647000-5a22649000 r--p 00005000 /system/lib64/librtg_interface.z.so
5a22649000-5a2264a000 rw-p 00006000 /system/lib64/librtg_interface.z.so
5a22680000-5a22699000 r--p 00000000 /system/lib64/libnstackx_congestion.z.so
5a22699000-5a226c5000 r-xp 00018000 /system/lib64/libnstackx_congestion.z.so
5a226c5000-5a226c7000 r--p 00043000 /system/lib64/libnstackx_congestion.z.so
5a226c7000-5a226c8000 rw-p 00044000 /system/lib64/libnstackx_congestion.z.so
5a22700000-5a22705000 r--p 00000000 /system/lib64/platformsdk/libabilitykit_utils.z.so
5a22705000-5a22709000 r-xp 00004000 /system/lib64/platformsdk/libabilitykit_utils.z.so
5a22709000-5a2270a000 r--p 00007000 /system/lib64/platformsdk/libabilitykit_utils.z.so
5a2270a000-5a2270b000 rw-p 00007000 /system/lib64/platformsdk/libabilitykit_utils.z.so
5a22740000-5a22751000 r--p 00000000 /system/lib64/chipset-sdk/libturbojpeg.z.so
5a22751000-5a227aa000 r-xp 00010000 /system/lib64/chipset-sdk/libturbojpeg.z.so
5a227aa000-5a227ac000 r--p 00068000 /system/lib64/chipset-sdk/libturbojpeg.z.so
5a227ac000-5a227ad000 rw-p 00069000 /system/lib64/chipset-sdk/libturbojpeg.z.so
5a227c0000-5a227c2000 r--p 00000000 /system/lib64/libhispeed_image.so
5a227c2000-5a227df000 r-xp 00001000 /system/lib64/libhispeed_image.so
5a227df000-5a227e0000 r--p 0001d000 /system/lib64/libhispeed_image.so
5a227e0000-5a227e1000 rw-p 0001d000 /system/lib64/libhispeed_image.so
5a22800000-5a22804000 r--p 00000000 /system/lib64/platformsdk/libimageformatagent.z.so
5a22804000-5a2280d000 r-xp 00003000 /system/lib64/platformsdk/libimageformatagent.z.so
5a2280d000-5a2280e000 r--p 0000b000 /system/lib64/platformsdk/libimageformatagent.z.so
5a2280e000-5a2280f000 rw-p 0000b000 /system/lib64/platformsdk/libimageformatagent.z.so
5a2280f000-5a22810000 rw-p 00000000 [anon:libimageformatagent.z.so.bss]
5a22810000-5a22a10000 r--s 00000000 /dev/__parameters__/u:object_r:persist_param:s0
5a22a10000-5a22c90000 rw-p 00000000 [anon:native_heap:jemalloc]
5a22cc0000-5a22cf1000 r--p 00000000 /system/lib64/lib3dWidgetAdapter.z.so
5a22cf1000-5a22d89000 r-xp 00030000 /system/lib64/lib3dWidgetAdapter.z.so
5a22d89000-5a22d90000 r--p 000c7000 /system/lib64/lib3dWidgetAdapter.z.so
5a22d90000-5a22d91000 rw-p 000cd000 /system/lib64/lib3dWidgetAdapter.z.so
5a22d91000-5a22d9c000 rw-p 00000000 [anon:lib3dWidgetAdapter.z.so.bss]
5a22d9c000-5a22dee000 r--p 00000000 /system/framework/audio_framework_taihe_abc.abc
5a22e00000-5a22e01000 ---p 00000000 [anon:native_heap:jemalloc meta]
5a22e01000-5a23400000 rw-p 00000000 [anon:native_heap:jemalloc meta]
5a23400000-5a23401000 ---p 00000000 [anon:native_heap:jemalloc meta]
5a23401000-5a25282000 r--s 00000000 /system/usr/icu/icudt74l.dat
5a252c0000-5a252c2000 r--p 00000000 /system/lib64/platformsdk/libsonic.z.so
5a252c2000-5a252c6000 r-xp 00001000 /system/lib64/platformsdk/libsonic.z.so
5a252c6000-5a252c7000 r--p 00004000 /system/lib64/platformsdk/libsonic.z.so
5a252c7000-5a252c8000 rw-p 00004000 /system/lib64/platformsdk/libsonic.z.so
5a25300000-5a25307000 r--p 00000000 /system/lib64/platformsdk/libauto_fill_manager.z.so
5a25307000-5a2530d000 r-xp 00006000 /system/lib64/platformsdk/libauto_fill_manager.z.so
5a2530d000-5a2530e000 r--p 0000b000 /system/lib64/platformsdk/libauto_fill_manager.z.so
5a2530e000-5a2530f000 rw-p 0000b000 /system/lib64/platformsdk/libauto_fill_manager.z.so
5a25340000-5a25343000 r--p 00000000 /system/lib64/ndk/libability_base_want.so
5a25343000-5a2534a000 r-xp 00002000 /system/lib64/ndk/libability_base_want.so
5a2534a000-5a2534c000 r--p 00008000 /system/lib64/ndk/libability_base_want.so
5a2534c000-5a2534d000 rw-p 00009000 /system/lib64/ndk/libability_base_want.so
5a25380000-5a2538f000 r--p 00000000 /system/lib64/libarktsziparchive.so
5a2538f000-5a253c3000 r-xp 0000e000 /system/lib64/libarktsziparchive.so
5a253c3000-5a253c5000 r--p 00041000 /system/lib64/libarktsziparchive.so
5a253c5000-5a253c6000 rw-p 00042000 /system/lib64/libarktsziparchive.so
5a25400000-5a25401000 r--p 00000000 /system/lib64/libarktarget_options.z.so
5a25401000-5a25402000 r-xp 00000000 /system/lib64/libarktarget_options.z.so
5a25402000-5a25404000 r--p 00000000 /system/lib64/libarktarget_options.z.so
5a25404000-5a25405000 rw-p 00001000 /system/lib64/libarktarget_options.z.so
5a25440000-5a254b4000 r--p 00000000 /system/lib64/platformsdk/libmedia_library.z.so
5a254b4000-5a255b3000 r-xp 00073000 /system/lib64/platformsdk/libmedia_library.z.so
5a255b3000-5a255ba000 r--p 00171000 /system/lib64/platformsdk/libmedia_library.z.so
5a255ba000-5a255bb000 rw-p 00177000 /system/lib64/platformsdk/libmedia_library.z.so
5a255bb000-5a255d0000 rw-p 00000000 [anon:libmedia_library.z.so.bss]
5a25600000-5a25617000 r--p 00000000 /system/lib64/platformsdk/libaudio_capturer.z.so
5a25617000-5a2563f000 r-xp 00016000 /system/lib64/platformsdk/libaudio_capturer.z.so
5a2563f000-5a25643000 r--p 0003d000 /system/lib64/platformsdk/libaudio_capturer.z.so
5a25643000-5a25644000 rw-p 00040000 /system/lib64/platformsdk/libaudio_capturer.z.so
5a25680000-5a25695000 r--p 00000000 /system/lib64/platformsdk/libdrm_framework.z.so
5a25695000-5a256b1000 r-xp 00014000 /system/lib64/platformsdk/libdrm_framework.z.so
5a256b1000-5a256b9000 r--p 0002f000 /system/lib64/platformsdk/libdrm_framework.z.so
5a256b9000-5a256ba000 rw-p 00036000 /system/lib64/platformsdk/libdrm_framework.z.so
5a256c0000-5a25918000 r--p 00000000 /system/lib64/libarkruntime.so
5a25918000-5a261f5000 r-xp 00257000 /system/lib64/libarkruntime.so
5a261f5000-5a26223000 r--p 00b33000 /system/lib64/libarkruntime.so
5a26223000-5a2622b000 rw-p 00b60000 /system/lib64/libarkruntime.so
5a2622b000-5a26237000 rw-p 00000000 [anon:libarkruntime.so.bss]
5a26240000-5a2625d000 r--p 00000000 /system/lib64/platformsdk/libpasteboard_data.z.so
5a2625d000-5a262c0000 r-xp 0001c000 /system/lib64/platformsdk/libpasteboard_data.z.so
5a262c0000-5a262c7000 r--p 0007e000 /system/lib64/platformsdk/libpasteboard_data.z.so
5a262c7000-5a262c8000 rw-p 00084000 /system/lib64/platformsdk/libpasteboard_data.z.so
5a26300000-5a26336000 r--p 00000000 /system/lib64/platformsdk/libmedia_client.z.so
5a26336000-5a2640f000 r-xp 00035000 /system/lib64/platformsdk/libmedia_client.z.so
5a2640f000-5a26423000 r--p 0010d000 /system/lib64/platformsdk/libmedia_client.z.so
5a26423000-5a26424000 rw-p 00120000 /system/lib64/platformsdk/libmedia_client.z.so
5a26424000-5a26426000 rw-p 00000000 [anon:libmedia_client.z.so.bss]
5a26440000-5a26462000 r--p 00000000 /system/lib64/platformsdk/libpasteboard_client.z.so
5a26462000-5a264c2000 r-xp 00021000 /system/lib64/platformsdk/libpasteboard_client.z.so
5a264c2000-5a264d1000 r--p 00080000 /system/lib64/platformsdk/libpasteboard_client.z.so
5a264d1000-5a264d2000 rw-p 0008e000 /system/lib64/platformsdk/libpasteboard_client.z.so
5a264d2000-5a264d3000 rw-p 00000000 [anon:libpasteboard_client.z.so.bss]
5a26500000-5a26504000 r--p 00000000 /system/lib64/platformsdk/librdb_data_ability_adapter.z.so
5a26504000-5a2650e000 r-xp 00003000 /system/lib64/platformsdk/librdb_data_ability_adapter.z.so
5a2650e000-5a26510000 r--p 0000c000 /system/lib64/platformsdk/librdb_data_ability_adapter.z.so
5a26510000-5a26511000 rw-p 0000d000 /system/lib64/platformsdk/librdb_data_ability_adapter.z.so
5a26540000-5a26542000 r--p 00000000 /system/lib64/platformsdk/libxpower_event_js.z.so
5a26542000-5a26544000 r-xp 00001000 /system/lib64/platformsdk/libxpower_event_js.z.so
5a26544000-5a26545000 r--p 00002000 /system/lib64/platformsdk/libxpower_event_js.z.so
5a26545000-5a26546000 rw-p 00002000 /system/lib64/platformsdk/libxpower_event_js.z.so
5a26580000-5a26585000 r--p 00000000 /system/lib64/platformsdk/libmedia_monitor_common.z.so
5a26585000-5a2658c000 r-xp 00004000 /system/lib64/platformsdk/libmedia_monitor_common.z.so
5a2658c000-5a2658d000 r--p 0000a000 /system/lib64/platformsdk/libmedia_monitor_common.z.so
5a2658d000-5a2658e000 rw-p 0000a000 /system/lib64/platformsdk/libmedia_monitor_common.z.so
5a265c0000-5a265d6000 r--p 00000000 /system/lib64/ndk/libudmf.so
5a265d6000-5a26600000 r-xp 00015000 /system/lib64/ndk/libudmf.so
5a26600000-5a26605000 r--p 0003e000 /system/lib64/ndk/libudmf.so
5a26605000-5a26606000 rw-p 00042000 /system/lib64/ndk/libudmf.so
5a26640000-5a26646000 r--p 00000000 /system/lib64/ndk/libpixelmap.so
5a26646000-5a26651000 r-xp 00005000 /system/lib64/ndk/libpixelmap.so
5a26651000-5a26652000 r--p 0000f000 /system/lib64/ndk/libpixelmap.so
5a26652000-5a26653000 rw-p 0000f000 /system/lib64/ndk/libpixelmap.so
5a26680000-5a266a9000 r--p 00000000 /system/lib64/platformsdk/libtext_napi_impl.z.so
5a266a9000-5a26706000 r-xp 00028000 /system/lib64/platformsdk/libtext_napi_impl.z.so
5a26706000-5a2670b000 r--p 00084000 /system/lib64/platformsdk/libtext_napi_impl.z.so
5a2670b000-5a2670d000 rw-p 00088000 /system/lib64/platformsdk/libtext_napi_impl.z.so
5a26740000-5a26742000 r--p 00000000 /system/lib64/platformsdk/libext2_uuid.z.so
5a26742000-5a26745000 r-xp 00001000 /system/lib64/platformsdk/libext2_uuid.z.so
5a26745000-5a26746000 r--p 00003000 /system/lib64/platformsdk/libext2_uuid.z.so
5a26746000-5a26747000 rw-p 00003000 /system/lib64/platformsdk/libext2_uuid.z.so
5a26780000-5a2679c000 r--p 00000000 /system/lib64/platformsdk/libaudio_renderer.z.so
5a2679c000-5a267c6000 r-xp 0001b000 /system/lib64/platformsdk/libaudio_renderer.z.so
5a267c6000-5a267ca000 r--p 00044000 /system/lib64/platformsdk/libaudio_renderer.z.so
5a267ca000-5a267cb000 rw-p 00047000 /system/lib64/platformsdk/libaudio_renderer.z.so
5a26800000-5a26808000 r--p 00000000 /system/lib64/libmedia_library_common.z.so
5a26808000-5a2681c000 r-xp 00007000 /system/lib64/libmedia_library_common.z.so
5a2681c000-5a2681d000 r--p 0001a000 /system/lib64/libmedia_library_common.z.so
5a2681d000-5a2681e000 rw-p 0001a000 /system/lib64/libmedia_library_common.z.so
5a2681e000-5a2681f000 rw-p 00000000 [anon:libmedia_library_common.z.so.bss]
5a26840000-5a2686b000 r--p 00000000 /system/lib64/platformsdk/libaudio_policy_client.z.so
5a2686b000-5a268b6000 r-xp 0002a000 /system/lib64/platformsdk/libaudio_policy_client.z.so
5a268b6000-5a268c2000 r--p 00074000 /system/lib64/platformsdk/libaudio_policy_client.z.so
5a268c2000-5a268c3000 rw-p 0007f000 /system/lib64/platformsdk/libaudio_policy_client.z.so
5a268c3000-5a268c4000 rw-p 00000000 [anon:libaudio_policy_client.z.so.bss]
5a26900000-5a2691f000 r--p 00000000 /system/lib64/libudmf_data_napi.z.so
5a2691f000-5a2697c000 r-xp 0001e000 /system/lib64/libudmf_data_napi.z.so
5a2697c000-5a26983000 r--p 0007a000 /system/lib64/libudmf_data_napi.z.so
5a26983000-5a26984000 rw-p 00080000 /system/lib64/libudmf_data_napi.z.so
5a26984000-5a26985000 rw-p 00000000 [anon:libudmf_data_napi.z.so.bss]
5a269c0000-5a269c9000 r--p 00000000 /system/lib64/platformsdk/libextra_config_napi.z.so
5a269c9000-5a269d9000 r-xp 00008000 /system/lib64/platformsdk/libextra_config_napi.z.so
5a269d9000-5a269da000 r--p 00017000 /system/lib64/platformsdk/libextra_config_napi.z.so
5a269da000-5a269db000 rw-p 00017000 /system/lib64/platformsdk/libextra_config_napi.z.so
5a269db000-5a269dc000 rw-p 00000000 [anon:libextra_config_napi.z.so.bss]
5a26a00000-5a26a04000 r--p 00000000 /system/lib64/platformsdk/libpip_web.z.so
5a26a04000-5a26a0c000 r-xp 00003000 /system/lib64/platformsdk/libpip_web.z.so
5a26a0c000-5a26a0d000 r--p 0000a000 /system/lib64/platformsdk/libpip_web.z.so
5a26a0d000-5a26a0e000 rw-p 0000a000 /system/lib64/platformsdk/libpip_web.z.so
5a26a40000-5a26a44000 r--p 00000000 /system/lib64/libmedia_ipc_common.z.so
5a26a44000-5a26a4a000 r-xp 00003000 /system/lib64/libmedia_ipc_common.z.so
5a26a4a000-5a26a4b000 r--p 00008000 /system/lib64/libmedia_ipc_common.z.so
5a26a4b000-5a26a4c000 rw-p 00008000 /system/lib64/libmedia_ipc_common.z.so
5a26a80000-5a26b31000 r--p 00000000 /system/lib64/libarktscompiler.so
5a26b31000-5a26d48000 r-xp 000b0000 /system/lib64/libarktscompiler.so
5a26d48000-5a26d69000 r--p 002c6000 /system/lib64/libarktscompiler.so
5a26d69000-5a26d6a000 rw-p 002e6000 /system/lib64/libarktscompiler.so
5a26d6a000-5a26d6e000 rw-p 00000000 [anon:libarktscompiler.so.bss]
5a26d80000-5a26d89000 r--p 00000000 /system/lib64/platformsdk/libwindow_extension_client.z.so
5a26d89000-5a26d94000 r-xp 00008000 /system/lib64/platformsdk/libwindow_extension_client.z.so
5a26d94000-5a26d98000 r--p 00012000 /system/lib64/platformsdk/libwindow_extension_client.z.so
5a26d98000-5a26d99000 rw-p 00015000 /system/lib64/platformsdk/libwindow_extension_client.z.so
5a26dc0000-5a26dc6000 r--p 00000000 /system/lib64/libaudio_engine_plugins.z.so
5a26dc6000-5a26dd6000 r-xp 00005000 /system/lib64/libaudio_engine_plugins.z.so
5a26dd6000-5a26dd8000 r--p 00014000 /system/lib64/libaudio_engine_plugins.z.so
5a26dd8000-5a26dd9000 rw-p 00015000 /system/lib64/libaudio_engine_plugins.z.so
5a26e00000-5a26e1b000 r--p 00000000 /system/lib64/platformsdk/libaccessibilityclient.z.so
5a26e1b000-5a26e45000 r-xp 0001a000 /system/lib64/platformsdk/libaccessibilityclient.z.so
5a26e45000-5a26e4b000 r--p 00043000 /system/lib64/platformsdk/libaccessibilityclient.z.so
5a26e4b000-5a26e4c000 rw-p 00048000 /system/lib64/platformsdk/libaccessibilityclient.z.so
5a26e80000-5a26f41000 r--p 00000000 /system/lib64/libarkencoder.so
5a26f41000-5a27145000 r-xp 000c0000 /system/lib64/libarkencoder.so
5a27145000-5a2715e000 r--p 002c3000 /system/lib64/libarkencoder.so
5a2715e000-5a27160000 rw-p 002db000 /system/lib64/libarkencoder.so
5a27160000-5a27173000 rw-p 00000000 [anon:libarkencoder.so.bss]
5a27180000-5a2718b000 r--p 00000000 /system/lib64/libperfmonitor.z.so
5a2718b000-5a271a9000 r-xp 0000a000 /system/lib64/libperfmonitor.z.so
5a271a9000-5a271ab000 r--p 00027000 /system/lib64/libperfmonitor.z.so
5a271ab000-5a271ac000 rw-p 00028000 /system/lib64/libperfmonitor.z.so
5a271ac000-5a271ad000 rw-p 00000000 [anon:libperfmonitor.z.so.bss]
5a271c0000-5a271c7000 r--p 00000000 /system/lib64/platformsdk/libfmskit_provider_client.z.so
5a271c7000-5a271d1000 r-xp 00006000 /system/lib64/platformsdk/libfmskit_provider_client.z.so
5a271d1000-5a271d3000 r--p 0000f000 /system/lib64/platformsdk/libfmskit_provider_client.z.so
5a271d3000-5a271d4000 rw-p 00010000 /system/lib64/platformsdk/libfmskit_provider_client.z.so
5a271d4000-5a271d5000 rw-p 00000000 [anon:libfmskit_provider_client.z.so.bss]
5a27200000-5a2720b000 r--p 00000000 /system/lib64/platformsdk/libsandbox_helper_native.z.so
5a2720b000-5a27224000 r-xp 0000a000 /system/lib64/platformsdk/libsandbox_helper_native.z.so
5a27224000-5a27226000 r--p 00022000 /system/lib64/platformsdk/libsandbox_helper_native.z.so
5a27226000-5a27227000 rw-p 00023000 /system/lib64/platformsdk/libsandbox_helper_native.z.so
5a27240000-5a27254000 r--p 00000000 /system/lib64/platformsdk/libmedia_service_utils.z.so
5a27254000-5a27280000 r-xp 00013000 /system/lib64/platformsdk/libmedia_service_utils.z.so
5a27280000-5a27283000 r--p 0003e000 /system/lib64/platformsdk/libmedia_service_utils.z.so
5a27283000-5a27284000 rw-p 00040000 /system/lib64/platformsdk/libmedia_service_utils.z.so
5a27284000-5a27285000 rw-p 00000000 [anon:libmedia_service_utils.z.so.bss]
5a272c0000-5a272e3000 r--p 00000000 /system/lib64/libaudio_client_idl_interface.z.so
5a272e3000-5a27335000 r-xp 00022000 /system/lib64/libaudio_client_idl_interface.z.so
5a27335000-5a27340000 r--p 00073000 /system/lib64/libaudio_client_idl_interface.z.so
5a27340000-5a27341000 rw-p 0007d000 /system/lib64/libaudio_client_idl_interface.z.so
5a27341000-5a27342000 rw-p 00000000 [anon:libaudio_client_idl_interface.z.so.bss]
5a27380000-5a273b7000 r--p 00000000 /system/lib64/platformsdk/libdrawing_napi_impl.z.so
5a273b7000-5a2745d000 r-xp 00036000 /system/lib64/platformsdk/libdrawing_napi_impl.z.so
5a2745d000-5a27466000 r--p 000db000 /system/lib64/platformsdk/libdrawing_napi_impl.z.so
5a27466000-5a27467000 rw-p 000e3000 /system/lib64/platformsdk/libdrawing_napi_impl.z.so
5a27467000-5a27468000 rw-p 00000000 [anon:libdrawing_napi_impl.z.so.bss]
5a27480000-5a27488000 r--p 00000000 /system/lib64/platformsdk/libmiscdevice_utils.z.so
5a27488000-5a27492000 r-xp 00007000 /system/lib64/platformsdk/libmiscdevice_utils.z.so
5a27492000-5a27494000 r--p 00010000 /system/lib64/platformsdk/libmiscdevice_utils.z.so
5a27494000-5a27495000 rw-p 00011000 /system/lib64/platformsdk/libmiscdevice_utils.z.so
5a274c0000-5a274c9000 r--p 00000000 /system/lib64/platformsdk/libaudio_foundation.z.so
5a274c9000-5a274d9000 r-xp 00008000 /system/lib64/platformsdk/libaudio_foundation.z.so
5a274d9000-5a274db000 r--p 00017000 /system/lib64/platformsdk/libaudio_foundation.z.so
5a274db000-5a274dc000 rw-p 00018000 /system/lib64/platformsdk/libaudio_foundation.z.so
5a27500000-5a27523000 r--p 00000000 /system/lib64/libhistreamer_plugin_base.z.so
5a27523000-5a2755a000 r-xp 00022000 /system/lib64/libhistreamer_plugin_base.z.so
5a2755a000-5a2755d000 r--p 00058000 /system/lib64/libhistreamer_plugin_base.z.so
5a2755d000-5a2755e000 rw-p 0005a000 /system/lib64/libhistreamer_plugin_base.z.so
5a27580000-5a2758c000 r--p 00000000 /system/lib64/platformsdk/libvibrator_native.z.so
5a2758c000-5a275a3000 r-xp 0000b000 /system/lib64/platformsdk/libvibrator_native.z.so
5a275a3000-5a275a6000 r--p 00021000 /system/lib64/platformsdk/libvibrator_native.z.so
5a275a6000-5a275a7000 rw-p 00023000 /system/lib64/platformsdk/libvibrator_native.z.so
5a275c0000-5a27624000 r--p 00000000 /system/lib64/platformsdk/libav_codec_client.z.so
5a27624000-5a276e2000 r-xp 00063000 /system/lib64/platformsdk/libav_codec_client.z.so
5a276e2000-5a276ee000 r--p 00120000 /system/lib64/platformsdk/libav_codec_client.z.so
5a276ee000-5a276f0000 rw-p 0012b000 /system/lib64/platformsdk/libav_codec_client.z.so
5a276f0000-5a276f1000 rw-p 00000000 [anon:libav_codec_client.z.so.bss]
5a27700000-5a27714000 r--p 00000000 /system/lib64/platformsdk/libfmskit_native.z.so
5a27714000-5a2773f000 r-xp 00013000 /system/lib64/platformsdk/libfmskit_native.z.so
5a2773f000-5a27742000 r--p 0003d000 /system/lib64/platformsdk/libfmskit_native.z.so
5a27742000-5a27743000 rw-p 0003f000 /system/lib64/platformsdk/libfmskit_native.z.so
5a27743000-5a27744000 rw-p 00000000 [anon:libfmskit_native.z.so.bss]
5a27780000-5a27790000 r--p 00000000 /system/lib64/platformsdk/libnet_manager_common.z.so
5a27790000-5a277a6000 r-xp 0000f000 /system/lib64/platformsdk/libnet_manager_common.z.so
5a277a6000-5a277a9000 r--p 00024000 /system/lib64/platformsdk/libnet_manager_common.z.so
5a277a9000-5a277aa000 rw-p 00026000 /system/lib64/platformsdk/libnet_manager_common.z.so
5a277c0000-5a277c5000 r--p 00000000 /system/lib64/platformsdk/librdb_data_share_adapter.z.so
5a277c5000-5a277cf000 r-xp 00004000 /system/lib64/platformsdk/librdb_data_share_adapter.z.so
5a277cf000-5a277d0000 r--p 0000d000 /system/lib64/platformsdk/librdb_data_share_adapter.z.so
5a277d0000-5a277d1000 rw-p 0000d000 /system/lib64/platformsdk/librdb_data_share_adapter.z.so
5a27800000-5a27838000 r--p 00000000 /system/lib64/platformsdk/libimage_effect_impl.so
5a27838000-5a278ba000 r-xp 00037000 /system/lib64/platformsdk/libimage_effect_impl.so
5a278ba000-5a278c0000 r--p 000b8000 /system/lib64/platformsdk/libimage_effect_impl.so
5a278c0000-5a278c1000 rw-p 000bd000 /system/lib64/platformsdk/libimage_effect_impl.so
5a278c1000-5a278c2000 rw-p 00000000 [anon:libimage_effect_impl.so.bss]
5a27900000-5a27906000 r--p 00000000 /system/lib64/platformsdk/libui_service_mgr.z.so
5a27906000-5a2790d000 r-xp 00005000 /system/lib64/platformsdk/libui_service_mgr.z.so
5a2790d000-5a2790f000 r--p 0000b000 /system/lib64/platformsdk/libui_service_mgr.z.so
5a2790f000-5a27910000 rw-p 0000c000 /system/lib64/platformsdk/libui_service_mgr.z.so
5a27910000-5a27911000 rw-p 00000000 [anon:libui_service_mgr.z.so.bss]
5a27940000-5a2794f000 r--p 00000000 /system/lib64/platformsdk/libaudio_haptic.z.so
5a2794f000-5a27968000 r-xp 0000e000 /system/lib64/platformsdk/libaudio_haptic.z.so
5a27968000-5a2796a000 r--p 00026000 /system/lib64/platformsdk/libaudio_haptic.z.so
5a2796a000-5a2796b000 rw-p 00027000 /system/lib64/platformsdk/libaudio_haptic.z.so
5a2796b000-5a2796c000 rw-p 00000000 [anon:libaudio_haptic.z.so.bss]
5a27980000-5a27984000 r--p 00000000 /system/lib64/ndk/libpip_ndk.so
5a27984000-5a2798c000 r-xp 00003000 /system/lib64/ndk/libpip_ndk.so
5a2798c000-5a2798d000 r--p 0000a000 /system/lib64/ndk/libpip_ndk.so
5a2798d000-5a2798e000 rw-p 0000a000 /system/lib64/ndk/libpip_ndk.so
5a279c0000-5a279c8000 r--p 00000000 /system/lib64/libaudio_schedule.z.so
5a279c8000-5a279d5000 r-xp 00007000 /system/lib64/libaudio_schedule.z.so
5a279d5000-5a279d6000 r--p 00013000 /system/lib64/libaudio_schedule.z.so
5a279d6000-5a279d7000 rw-p 00013000 /system/lib64/libaudio_schedule.z.so
5a279d7000-5a279d8000 rw-p 00000000 [anon:libaudio_schedule.z.so.bss]
5a27a00000-5a27a14000 r--p 00000000 /system/lib64/platformsdk/libace_form_render.z.so
5a27a14000-5a27a37000 r-xp 00013000 /system/lib64/platformsdk/libace_form_render.z.so
5a27a37000-5a27a3d000 r--p 00035000 /system/lib64/platformsdk/libace_form_render.z.so
5a27a3d000-5a27a3e000 rw-p 0003a000 /system/lib64/platformsdk/libace_form_render.z.so
5a27a3e000-5a27a3f000 rw-p 00000000 [anon:libace_form_render.z.so.bss]
5a27a40000-5a27a47000 r--p 00000000 /system/lib64/platformsdk/libdata_ability_helper.z.so
5a27a47000-5a27a4e000 r-xp 00006000 /system/lib64/platformsdk/libdata_ability_helper.z.so
5a27a4e000-5a27a4f000 r--p 0000c000 /system/lib64/platformsdk/libdata_ability_helper.z.so
5a27a4f000-5a27a50000 rw-p 0000c000 /system/lib64/platformsdk/libdata_ability_helper.z.so
5a27a80000-5a284b3000 r--p 00000000 /system/lib64/platformsdk/libace_compatible.z.so
5a284b3000-5a2b8f7000 r-xp 00a32000 /system/lib64/platformsdk/libace_compatible.z.so
5a2b8f7000-5a2bcc0000 r--p 03e75000 /system/lib64/platformsdk/libace_compatible.z.so
5a2bcc0000-5a2beb8000 rw-p 0423d000 /system/lib64/platformsdk/libace_compatible.z.so
5a2beb8000-5a2bf83000 rw-p 00000000 [anon:libace_compatible.z.so.bss]
5a2bfc0000-5a2bfda000 r--p 00000000 /system/lib64/platformsdk/libui_session.z.so
5a2bfda000-5a2bff9000 r-xp 00019000 /system/lib64/platformsdk/libui_session.z.so
5a2bff9000-5a2bfff000 r--p 00037000 /system/lib64/platformsdk/libui_session.z.so
5a2bfff000-5a2c000000 rw-p 0003c000 /system/lib64/platformsdk/libui_session.z.so
5a2c000000-5a2c008000 r--p 00000000 /system/lib64/platformsdk/libnet_security_config_if.z.so
5a2c008000-5a2c011000 r-xp 00007000 /system/lib64/platformsdk/libnet_security_config_if.z.so
5a2c011000-5a2c013000 r--p 0000f000 /system/lib64/platformsdk/libnet_security_config_if.z.so
5a2c013000-5a2c014000 rw-p 00010000 /system/lib64/platformsdk/libnet_security_config_if.z.so
5a2c040000-5a2c05a000 r--p 00000000 /system/lib64/libmedia_library_manager.z.so
5a2c05a000-5a2c0a2000 r-xp 00019000 /system/lib64/libmedia_library_manager.z.so
5a2c0a2000-5a2c0a5000 r--p 00060000 /system/lib64/libmedia_library_manager.z.so
5a2c0a5000-5a2c0a6000 rw-p 00062000 /system/lib64/libmedia_library_manager.z.so
5a2c0a6000-5a2c0a7000 rw-p 00000000 [anon:libmedia_library_manager.z.so.bss]
5a2c0c0000-5a2c126000 r--p 00000000 /system/lib64/platformsdk/libaudio_client.z.so
5a2c126000-5a2c18f000 r-xp 00065000 /system/lib64/platformsdk/libaudio_client.z.so
5a2c18f000-5a2c19a000 r--p 000cd000 /system/lib64/platformsdk/libaudio_client.z.so
5a2c19a000-5a2c19b000 rw-p 000d7000 /system/lib64/platformsdk/libaudio_client.z.so
5a2c19b000-5a2c19f000 rw-p 00000000 [anon:libaudio_client.z.so.bss]
5a2c1c0000-5a2c1c3000 r--p 00000000 /system/lib64/libav_codec_service_utils.z.so
5a2c1c3000-5a2c1c8000 r-xp 00002000 /system/lib64/libav_codec_service_utils.z.so
5a2c1c8000-5a2c1c9000 r--p 00006000 /system/lib64/libav_codec_service_utils.z.so
5a2c1c9000-5a2c1ca000 rw-p 00006000 /system/lib64/libav_codec_service_utils.z.so
5a2c200000-5a2c20b000 r--p 00000000 /system/lib64/libav_codec_service_dfx.z.so
5a2c20b000-5a2c222000 r-xp 0000a000 /system/lib64/libav_codec_service_dfx.z.so
5a2c222000-5a2c223000 r--p 00020000 /system/lib64/libav_codec_service_dfx.z.so
5a2c223000-5a2c224000 rw-p 00020000 /system/lib64/libav_codec_service_dfx.z.so
5a2c224000-5a2c225000 rw-p 00000000 [anon:libav_codec_service_dfx.z.so.bss]
5a2c240000-5a2c24a000 r--p 00000000 /system/lib64/platformsdk/libaudio_definitions.z.so
5a2c24a000-5a2c261000 r-xp 00009000 /system/lib64/platformsdk/libaudio_definitions.z.so
5a2c261000-5a2c264000 r--p 0001f000 /system/lib64/platformsdk/libaudio_definitions.z.so
5a2c264000-5a2c265000 rw-p 00021000 /system/lib64/platformsdk/libaudio_definitions.z.so
5a2c280000-5a2c286000 r--p 00000000 /system/lib64/libuiservice_manager_interface_set.z.so
5a2c286000-5a2c28e000 r-xp 00005000 /system/lib64/libuiservice_manager_interface_set.z.so
5a2c28e000-5a2c292000 r--p 0000c000 /system/lib64/libuiservice_manager_interface_set.z.so
5a2c292000-5a2c293000 rw-p 0000f000 /system/lib64/libuiservice_manager_interface_set.z.so
5a2c2c0000-5a2c2f2000 r--p 00000000 /system/lib64/platformsdk/libaudio_common.z.so
5a2c2f2000-5a2c343000 r-xp 00031000 /system/lib64/platformsdk/libaudio_common.z.so
5a2c343000-5a2c348000 r--p 00081000 /system/lib64/platformsdk/libaudio_common.z.so
5a2c348000-5a2c349000 rw-p 00085000 /system/lib64/platformsdk/libaudio_common.z.so
5a2c349000-5a2c34c000 rw-p 00000000 [anon:libaudio_common.z.so.bss]
5a2c380000-5a2c3a4000 r--p 00000000 /system/lib64/libaudio_policy_client_idl_interface.z.so
5a2c3a4000-5a2c40c000 r-xp 00023000 /system/lib64/libaudio_policy_client_idl_interface.z.so
5a2c40c000-5a2c41d000 r--p 0008a000 /system/lib64/libaudio_policy_client_idl_interface.z.so
5a2c41d000-5a2c41e000 rw-p 0009a000 /system/lib64/libaudio_policy_client_idl_interface.z.so
5a2c41e000-5a2c41f000 rw-p 00000000 [anon:libaudio_policy_client_idl_interface.z.so.bss]
5a2c440000-5a2c44a000 r--p 00000000 /system/lib64/libpasteboard_framework.z.so
5a2c44a000-5a2c462000 r-xp 00009000 /system/lib64/libpasteboard_framework.z.so
5a2c462000-5a2c465000 r--p 00020000 /system/lib64/libpasteboard_framework.z.so
5a2c465000-5a2c466000 rw-p 00022000 /system/lib64/libpasteboard_framework.z.so
5a2c480000-5a2c4fe000 r--p 00000000 /system/lib64/platformsdk/libscene_session_manager.z.so
5a2c4fe000-5a2c683000 r-xp 0007d000 /system/lib64/platformsdk/libscene_session_manager.z.so
5a2c683000-5a2c6a6000 r--p 00201000 /system/lib64/platformsdk/libscene_session_manager.z.so
5a2c6a6000-5a2c6a7000 rw-p 00223000 /system/lib64/platformsdk/libscene_session_manager.z.so
5a2c6a7000-5a2c6a9000 rw-p 00000000 [anon:libscene_session_manager.z.so.bss]
5a2c6c0000-5a2c713000 r--p 00000000 /system/lib64/libav_codec_media_engine_modules.z.so
5a2c713000-5a2c7d1000 r-xp 00052000 /system/lib64/libav_codec_media_engine_modules.z.so
5a2c7d1000-5a2c7d8000 r--p 0010f000 /system/lib64/libav_codec_media_engine_modules.z.so
5a2c7d8000-5a2c7d9000 rw-p 00115000 /system/lib64/libav_codec_media_engine_modules.z.so
5a2c7d9000-5a2c7da000 rw-p 00000000 [anon:libav_codec_media_engine_modules.z.so.bss]
5a2c800000-5a2c805000 r--p 00000000 /system/lib64/platformsdk/libvibrator_agent.z.so
5a2c805000-5a2c80b000 r-xp 00004000 /system/lib64/platformsdk/libvibrator_agent.z.so
5a2c80b000-5a2c80d000 r--p 00009000 /system/lib64/platformsdk/libvibrator_agent.z.so
5a2c80d000-5a2c80e000 rw-p 0000a000 /system/lib64/platformsdk/libvibrator_agent.z.so
5a2c840000-5a2c85b000 r--p 00000000 /system/lib64/platformsdk/libsoundpool_client.z.so
5a2c85b000-5a2c895000 r-xp 0001a000 /system/lib64/platformsdk/libsoundpool_client.z.so
5a2c895000-5a2c898000 r--p 00053000 /system/lib64/platformsdk/libsoundpool_client.z.so
5a2c898000-5a2c899000 rw-p 00055000 /system/lib64/platformsdk/libsoundpool_client.z.so
5a2c899000-5a2c89a000 rw-p 00000000 [anon:libsoundpool_client.z.so.bss]
5a2c8c0000-5a2c8ca000 r--p 00000000 /system/lib64/platformsdk/libdisplaymgr.z.so
5a2c8ca000-5a2c8db000 r-xp 00009000 /system/lib64/platformsdk/libdisplaymgr.z.so
5a2c8db000-5a2c8df000 r--p 00019000 /system/lib64/platformsdk/libdisplaymgr.z.so
5a2c8df000-5a2c8e0000 rw-p 0001c000 /system/lib64/platformsdk/libdisplaymgr.z.so
5a2c900000-5a2c907000 r--p 00000000 /system/lib64/libarkaotmanager.so
5a2c907000-5a2c91c000 r-xp 00006000 /system/lib64/libarkaotmanager.so
5a2c91c000-5a2c91d000 r--p 0001a000 /system/lib64/libarkaotmanager.so
5a2c91d000-5a2c91e000 rw-p 0001a000 /system/lib64/libarkaotmanager.so
5a2c940000-5a2c954000 r--p 00000000 /system/lib64/libarktsbase.so
5a2c954000-5a2c98b000 r-xp 00013000 /system/lib64/libarktsbase.so
5a2c98b000-5a2c98e000 r--p 00049000 /system/lib64/libarktsbase.so
5a2c98e000-5a2c98f000 rw-p 0004b000 /system/lib64/libarktsbase.so
5a2c98f000-5a2c999000 rw-p 00000000 [anon:libarktsbase.so.bss]
5a2c9c0000-5a2c9ca000 r--p 00000000 /system/lib64/libani_helpers.z.so
5a2c9ca000-5a2c9de000 r-xp 00009000 /system/lib64/libani_helpers.z.so
5a2c9de000-5a2c9e0000 r--p 0001c000 /system/lib64/libani_helpers.z.so
5a2c9e0000-5a2c9e1000 rw-p 0001d000 /system/lib64/libani_helpers.z.so
5a2ca00000-5a2ca1c000 r--p 00000000 /system/lib64/platformsdk/libaudio_utils.z.so
5a2ca1c000-5a2ca62000 r-xp 0001b000 /system/lib64/platformsdk/libaudio_utils.z.so
5a2ca62000-5a2ca64000 r--p 00060000 /system/lib64/platformsdk/libaudio_utils.z.so
5a2ca64000-5a2ca65000 rw-p 00061000 /system/lib64/platformsdk/libaudio_utils.z.so
5a2ca65000-5a2ca66000 rw-p 00000000 [anon:libaudio_utils.z.so.bss]
5a2ca80000-5a2ca86000 r--p 00000000 /system/lib64/platformsdk/libmedia_monitor_client.z.so
5a2ca86000-5a2ca93000 r-xp 00005000 /system/lib64/platformsdk/libmedia_monitor_client.z.so
5a2ca93000-5a2ca96000 r--p 00011000 /system/lib64/platformsdk/libmedia_monitor_client.z.so
5a2ca96000-5a2ca97000 rw-p 00013000 /system/lib64/platformsdk/libmedia_monitor_client.z.so
5a2cac0000-5a2cae2000 r--p 00000000 /system/lib64/libarktsfile.so
5a2cae2000-5a2cb34000 r-xp 00021000 /system/lib64/libarktsfile.so
5a2cb34000-5a2cb37000 r--p 00072000 /system/lib64/libarktsfile.so
5a2cb37000-5a2cb38000 rw-p 00074000 /system/lib64/libarktsfile.so
5a2cb38000-5a2cd38000 r--s 00000000 /dev/__parameters__/u:object_r:ohos_boot_param:s0
5a2cd40000-5a2cd51000 r--p 00000000 /vendor/lib64/libdisplay_buffer_vdi_impl.z.so
5a2cd51000-5a2cd71000 r-xp 00010000 /vendor/lib64/libdisplay_buffer_vdi_impl.z.so
5a2cd71000-5a2cd73000 r--p 0002f000 /vendor/lib64/libdisplay_buffer_vdi_impl.z.so
5a2cd73000-5a2cd74000 rw-p 00030000 /vendor/lib64/libdisplay_buffer_vdi_impl.z.so
5a2cd74000-5a2cd75000 rw-p 00000000 [anon:libdisplay_buffer_vdi_impl.z.so.bss]
5a2cd80000-5a2cd81000 r--p 00000000 /system/lib64/chipset-sdk-sp/libdmabufheap.z.so
5a2cd81000-5a2cd84000 r-xp 00000000 /system/lib64/chipset-sdk-sp/libdmabufheap.z.so
5a2cd84000-5a2cd85000 r--p 00002000 /system/lib64/chipset-sdk-sp/libdmabufheap.z.so
5a2cd85000-5a2cd86000 rw-p 00002000 /system/lib64/chipset-sdk-sp/libdmabufheap.z.so
5a2cdc0000-5a2d8e1000 r--p 00000000 /vendor/lib64/passthrough/indirect/libbishenggpucompiler_v350.so.15
5a2d8e1000-5a2f757000 r-xp 00b20000 /vendor/lib64/passthrough/indirect/libbishenggpucompiler_v350.so.15
5a2f757000-5a2fabd000 r--p 02995000 /vendor/lib64/passthrough/indirect/libbishenggpucompiler_v350.so.15
5a2fabd000-5a2fb09000 rw-p 02cfa000 /vendor/lib64/passthrough/indirect/libbishenggpucompiler_v350.so.15
5a2fb09000-5a2fb63000 rw-p 00000000 [anon:libbishenggpucompiler_v350.so.15.bss]
5a2fb80000-5a2fb83000 r--p 00000000 /vendor/lib64/passthrough/libgralloc_priv.z.so
5a2fb83000-5a2fb87000 r-xp 00002000 /vendor/lib64/passthrough/libgralloc_priv.z.so
5a2fb87000-5a2fb88000 r--p 00005000 /vendor/lib64/passthrough/libgralloc_priv.z.so
5a2fb88000-5a2fb89000 rw-p 00005000 /vendor/lib64/passthrough/libgralloc_priv.z.so
5a2fb89000-5a2fbfe000 rw-p 00000000 /system/etc/abc/framework/stateMgmt.abc
5a2fc00000-5a2fd87000 r--p 00000000 /vendor/lib64/passthrough/libmaleoon_v300.so
5a2fd87000-5a2fe00000 r--p 00187000 /vendor/lib64/passthrough/libmaleoon_v300.so
5a2fe00000-5a30361000 r-xp 00200000 /vendor/lib64/passthrough/libmaleoon_v300.so
5a30361000-5a30400000 r--p 00761000 /vendor/lib64/passthrough/libmaleoon_v300.so
5a30400000-5a30497000 r--p 00800000 /vendor/lib64/passthrough/libmaleoon_v300.so
5a30497000-5a30696000 r--p 00897000 /vendor/lib64/passthrough/libmaleoon_v300.so
5a30696000-5a3069c000 rw-p 00896000 /vendor/lib64/passthrough/libmaleoon_v300.so
5a3069c000-5a306c8000 rw-p 00000000 [anon:libEGL_impl.so.bss]
5a306c8000-5a31bc8000 rw-p 00000000 [anon:native_heap:jemalloc]
5a31c00000-5a31c01000 r--p 00000000 /system/lib64/libresourceManager_ani.z.so
5a31c01000-5a31c04000 r-xp 00000000 /system/lib64/libresourceManager_ani.z.so
5a31c04000-5a31c05000 r--p 00002000 /system/lib64/libresourceManager_ani.z.so
5a31c05000-5a31c06000 rw-p 00002000 /system/lib64/libresourceManager_ani.z.so
5a31c06000-5a31c47000 r--p 00000000 /system/framework/avsession_taihe_abc.abc
5a31c5e000-5a349de000 rw-p 00000000 [anon:native_heap:jemalloc]
5a34a00000-5a34a19000 r--p 00000000 /system/lib64/libaccessibleability.z.so
5a34a19000-5a34a3f000 r-xp 00018000 /system/lib64/libaccessibleability.z.so
5a34a3f000-5a34a45000 r--p 0003d000 /system/lib64/libaccessibleability.z.so
5a34a45000-5a34a46000 rw-p 00042000 /system/lib64/libaccessibleability.z.so
5a34a80000-5a34ab0000 r--p 00000000 /system/lib64/platformsdk/libani_common.z.so
5a34ab0000-5a34ae9000 r-xp 0002f000 /system/lib64/platformsdk/libani_common.z.so
5a34ae9000-5a34aed000 r--p 00067000 /system/lib64/platformsdk/libani_common.z.so
5a34aed000-5a34aee000 rw-p 0006a000 /system/lib64/platformsdk/libani_common.z.so
5a34aee000-5a34aef000 rw-p 00000000 [anon:libani_common.z.so.bss]
5a34b00000-5a34b37000 r--p 00000000 /system/lib64/librpc_taihe.z.so
5a34b37000-5a34b8d000 r-xp 00036000 /system/lib64/librpc_taihe.z.so
5a34b8d000-5a34b92000 r--p 0008b000 /system/lib64/librpc_taihe.z.so
5a34b92000-5a34b93000 rw-p 0008f000 /system/lib64/librpc_taihe.z.so
5a34b93000-5a34b97000 rw-p 00000000 [anon:librpc_taihe.z.so.bss]
5a34bc0000-5a34bc4000 r--p 00000000 /system/lib64/platformsdk/libani_window_animation_utils.z.so
5a34bc4000-5a34bca000 r-xp 00003000 /system/lib64/platformsdk/libani_window_animation_utils.z.so
5a34bca000-5a34bcc000 r--p 00008000 /system/lib64/platformsdk/libani_window_animation_utils.z.so
5a34bcc000-5a34bcd000 rw-p 00009000 /system/lib64/platformsdk/libani_window_animation_utils.z.so
5a34c00000-5a34c17000 r--p 00000000 /system/lib64/libbms_ani_common.z.so
5a34c17000-5a34c3f000 r-xp 00016000 /system/lib64/libbms_ani_common.z.so
5a34c3f000-5a34c40000 r--p 0003d000 /system/lib64/libbms_ani_common.z.so
5a34c40000-5a34c41000 rw-p 0003d000 /system/lib64/libbms_ani_common.z.so
5a34c41000-5a34c42000 rw-p 00000000 [anon:libbms_ani_common.z.so.bss]
5a34c80000-5a34cc1000 r--p 00000000 /system/lib64/extensionability/libaccessibility_extension_module.z.so
5a34cc1000-5a34d43000 r-xp 00040000 /system/lib64/extensionability/libaccessibility_extension_module.z.so
5a34d43000-5a34d48000 r--p 000c1000 /system/lib64/extensionability/libaccessibility_extension_module.z.so
5a34d48000-5a34d4a000 rw-p 000c5000 /system/lib64/extensionability/libaccessibility_extension_module.z.so
5a34d4a000-5a34d4b000 rw-p 00000000 [anon:libaccessibility_extension_module.z.so.bss]
5a34d80000-5a34d81000 r--p 00000000 /system/lib64/extensionability/libaccount_logout_extension_module.z.so
5a34d81000-5a34d83000 r-xp 00000000 /system/lib64/extensionability/libaccount_logout_extension_module.z.so
5a34d83000-5a34d84000 r--p 00001000 /system/lib64/extensionability/libaccount_logout_extension_module.z.so
5a34d84000-5a34d85000 rw-p 00001000 /system/lib64/extensionability/libaccount_logout_extension_module.z.so
5a34dc0000-5a34dc7000 r--p 00000000 /system/lib64/libaccount_logout_extension.z.so
5a34dc7000-5a34dd1000 r-xp 00006000 /system/lib64/libaccount_logout_extension.z.so
5a34dd1000-5a34dd3000 r--p 0000f000 /system/lib64/libaccount_logout_extension.z.so
5a34dd3000-5a34dd4000 rw-p 00010000 /system/lib64/libaccount_logout_extension.z.so
5a34e00000-5a34e05000 r--p 00000000 /system/lib64/libaction_extension.z.so
5a34e05000-5a34e09000 r-xp 00004000 /system/lib64/libaction_extension.z.so
5a34e09000-5a34e0b000 r--p 00007000 /system/lib64/libaction_extension.z.so
5a34e0b000-5a34e0c000 rw-p 00008000 /system/lib64/libaction_extension.z.so
5a34e40000-5a34e41000 r--p 00000000 /system/lib64/extensionability/libaction_extension_module.z.so
5a34e41000-5a34e43000 r-xp 00000000 /system/lib64/extensionability/libaction_extension_module.z.so
5a34e43000-5a34e44000 r--p 00001000 /system/lib64/extensionability/libaction_extension_module.z.so
5a34e44000-5a34e45000 rw-p 00001000 /system/lib64/extensionability/libaction_extension_module.z.so
5a34e80000-5a34e88000 r--p 00000000 /system/lib64/libadsservice_extension.z.so
5a34e88000-5a34e8f000 r-xp 00007000 /system/lib64/libadsservice_extension.z.so
5a34e8f000-5a34e91000 r--p 0000d000 /system/lib64/libadsservice_extension.z.so
5a34e91000-5a34e92000 rw-p 0000e000 /system/lib64/libadsservice_extension.z.so
5a34ec0000-5a34ec2000 r--p 00000000 /system/lib64/extensionability/libadsservice_extension_module.z.so
5a34ec2000-5a34ec5000 r-xp 00001000 /system/lib64/extensionability/libadsservice_extension_module.z.so
5a34ec5000-5a34ec6000 r--p 00003000 /system/lib64/extensionability/libadsservice_extension_module.z.so
5a34ec6000-5a34ec7000 rw-p 00003000 /system/lib64/extensionability/libadsservice_extension_module.z.so
5a34f00000-5a34f02000 r--p 00000000 /system/lib64/extensionability/libagent_extension_module.z.so
5a34f02000-5a34f05000 r-xp 00001000 /system/lib64/extensionability/libagent_extension_module.z.so
5a34f05000-5a34f06000 r--p 00003000 /system/lib64/extensionability/libagent_extension_module.z.so
5a34f06000-5a34f07000 rw-p 00003000 /system/lib64/extensionability/libagent_extension_module.z.so
5a34f40000-5a34f46000 r--p 00000000 /system/lib64/libagent_extension.z.so
5a34f46000-5a34f4b000 r-xp 00005000 /system/lib64/libagent_extension.z.so
5a34f4b000-5a34f4c000 r--p 00009000 /system/lib64/libagent_extension.z.so
5a34f4c000-5a34f4d000 rw-p 00009000 /system/lib64/libagent_extension.z.so
5a34f4d000-5a34f4e000 rw-p 00000000 [anon:libagent_extension.z.so.bss]
5a34f80000-5a34f85000 r--p 00000000 /system/lib64/libagent_ui_extension.z.so
5a34f85000-5a34f8a000 r-xp 00004000 /system/lib64/libagent_ui_extension.z.so
5a34f8a000-5a34f8b000 r--p 00008000 /system/lib64/libagent_ui_extension.z.so
5a34f8b000-5a34f8c000 rw-p 00008000 /system/lib64/libagent_ui_extension.z.so
5a34f8c000-5a34f8d000 rw-p 00000000 [anon:libagent_ui_extension.z.so.bss]
5a34fc0000-5a34fc2000 r--p 00000000 /system/lib64/extensionability/libagent_ui_extension_module.z.so
5a34fc2000-5a34fc5000 r-xp 00001000 /system/lib64/extensionability/libagent_ui_extension_module.z.so
5a34fc5000-5a34fc6000 r--p 00003000 /system/lib64/extensionability/libagent_ui_extension_module.z.so
5a34fc6000-5a34fc7000 rw-p 00003000 /system/lib64/extensionability/libagent_ui_extension_module.z.so
5a35000000-5a35020000 r--p 00000000 /system/lib64/platformsdk/libservice_extension.z.so
5a35020000-5a3503b000 r-xp 0001f000 /system/lib64/platformsdk/libservice_extension.z.so
5a3503b000-5a35040000 r--p 00039000 /system/lib64/platformsdk/libservice_extension.z.so
5a35040000-5a35041000 rw-p 0003d000 /system/lib64/platformsdk/libservice_extension.z.so
5a35080000-5a35082000 r--p 00000000 /system/lib64/extensionability/libapp_service_extension_module.z.so
5a35082000-5a35085000 r-xp 00001000 /system/lib64/extensionability/libapp_service_extension_module.z.so
5a35085000-5a35086000 r--p 00003000 /system/lib64/extensionability/libapp_service_extension_module.z.so
5a35086000-5a35087000 rw-p 00003000 /system/lib64/extensionability/libapp_service_extension_module.z.so
5a350c0000-5a350d1000 r--p 00000000 /system/lib64/platformsdk/libapp_service_extension.z.so
5a350d1000-5a350e0000 r-xp 00010000 /system/lib64/platformsdk/libapp_service_extension.z.so
5a350e0000-5a350e3000 r--p 0001e000 /system/lib64/platformsdk/libapp_service_extension.z.so
5a350e3000-5a350e4000 rw-p 00020000 /system/lib64/platformsdk/libapp_service_extension.z.so
5a35100000-5a3510e000 r--p 00000000 /system/lib64/platformsdk/libassetaccelfwkclient.z.so
5a3510e000-5a35123000 r-xp 0000d000 /system/lib64/platformsdk/libassetaccelfwkclient.z.so
5a35123000-5a35126000 r--p 00021000 /system/lib64/platformsdk/libassetaccelfwkclient.z.so
5a35126000-5a35127000 rw-p 00023000 /system/lib64/platformsdk/libassetaccelfwkclient.z.so
5a35140000-5a3514e000 r--p 00000000 /system/lib64/platformsdk/librequest_action.z.so
5a3514e000-5a3516d000 r-xp 0000d000 /system/lib64/platformsdk/librequest_action.z.so
5a3516d000-5a3516f000 r--p 0002b000 /system/lib64/platformsdk/librequest_action.z.so
5a3516f000-5a35170000 rw-p 0002c000 /system/lib64/platformsdk/librequest_action.z.so
5a35180000-5a3518d000 r--p 00000000 /system/lib64/extensionability/libassetaccelextension.z.so
5a3518d000-5a351a4000 r-xp 0000c000 /system/lib64/extensionability/libassetaccelextension.z.so
5a351a4000-5a351a8000 r--p 00022000 /system/lib64/extensionability/libassetaccelextension.z.so
5a351a8000-5a351a9000 rw-p 00025000 /system/lib64/extensionability/libassetaccelextension.z.so
5a351c0000-5a351d7000 r--p 00000000 /system/lib64/platformsdk/librequest_native.z.so
5a351d7000-5a35200000 r-xp 00016000 /system/lib64/platformsdk/librequest_native.z.so
5a35200000-5a35204000 r--p 0003e000 /system/lib64/platformsdk/librequest_native.z.so
5a35204000-5a35205000 rw-p 00041000 /system/lib64/platformsdk/librequest_native.z.so
5a35205000-5a35206000 rw-p 00000000 [anon:librequest_native.z.so.bss]
5a35240000-5a3524e000 r--p 00000000 /system/lib64/extensionability/libassetcacheextension.z.so
5a3524e000-5a35265000 r-xp 0000d000 /system/lib64/extensionability/libassetcacheextension.z.so
5a35265000-5a35269000 r--p 00023000 /system/lib64/extensionability/libassetcacheextension.z.so
5a35269000-5a3526a000 rw-p 00026000 /system/lib64/extensionability/libassetcacheextension.z.so
5a35280000-5a35282000 r--p 00000000 /system/lib64/extensionability/libauto_fill_extension_module.z.so
5a35282000-5a35283000 r-xp 00001000 /system/lib64/extensionability/libauto_fill_extension_module.z.so
5a35283000-5a35284000 r--p 00001000 /system/lib64/extensionability/libauto_fill_extension_module.z.so
5a35284000-5a35285000 rw-p 00001000 /system/lib64/extensionability/libauto_fill_extension_module.z.so
5a352c0000-5a352d2000 r--p 00000000 /system/lib64/libauto_fill_extension.z.so
5a352d2000-5a352e1000 r-xp 00011000 /system/lib64/libauto_fill_extension.z.so
5a352e1000-5a352e3000 r--p 0001f000 /system/lib64/libauto_fill_extension.z.so
5a352e3000-5a352e4000 rw-p 00020000 /system/lib64/libauto_fill_extension.z.so
5a352e4000-5a352e5000 rw-p 00000000 [anon:libauto_fill_extension.z.so.bss]
5a35300000-5a35334000 r--p 00000000 /system/lib64/extensionability/libbackup_extension_ability_native.z.so
5a35334000-5a353ad000 r-xp 00033000 /system/lib64/extensionability/libbackup_extension_ability_native.z.so
5a353ad000-5a353b7000 r--p 000ab000 /system/lib64/extensionability/libbackup_extension_ability_native.z.so
5a353b7000-5a353b8000 rw-p 000b4000 /system/lib64/extensionability/libbackup_extension_ability_native.z.so
5a353b8000-5a353bb000 rw-p 00000000 [anon:libbackup_extension_ability_native.z.so.bss]
5a353c0000-5a353e7000 r--p 00000000 /system/lib64/platformsdk/libbackup_utils.z.so
5a353e7000-5a3544c000 r-xp 00026000 /system/lib64/platformsdk/libbackup_utils.z.so
5a3544c000-5a35450000 r--p 0008a000 /system/lib64/platformsdk/libbackup_utils.z.so
5a35450000-5a35452000 rw-p 0008d000 /system/lib64/platformsdk/libbackup_utils.z.so
5a35452000-5a35458000 rw-p 00000000 [anon:libbackup_utils.z.so.bss]
5a35480000-5a354a3000 r--p 00000000 /system/lib64/platformsdk/libbackup_kit_inner.z.so
5a354a3000-5a354e7000 r-xp 00022000 /system/lib64/platformsdk/libbackup_kit_inner.z.so
5a354e7000-5a354f2000 r--p 00065000 /system/lib64/platformsdk/libbackup_kit_inner.z.so
5a354f2000-5a354f3000 rw-p 0006f000 /system/lib64/platformsdk/libbackup_kit_inner.z.so
5a354f3000-5a354f4000 rw-p 00000000 [anon:libbackup_kit_inner.z.so.bss]
5a35500000-5a35502000 r--p 00000000 /system/lib64/extensionability/libcaller_info_query_extension_module.z.so
5a35502000-5a35505000 r-xp 00001000 /system/lib64/extensionability/libcaller_info_query_extension_module.z.so
5a35505000-5a35506000 r--p 00003000 /system/lib64/extensionability/libcaller_info_query_extension_module.z.so
5a35506000-5a35507000 rw-p 00003000 /system/lib64/extensionability/libcaller_info_query_extension_module.z.so
5a35540000-5a3554e000 r--p 00000000 /system/lib64/libcaller_info_query_extension.z.so
5a3554e000-5a3555d000 r-xp 0000d000 /system/lib64/libcaller_info_query_extension.z.so
5a3555d000-5a35561000 r--p 0001b000 /system/lib64/libcaller_info_query_extension.z.so
5a35561000-5a35562000 rw-p 0001e000 /system/lib64/libcaller_info_query_extension.z.so
5a35580000-5a35594000 r--p 00000000 /system/lib64/libcontent_embed_document.so
5a35594000-5a355b8000 r-xp 00013000 /system/lib64/libcontent_embed_document.so
5a355b8000-5a355ba000 r--p 00036000 /system/lib64/libcontent_embed_document.so
5a355ba000-5a355bb000 rw-p 00037000 /system/lib64/libcontent_embed_document.so
5a355c0000-5a355d2000 r--p 00000000 /system/lib64/libcontent_embed_extension.z.so
5a355d2000-5a355e7000 r-xp 00011000 /system/lib64/libcontent_embed_extension.z.so
5a355e7000-5a355ed000 r--p 00025000 /system/lib64/libcontent_embed_extension.z.so
5a355ed000-5a355ee000 rw-p 0002a000 /system/lib64/libcontent_embed_extension.z.so
5a35600000-5a35602000 r--p 00000000 /system/lib64/extensionability/libcontent_embed_extension_module.z.so
5a35602000-5a35605000 r-xp 00001000 /system/lib64/extensionability/libcontent_embed_extension_module.z.so
5a35605000-5a35606000 r--p 00003000 /system/lib64/extensionability/libcontent_embed_extension_module.z.so
5a35606000-5a35607000 rw-p 00003000 /system/lib64/extensionability/libcontent_embed_extension_module.z.so
5a35640000-5a35663000 r--p 00000000 /system/lib64/platformsdk/libdatashare_provider.z.so
5a35663000-5a356ad000 r-xp 00022000 /system/lib64/platformsdk/libdatashare_provider.z.so
5a356ad000-5a356b3000 r--p 0006b000 /system/lib64/platformsdk/libdatashare_provider.z.so
5a356b3000-5a356b4000 rw-p 00070000 /system/lib64/platformsdk/libdatashare_provider.z.so
5a356b4000-5a356b5000 rw-p 00000000 [anon:libdatashare_provider.z.so.bss]
5a356c0000-5a356c1000 r--p 00000000 /system/lib64/extensionability/libdatashare_ext_ability_module.z.so
5a356c1000-5a356c4000 r-xp 00000000 /system/lib64/extensionability/libdatashare_ext_ability_module.z.so
5a356c4000-5a356c5000 r--p 00002000 /system/lib64/extensionability/libdatashare_ext_ability_module.z.so
5a356c5000-5a356c6000 rw-p 00002000 /system/lib64/extensionability/libdatashare_ext_ability_module.z.so
5a35700000-5a3572f000 r--p 00000000 /system/lib64/libdatashare_ani_rs.so
5a3572f000-5a357b6000 r-xp 0002e000 /system/lib64/libdatashare_ani_rs.so
5a357b6000-5a357bc000 r--p 000b4000 /system/lib64/libdatashare_ani_rs.so
5a357bc000-5a357bd000 rw-p 000b9000 /system/lib64/libdatashare_ani_rs.so
5a357bd000-5a357be000 rw-p 00000000 [anon:libdatashare_ani_rs.so.bss]
5a357c0000-5a357cc000 r--p 00000000 /system/lib64/libdatashare_jscommon.z.so
5a357cc000-5a357e9000 r-xp 0000b000 /system/lib64/libdatashare_jscommon.z.so
5a357e9000-5a357eb000 r--p 00027000 /system/lib64/libdatashare_jscommon.z.so
5a357eb000-5a357ec000 rw-p 00028000 /system/lib64/libdatashare_jscommon.z.so
5a35800000-5a35818000 r--p 00000000 /system/lib64/extensionability/libdistributed_extension_ability_native.z.so
5a35818000-5a35833000 r-xp 00017000 /system/lib64/extensionability/libdistributed_extension_ability_native.z.so
5a35833000-5a35837000 r--p 00031000 /system/lib64/extensionability/libdistributed_extension_ability_native.z.so
5a35837000-5a35838000 rw-p 00034000 /system/lib64/extensionability/libdistributed_extension_ability_native.z.so
5a35838000-5a35839000 rw-p 00000000 [anon:libdistributed_extension_ability_native.z.so.bss]
5a35840000-5a35845000 r--p 00000000 /system/lib64/platformsdk/libdistributed_sched_utils.z.so
5a35845000-5a3584c000 r-xp 00004000 /system/lib64/platformsdk/libdistributed_sched_utils.z.so
5a3584c000-5a3584e000 r--p 0000a000 /system/lib64/platformsdk/libdistributed_sched_utils.z.so
5a3584e000-5a3584f000 rw-p 0000b000 /system/lib64/platformsdk/libdistributed_sched_utils.z.so
5a35880000-5a35882000 r--p 00000000 /system/lib64/extensionability/libembedded_ui_extension_module.z.so
5a35882000-5a35885000 r-xp 00001000 /system/lib64/extensionability/libembedded_ui_extension_module.z.so
5a35885000-5a35886000 r--p 00003000 /system/lib64/extensionability/libembedded_ui_extension_module.z.so
5a35886000-5a35887000 rw-p 00003000 /system/lib64/extensionability/libembedded_ui_extension_module.z.so
5a358c0000-5a358c5000 r--p 00000000 /system/lib64/libembedded_ui_extension.z.so
5a358c5000-5a358ca000 r-xp 00004000 /system/lib64/libembedded_ui_extension.z.so
5a358ca000-5a358cc000 r--p 00008000 /system/lib64/libembedded_ui_extension.z.so
5a358cc000-5a358cd000 rw-p 00009000 /system/lib64/libembedded_ui_extension.z.so
5a35900000-5a35926000 r--p 00000000 /system/lib64/platformsdk/libedmservice_kits.z.so
5a35926000-5a35979000 r-xp 00025000 /system/lib64/platformsdk/libedmservice_kits.z.so
5a35979000-5a3597f000 r--p 00077000 /system/lib64/platformsdk/libedmservice_kits.z.so
5a3597f000-5a35980000 rw-p 0007c000 /system/lib64/platformsdk/libedmservice_kits.z.so
5a35980000-5a35982000 rw-p 00000000 [anon:libedmservice_kits.z.so.bss]
5a359c0000-5a359cb000 r--p 00000000 /system/lib64/libenterprise_admin_extension.z.so
5a359cb000-5a359de000 r-xp 0000a000 /system/lib64/libenterprise_admin_extension.z.so
5a359de000-5a359e2000 r--p 0001c000 /system/lib64/libenterprise_admin_extension.z.so
5a359e2000-5a359e3000 rw-p 0001f000 /system/lib64/libenterprise_admin_extension.z.so
5a35a00000-5a35a08000 r--p 00000000 /system/lib64/libplugin_kits.z.so
5a35a08000-5a35a1a000 r-xp 00007000 /system/lib64/libplugin_kits.z.so
5a35a1a000-5a35a1c000 r--p 00018000 /system/lib64/libplugin_kits.z.so
5a35a1c000-5a35a1d000 rw-p 00019000 /system/lib64/libplugin_kits.z.so
5a35a1d000-5a35a1e000 rw-p 00000000 [anon:libplugin_kits.z.so.bss]
5a35a40000-5a35a52000 r--p 00000000 /system/lib64/platformsdk/libusbsrv_client.z.so
5a35a52000-5a35a71000 r-xp 00011000 /system/lib64/platformsdk/libusbsrv_client.z.so
5a35a71000-5a35a76000 r--p 0002f000 /system/lib64/platformsdk/libusbsrv_client.z.so
5a35a76000-5a35a77000 rw-p 00033000 /system/lib64/platformsdk/libusbsrv_client.z.so
5a35a80000-5a35a82000 r--p 00000000 /system/lib64/extensionability/libenterprise_admin_extension_module.z.so
5a35a82000-5a35a85000 r-xp 00001000 /system/lib64/extensionability/libenterprise_admin_extension_module.z.so
5a35a85000-5a35a86000 r--p 00003000 /system/lib64/extensionability/libenterprise_admin_extension_module.z.so
5a35a86000-5a35a87000 rw-p 00003000 /system/lib64/extensionability/libenterprise_admin_extension_module.z.so
5a35ac0000-5a35ac5000 r--p 00000000 /system/lib64/libedm_external_adapters.z.so
5a35ac5000-5a35acd000 r-xp 00004000 /system/lib64/libedm_external_adapters.z.so
5a35acd000-5a35ace000 r--p 0000b000 /system/lib64/libedm_external_adapters.z.so
5a35ace000-5a35acf000 rw-p 0000b000 /system/lib64/libedm_external_adapters.z.so
5a35b00000-5a35b0a000 r--p 00000000 /system/lib64/platformsdk/libsg_collect_sdk.z.so
5a35b0a000-5a35b1f000 r-xp 00009000 /system/lib64/platformsdk/libsg_collect_sdk.z.so
5a35b1f000-5a35b25000 r--p 0001d000 /system/lib64/platformsdk/libsg_collect_sdk.z.so
5a35b25000-5a35b26000 rw-p 00022000 /system/lib64/platformsdk/libsg_collect_sdk.z.so
5a35b40000-5a35b4e000 r--p 00000000 /system/lib64/platformsdk/libedm_commom.z.so
5a35b4e000-5a35b70000 r-xp 0000d000 /system/lib64/platformsdk/libedm_commom.z.so
5a35b70000-5a35b73000 r--p 0002e000 /system/lib64/platformsdk/libedm_commom.z.so
5a35b73000-5a35b74000 rw-p 00030000 /system/lib64/platformsdk/libedm_commom.z.so
5a35b80000-5a35b99000 r--p 00000000 /system/lib64/platformsdk/libnet_conn_manager_if.z.so
5a35b99000-5a35bbd000 r-xp 00018000 /system/lib64/platformsdk/libnet_conn_manager_if.z.so
5a35bbd000-5a35bc8000 r--p 0003b000 /system/lib64/platformsdk/libnet_conn_manager_if.z.so
5a35bc8000-5a35bc9000 rw-p 00045000 /system/lib64/platformsdk/libnet_conn_manager_if.z.so
5a35c00000-5a35c08000 r--p 00000000 /system/lib64/platformsdk/libnapi_edm_common.z.so
5a35c08000-5a35c15000 r-xp 00007000 /system/lib64/platformsdk/libnapi_edm_common.z.so
5a35c15000-5a35c16000 r--p 00013000 /system/lib64/platformsdk/libnapi_edm_common.z.so
5a35c16000-5a35c17000 rw-p 00013000 /system/lib64/platformsdk/libnapi_edm_common.z.so
5a35c40000-5a35c4a000 r--p 00000000 /system/lib64/extensionability/libfaultlogextension.z.so
5a35c4a000-5a35c56000 r-xp 00009000 /system/lib64/extensionability/libfaultlogextension.z.so
5a35c56000-5a35c5a000 r--p 00014000 /system/lib64/extensionability/libfaultlogextension.z.so
5a35c5a000-5a35c5b000 rw-p 00017000 /system/lib64/extensionability/libfaultlogextension.z.so
5a35c80000-5a35c8d000 r--p 00000000 /system/lib64/extensionability/libfence_extension_ability.z.so
5a35c8d000-5a35c99000 r-xp 0000c000 /system/lib64/extensionability/libfence_extension_ability.z.so
5a35c99000-5a35c9c000 r--p 00017000 /system/lib64/extensionability/libfence_extension_ability.z.so
5a35c9c000-5a35c9d000 rw-p 00019000 /system/lib64/extensionability/libfence_extension_ability.z.so
5a35cc0000-5a35ce4000 r--p 00000000 /system/lib64/platformsdk/libfile_access_extension_ability_kit.z.so
5a35ce4000-5a35d57000 r-xp 00023000 /system/lib64/platformsdk/libfile_access_extension_ability_kit.z.so
5a35d57000-5a35d63000 r--p 00095000 /system/lib64/platformsdk/libfile_access_extension_ability_kit.z.so
5a35d63000-5a35d64000 rw-p 000a0000 /system/lib64/platformsdk/libfile_access_extension_ability_kit.z.so
5a35d64000-5a35d66000 rw-p 00000000 [anon:libfile_access_extension_ability_kit.z.so.bss]
5a35d80000-5a35d82000 r--p 00000000 /system/lib64/extensionability/libfile_access_extension_ability_module.z.so
5a35d82000-5a35d86000 r-xp 00001000 /system/lib64/extensionability/libfile_access_extension_ability_module.z.so
5a35d86000-5a35d87000 r--p 00004000 /system/lib64/extensionability/libfile_access_extension_ability_module.z.so
5a35d87000-5a35d88000 rw-p 00004000 /system/lib64/extensionability/libfile_access_extension_ability_module.z.so
5a35dc0000-5a35dcb000 r--p 00000000 /system/lib64/libform_edit_extension.z.so
5a35dcb000-5a35dd9000 r-xp 0000a000 /system/lib64/libform_edit_extension.z.so
5a35dd9000-5a35ddb000 r--p 00017000 /system/lib64/libform_edit_extension.z.so
5a35ddb000-5a35ddc000 rw-p 00018000 /system/lib64/libform_edit_extension.z.so
5a35e00000-5a35e02000 r--p 00000000 /system/lib64/extensionability/libform_edit_extension_module.z.so
5a35e02000-5a35e05000 r-xp 00001000 /system/lib64/extensionability/libform_edit_extension_module.z.so
5a35e05000-5a35e06000 r--p 00003000 /system/lib64/extensionability/libform_edit_extension_module.z.so
5a35e06000-5a35e07000 rw-p 00003000 /system/lib64/extensionability/libform_edit_extension_module.z.so
5a35e40000-5a35e41000 r--p 00000000 /system/lib64/extensionability/libform_extension_module.z.so
5a35e41000-5a35e43000 r-xp 00000000 /system/lib64/extensionability/libform_extension_module.z.so
5a35e43000-5a35e44000 r--p 00001000 /system/lib64/extensionability/libform_extension_module.z.so
5a35e44000-5a35e45000 rw-p 00001000 /system/lib64/extensionability/libform_extension_module.z.so
5a35e80000-5a35e97000 r--p 00000000 /system/lib64/libform_extension.z.so
5a35e97000-5a35eb7000 r-xp 00016000 /system/lib64/libform_extension.z.so
5a35eb7000-5a35ebb000 r--p 00035000 /system/lib64/libform_extension.z.so
5a35ebb000-5a35ebc000 rw-p 00038000 /system/lib64/libform_extension.z.so
5a35ec0000-5a35ec7000 r--p 00000000 /system/lib64/platformsdk/libformutil_napi.z.so
5a35ec7000-5a35eda000 r-xp 00006000 /system/lib64/platformsdk/libformutil_napi.z.so
5a35eda000-5a35edb000 r--p 00018000 /system/lib64/platformsdk/libformutil_napi.z.so
5a35edb000-5a35edc000 rw-p 00018000 /system/lib64/platformsdk/libformutil_napi.z.so
5a35edc000-5a35edd000 rw-p 00000000 [anon:libformutil_napi.z.so.bss]
5a35f00000-5a35f22000 r--p 00000000 /system/lib64/libinputmethod_extension.z.so
5a35f22000-5a35f50000 r-xp 00021000 /system/lib64/libinputmethod_extension.z.so
5a35f50000-5a35f56000 r--p 0004e000 /system/lib64/libinputmethod_extension.z.so
5a35f56000-5a35f57000 rw-p 00053000 /system/lib64/libinputmethod_extension.z.so
5a35f57000-5a35f58000 rw-p 00000000 [anon:libinputmethod_extension.z.so.bss]
5a35f80000-5a35faf000 r--p 00000000 /system/lib64/platformsdk/libinputmethod_ability.z.so
5a35faf000-5a36012000 r-xp 0002e000 /system/lib64/platformsdk/libinputmethod_ability.z.so
5a36012000-5a3601f000 r--p 00090000 /system/lib64/platformsdk/libinputmethod_ability.z.so
5a3601f000-5a36020000 rw-p 0009c000 /system/lib64/platformsdk/libinputmethod_ability.z.so
5a36020000-5a36021000 rw-p 00000000 [anon:libinputmethod_ability.z.so.bss]
5a36040000-5a36042000 r--p 00000000 /system/lib64/extensionability/libinputmethod_extension_module.z.so
5a36042000-5a36045000 r-xp 00001000 /system/lib64/extensionability/libinputmethod_extension_module.z.so
5a36045000-5a36046000 r--p 00003000 /system/lib64/extensionability/libinputmethod_extension_module.z.so
5a36046000-5a36047000 rw-p 00003000 /system/lib64/extensionability/libinputmethod_extension_module.z.so
5a36080000-5a36082000 r--p 00000000 /system/lib64/extensionability/libinsight_intent_ui_extension_module.z.so
5a36082000-5a36083000 r-xp 00001000 /system/lib64/extensionability/libinsight_intent_ui_extension_module.z.so
5a36083000-5a36084000 r--p 00001000 /system/lib64/extensionability/libinsight_intent_ui_extension_module.z.so
5a36084000-5a36085000 rw-p 00001000 /system/lib64/extensionability/libinsight_intent_ui_extension_module.z.so
5a360c0000-5a360c5000 r--p 00000000 /system/lib64/libinsight_intent_ui_extension.z.so
5a360c5000-5a360ca000 r-xp 00004000 /system/lib64/libinsight_intent_ui_extension.z.so
5a360ca000-5a360cb000 r--p 00008000 /system/lib64/libinsight_intent_ui_extension.z.so
5a360cb000-5a360cc000 rw-p 00008000 /system/lib64/libinsight_intent_ui_extension.z.so
5a36100000-5a36102000 r--p 00000000 /system/lib64/extensionability/liblive_form_extension_module.z.so
5a36102000-5a36105000 r-xp 00001000 /system/lib64/extensionability/liblive_form_extension_module.z.so
5a36105000-5a36106000 r--p 00003000 /system/lib64/extensionability/liblive_form_extension_module.z.so
5a36106000-5a36107000 rw-p 00003000 /system/lib64/extensionability/liblive_form_extension_module.z.so
5a36140000-5a3614c000 r--p 00000000 /system/lib64/liblive_form_extension.z.so
5a3614c000-5a3615d000 r-xp 0000b000 /system/lib64/liblive_form_extension.z.so
5a3615d000-5a3615f000 r--p 0001b000 /system/lib64/liblive_form_extension.z.so
5a3615f000-5a36160000 rw-p 0001c000 /system/lib64/liblive_form_extension.z.so
5a36160000-5a36161000 rw-p 00000000 [anon:liblive_form_extension.z.so.bss]
5a36180000-5a3618b000 r--p 00000000 /system/lib64/extensionability/libliveview_lockscreen_extension.z.so
5a3618b000-5a36197000 r-xp 0000a000 /system/lib64/extensionability/libliveview_lockscreen_extension.z.so
5a36197000-5a36199000 r--p 00015000 /system/lib64/extensionability/libliveview_lockscreen_extension.z.so
5a36199000-5a3619a000 rw-p 00016000 /system/lib64/extensionability/libliveview_lockscreen_extension.z.so
5a3619a000-5a3619b000 rw-p 00000000 [anon:libliveview_lockscreen_extension.z.so.bss]
5a361c0000-5a36255000 r--p 00000000 /system/lib64/libans_innerkits.z.so
5a36255000-5a36360000 r-xp 00094000 /system/lib64/libans_innerkits.z.so
5a36360000-5a3637a000 r--p 0019e000 /system/lib64/libans_innerkits.z.so
5a3637a000-5a3637c000 rw-p 001b7000 /system/lib64/libans_innerkits.z.so
5a36380000-5a36384000 r--p 00000000 /system/lib64/libnotification_subscriber_ipc.z.so
5a36384000-5a36389000 r-xp 00003000 /system/lib64/libnotification_subscriber_ipc.z.so
5a36389000-5a3638b000 r--p 00007000 /system/lib64/libnotification_subscriber_ipc.z.so
5a3638b000-5a3638c000 rw-p 00008000 /system/lib64/libnotification_subscriber_ipc.z.so
5a363c0000-5a363c3000 r--p 00000000 /system/lib64/extensionability/libnotification_subscriber_extension_module.z.so
5a363c3000-5a363c6000 r-xp 00002000 /system/lib64/extensionability/libnotification_subscriber_extension_module.z.so
5a363c6000-5a363c7000 r--p 00004000 /system/lib64/extensionability/libnotification_subscriber_extension_module.z.so
5a363c7000-5a363c8000 rw-p 00004000 /system/lib64/extensionability/libnotification_subscriber_extension_module.z.so
5a36400000-5a36411000 r--p 00000000 /system/lib64/libnotification_subscriber_extension.z.so
5a36411000-5a36427000 r-xp 00010000 /system/lib64/libnotification_subscriber_extension.z.so
5a36427000-5a3642a000 r--p 00025000 /system/lib64/libnotification_subscriber_extension.z.so
5a3642a000-5a3642b000 rw-p 00027000 /system/lib64/libnotification_subscriber_extension.z.so
5a36440000-5a36444000 r--p 00000000 /system/lib64/libpartner_device_agent_proxy.z.so
5a36444000-5a36449000 r-xp 00003000 /system/lib64/libpartner_device_agent_proxy.z.so
5a36449000-5a3644b000 r--p 00007000 /system/lib64/libpartner_device_agent_proxy.z.so
5a3644b000-5a3644c000 rw-p 00008000 /system/lib64/libpartner_device_agent_proxy.z.so
5a36480000-5a3648c000 r--p 00000000 /system/lib64/libpartner_agent_extension.z.so
5a3648c000-5a36497000 r-xp 0000b000 /system/lib64/libpartner_agent_extension.z.so
5a36497000-5a3649a000 r--p 00015000 /system/lib64/libpartner_agent_extension.z.so
5a3649a000-5a3649b000 rw-p 00017000 /system/lib64/libpartner_agent_extension.z.so
5a364c0000-5a364c4000 r--p 00000000 /system/lib64/libpartner_agent_extension_ipc.z.so
5a364c4000-5a364c8000 r-xp 00003000 /system/lib64/libpartner_agent_extension_ipc.z.so
5a364c8000-5a364cb000 r--p 00006000 /system/lib64/libpartner_agent_extension_ipc.z.so
5a364cb000-5a364cc000 rw-p 00008000 /system/lib64/libpartner_agent_extension_ipc.z.so
5a36500000-5a36503000 r--p 00000000 /system/lib64/extensionability/libpartner_agent_extension_module.z.so
5a36503000-5a36506000 r-xp 00002000 /system/lib64/extensionability/libpartner_agent_extension_module.z.so
5a36506000-5a36507000 r--p 00004000 /system/lib64/extensionability/libpartner_agent_extension_module.z.so
5a36507000-5a36508000 rw-p 00004000 /system/lib64/extensionability/libpartner_agent_extension_module.z.so
5a36540000-5a3654d000 r--p 00000000 /system/lib64/libphoto_editor_extension.z.so
5a3654d000-5a3655d000 r-xp 0000c000 /system/lib64/libphoto_editor_extension.z.so
5a3655d000-5a3655f000 r--p 0001b000 /system/lib64/libphoto_editor_extension.z.so
5a3655f000-5a36560000 rw-p 0001c000 /system/lib64/libphoto_editor_extension.z.so
5a36580000-5a36582000 r--p 00000000 /system/lib64/extensionability/libphoto_editor_extension_module.z.so
5a36582000-5a36585000 r-xp 00001000 /system/lib64/extensionability/libphoto_editor_extension_module.z.so
5a36585000-5a36586000 r--p 00003000 /system/lib64/extensionability/libphoto_editor_extension_module.z.so
5a36586000-5a36587000 rw-p 00003000 /system/lib64/extensionability/libphoto_editor_extension_module.z.so
5a365c0000-5a365dd000 r--p 00000000 /system/lib64/platformsdk/libprint_client.z.so
5a365dd000-5a3661a000 r-xp 0001c000 /system/lib64/platformsdk/libprint_client.z.so
5a3661a000-5a36624000 r--p 00058000 /system/lib64/platformsdk/libprint_client.z.so
5a36624000-5a36625000 rw-p 00062000 /system/lib64/platformsdk/libprint_client.z.so
5a36625000-5a3662c000 rw-p 00000000 [anon:libprint_client.z.so.bss]
5a36640000-5a36642000 r--p 00000000 /system/lib64/extensionability/libprint_extension_module.z.so
5a36642000-5a36645000 r-xp 00001000 /system/lib64/extensionability/libprint_extension_module.z.so
5a36645000-5a36646000 r--p 00003000 /system/lib64/extensionability/libprint_extension_module.z.so
5a36646000-5a36647000 rw-p 00003000 /system/lib64/extensionability/libprint_extension_module.z.so
5a36680000-5a366b2000 r--p 00000000 /system/lib64/chipset-sdk/libssl_openssl.z.so
5a366b2000-5a36703000 r-xp 00031000 /system/lib64/chipset-sdk/libssl_openssl.z.so
5a36703000-5a3670e000 r--p 00081000 /system/lib64/chipset-sdk/libssl_openssl.z.so
5a3670e000-5a36713000 rw-p 0008b000 /system/lib64/chipset-sdk/libssl_openssl.z.so
5a36740000-5a36763000 r--p 00000000 /system/lib64/libcups.z.so
5a36763000-5a367c4000 r-xp 00022000 /system/lib64/libcups.z.so
5a367c4000-5a367cc000 r--p 00082000 /system/lib64/libcups.z.so
5a367cc000-5a367cd000 rw-p 00089000 /system/lib64/libcups.z.so
5a36800000-5a36819000 r--p 00000000 /system/lib64/platformsdk/libprint_models.z.so
5a36819000-5a36868000 r-xp 00018000 /system/lib64/platformsdk/libprint_models.z.so
5a36868000-5a3686c000 r--p 00066000 /system/lib64/platformsdk/libprint_models.z.so
5a3686c000-5a3686d000 rw-p 00069000 /system/lib64/platformsdk/libprint_models.z.so
5a3686d000-5a36875000 rw-p 00000000 [anon:libprint_models.z.so.bss]
5a36880000-5a36899000 r--p 00000000 /system/lib64/libprint_extension_framework.z.so
5a36899000-5a368c0000 r-xp 00018000 /system/lib64/libprint_extension_framework.z.so
5a368c0000-5a368c4000 r--p 0003e000 /system/lib64/libprint_extension_framework.z.so
5a368c4000-5a368c5000 rw-p 00041000 /system/lib64/libprint_extension_framework.z.so
5a368c5000-5a368ca000 rw-p 00000000 [anon:libprint_extension_framework.z.so.bss]
5a36900000-5a36912000 r--p 00000000 /system/lib64/platformsdk/libprint_helper.z.so
5a36912000-5a36941000 r-xp 00011000 /system/lib64/platformsdk/libprint_helper.z.so
5a36941000-5a36944000 r--p 0003f000 /system/lib64/platformsdk/libprint_helper.z.so
5a36944000-5a36945000 rw-p 00041000 /system/lib64/platformsdk/libprint_helper.z.so
5a36945000-5a36951000 rw-p 00000000 [anon:libprint_helper.z.so.bss]
5a36980000-5a36988000 r--p 00000000 /system/lib64/extensionability/libpush_extension.z.so
5a36988000-5a36990000 r-xp 00007000 /system/lib64/extensionability/libpush_extension.z.so
5a36990000-5a36992000 r--p 0000e000 /system/lib64/extensionability/libpush_extension.z.so
5a36992000-5a36993000 rw-p 0000f000 /system/lib64/extensionability/libpush_extension.z.so
5a36993000-5a36994000 rw-p 00000000 [anon:libpush_extension.z.so.bss]
5a369c0000-5a369cc000 r--p 00000000 /system/lib64/libpush_fwk_base.z.so
5a369cc000-5a369d9000 r-xp 0000b000 /system/lib64/libpush_fwk_base.z.so
5a369d9000-5a369db000 r--p 00017000 /system/lib64/libpush_fwk_base.z.so
5a369db000-5a369dc000 rw-p 00018000 /system/lib64/libpush_fwk_base.z.so
5a36a00000-5a36a26000 r--p 00000000 /system/lib64/libpush_utils_common.z.so
5a36a26000-5a36a5d000 r-xp 00025000 /system/lib64/libpush_utils_common.z.so
5a36a5d000-5a36a62000 r--p 0005b000 /system/lib64/libpush_utils_common.z.so
5a36a62000-5a36a63000 rw-p 0005f000 /system/lib64/libpush_utils_common.z.so
5a36a63000-5a36a64000 rw-p 00000000 [anon:libpush_utils_common.z.so.bss]
5a36a80000-5a36a91000 r--p 00000000 /system/lib64/libdevice_cert_mgr_sdk.z.so
5a36a91000-5a36aa2000 r-xp 00010000 /system/lib64/libdevice_cert_mgr_sdk.z.so
5a36aa2000-5a36aab000 r--p 00020000 /system/lib64/libdevice_cert_mgr_sdk.z.so
5a36aab000-5a36aac000 rw-p 00028000 /system/lib64/libdevice_cert_mgr_sdk.z.so
5a36ac0000-5a36ac9000 r--p 00000000 /system/lib64/extensionability/libremote_location_extension.z.so
5a36ac9000-5a36ad0000 r-xp 00008000 /system/lib64/extensionability/libremote_location_extension.z.so
5a36ad0000-5a36ad2000 r--p 0000e000 /system/lib64/extensionability/libremote_location_extension.z.so
5a36ad2000-5a36ad3000 rw-p 0000f000 /system/lib64/extensionability/libremote_location_extension.z.so
5a36ad3000-5a36ad4000 rw-p 00000000 [anon:libremote_location_extension.z.so.bss]
5a36b00000-5a36b0c000 r--p 00000000 /system/lib64/extensionability/libremote_notification_extension.z.so
5a36b0c000-5a36b19000 r-xp 0000b000 /system/lib64/extensionability/libremote_notification_extension.z.so
5a36b19000-5a36b1c000 r--p 00017000 /system/lib64/extensionability/libremote_notification_extension.z.so
5a36b1c000-5a36b1d000 rw-p 00019000 /system/lib64/extensionability/libremote_notification_extension.z.so
5a36b1d000-5a36b1e000 rw-p 00000000 [anon:libremote_notification_extension.z.so.bss]
5a36b40000-5a36b41000 r--p 00000000 /system/lib64/extensionability/libservice_extension_module.z.so
5a36b41000-5a36b43000 r-xp 00000000 /system/lib64/extensionability/libservice_extension_module.z.so
5a36b43000-5a36b44000 r--p 00001000 /system/lib64/extensionability/libservice_extension_module.z.so
5a36b44000-5a36b45000 rw-p 00001000 /system/lib64/extensionability/libservice_extension_module.z.so
5a36b80000-5a36b85000 r--p 00000000 /system/lib64/libshare_extension.z.so
5a36b85000-5a36b89000 r-xp 00004000 /system/lib64/libshare_extension.z.so
5a36b89000-5a36b8b000 r--p 00007000 /system/lib64/libshare_extension.z.so
5a36b8b000-5a36b8c000 rw-p 00008000 /system/lib64/libshare_extension.z.so
5a36bc0000-5a36bc1000 r--p 00000000 /system/lib64/extensionability/libshare_extension_module.z.so
5a36bc1000-5a36bc3000 r-xp 00000000 /system/lib64/extensionability/libshare_extension_module.z.so
5a36bc3000-5a36bc4000 r--p 00001000 /system/lib64/extensionability/libshare_extension_module.z.so
5a36bc4000-5a36bc5000 rw-p 00001000 /system/lib64/extensionability/libshare_extension_module.z.so
5a36c00000-5a36c03000 r--p 00000000 /system/lib64/extensionability/libstatic_subscriber_extension_module.z.so
5a36c03000-5a36c06000 r-xp 00002000 /system/lib64/extensionability/libstatic_subscriber_extension_module.z.so
5a36c06000-5a36c07000 r--p 00004000 /system/lib64/extensionability/libstatic_subscriber_extension_module.z.so
5a36c07000-5a36c08000 rw-p 00004000 /system/lib64/extensionability/libstatic_subscriber_extension_module.z.so
5a36c40000-5a36c4c000 r--p 00000000 /system/lib64/libstatic_subscriber_extension.z.so
5a36c4c000-5a36c56000 r-xp 0000b000 /system/lib64/libstatic_subscriber_extension.z.so
5a36c56000-5a36c59000 r--p 00014000 /system/lib64/libstatic_subscriber_extension.z.so
5a36c59000-5a36c5a000 rw-p 00016000 /system/lib64/libstatic_subscriber_extension.z.so
5a36c80000-5a36c84000 r--p 00000000 /system/lib64/libstatic_subscriber_ipc.z.so
5a36c84000-5a36c87000 r-xp 00003000 /system/lib64/libstatic_subscriber_ipc.z.so
5a36c87000-5a36c89000 r--p 00005000 /system/lib64/libstatic_subscriber_ipc.z.so
5a36c89000-5a36c8a000 rw-p 00006000 /system/lib64/libstatic_subscriber_ipc.z.so
5a36c8a000-5a36c8b000 rw-p 00000000 [anon:libstatic_subscriber_ipc.z.so.bss]
5a36cc0000-5a36cc4000 r--p 00000000 /system/lib64/extensionability/libstatusbar_view_extension.z.so
5a36cc4000-5a36cca000 r-xp 00003000 /system/lib64/extensionability/libstatusbar_view_extension.z.so
5a36cca000-5a36ccc000 r--p 00008000 /system/lib64/extensionability/libstatusbar_view_extension.z.so
5a36ccc000-5a36ccd000 rw-p 00009000 /system/lib64/extensionability/libstatusbar_view_extension.z.so
5a36d00000-5a36d03000 r--p 00000000 /system/lib64/extensionability/libtime_guard_extension_module.z.so
5a36d03000-5a36d07000 r-xp 00002000 /system/lib64/extensionability/libtime_guard_extension_module.z.so
5a36d07000-5a36d09000 r--p 00005000 /system/lib64/extensionability/libtime_guard_extension_module.z.so
5a36d09000-5a36d0a000 rw-p 00006000 /system/lib64/extensionability/libtime_guard_extension_module.z.so
5a36d40000-5a36d46000 r--p 00000000 /system/lib64/libtime_guard_extension.z.so
5a36d46000-5a36d4e000 r-xp 00005000 /system/lib64/libtime_guard_extension.z.so
5a36d4e000-5a36d51000 r--p 0000c000 /system/lib64/libtime_guard_extension.z.so
5a36d51000-5a36d52000 rw-p 0000e000 /system/lib64/libtime_guard_extension.z.so
5a36d80000-5a36d81000 r--p 00000000 /system/lib64/extensionability/libui_extension_module.z.so
5a36d81000-5a36d83000 r-xp 00000000 /system/lib64/extensionability/libui_extension_module.z.so
5a36d83000-5a36d84000 r--p 00001000 /system/lib64/extensionability/libui_extension_module.z.so
5a36d84000-5a36d85000 rw-p 00001000 /system/lib64/extensionability/libui_extension_module.z.so
5a36dc0000-5a36dd7000 r--p 00000000 /system/lib64/libui_service_extension.z.so
5a36dd7000-5a36dec000 r-xp 00016000 /system/lib64/libui_service_extension.z.so
5a36dec000-5a36df0000 r--p 0002a000 /system/lib64/libui_service_extension.z.so
5a36df0000-5a36df1000 rw-p 0002d000 /system/lib64/libui_service_extension.z.so
5a36df1000-5a36df2000 rw-p 00000000 [anon:libui_service_extension.z.so.bss]
5a36e00000-5a36e02000 r--p 00000000 /system/lib64/extensionability/libui_service_extension_module.z.so
5a36e02000-5a36e05000 r-xp 00001000 /system/lib64/extensionability/libui_service_extension_module.z.so
5a36e05000-5a36e06000 r--p 00003000 /system/lib64/extensionability/libui_service_extension_module.z.so
5a36e06000-5a36e07000 rw-p 00003000 /system/lib64/extensionability/libui_service_extension_module.z.so
5a36e40000-5a36e42000 r--p 00000000 /system/lib64/extensionability/libuser_auth_extension_module.z.so
5a36e42000-5a36e45000 r-xp 00001000 /system/lib64/extensionability/libuser_auth_extension_module.z.so
5a36e45000-5a36e46000 r--p 00003000 /system/lib64/extensionability/libuser_auth_extension_module.z.so
5a36e46000-5a36e47000 rw-p 00003000 /system/lib64/extensionability/libuser_auth_extension_module.z.so
5a36e80000-5a36e85000 r--p 00000000 /system/lib64/libuser_auth_extension.z.so
5a36e85000-5a36e8b000 r-xp 00004000 /system/lib64/libuser_auth_extension.z.so
5a36e8b000-5a36e8d000 r--p 00009000 /system/lib64/libuser_auth_extension.z.so
5a36e8d000-5a36e8e000 rw-p 0000a000 /system/lib64/libuser_auth_extension.z.so
5a36ec0000-5a36ec7000 r--p 00000000 /system/lib64/extensionability/libvoip_extension.z.so
5a36ec7000-5a36ecd000 r-xp 00006000 /system/lib64/extensionability/libvoip_extension.z.so
5a36ecd000-5a36ed0000 r--p 0000b000 /system/lib64/extensionability/libvoip_extension.z.so
5a36ed0000-5a36ed1000 rw-p 0000d000 /system/lib64/extensionability/libvoip_extension.z.so
5a36f00000-5a36f02000 r--p 00000000 /system/lib64/extensionability/libvpn_extension_module.z.so
5a36f02000-5a36f05000 r-xp 00001000 /system/lib64/extensionability/libvpn_extension_module.z.so
5a36f05000-5a36f06000 r--p 00003000 /system/lib64/extensionability/libvpn_extension_module.z.so
5a36f06000-5a36f07000 rw-p 00003000 /system/lib64/extensionability/libvpn_extension_module.z.so
5a36f40000-5a36f4a000 r--p 00000000 /system/lib64/platformsdk/libnapi_utils.z.so
5a36f4a000-5a36f54000 r-xp 00009000 /system/lib64/platformsdk/libnapi_utils.z.so
5a36f54000-5a36f56000 r--p 00012000 /system/lib64/platformsdk/libnapi_utils.z.so
5a36f56000-5a36f57000 rw-p 00013000 /system/lib64/platformsdk/libnapi_utils.z.so
5a36f80000-5a36f8f000 r--p 00000000 /system/lib64/libvpn_extension.z.so
5a36f8f000-5a36f9d000 r-xp 0000e000 /system/lib64/libvpn_extension.z.so
5a36f9d000-5a36fa0000 r--p 0001b000 /system/lib64/libvpn_extension.z.so
5a36fa0000-5a36fa1000 rw-p 0001d000 /system/lib64/libvpn_extension.z.so
5a36fc0000-5a36fcf000 r--p 00000000 /system/lib64/libwallpaperextensionability.z.so
5a36fcf000-5a36fe1000 r-xp 0000e000 /system/lib64/libwallpaperextensionability.z.so
5a36fe1000-5a36fe4000 r--p 0001f000 /system/lib64/libwallpaperextensionability.z.so
5a36fe4000-5a36fe5000 rw-p 00021000 /system/lib64/libwallpaperextensionability.z.so
5a36fe5000-5a36fe6000 rw-p 00000000 [anon:libwallpaperextensionability.z.so.bss]
5a37000000-5a37002000 r--p 00000000 /system/lib64/extensionability/libwallpaper_extension_module.z.so
5a37002000-5a37005000 r-xp 00001000 /system/lib64/extensionability/libwallpaper_extension_module.z.so
5a37005000-5a37006000 r--p 00003000 /system/lib64/extensionability/libwallpaper_extension_module.z.so
5a37006000-5a37007000 rw-p 00003000 /system/lib64/extensionability/libwallpaper_extension_module.z.so
5a37040000-5a37046000 r--p 00000000 /system/lib64/platformsdk/libwallpaper_utils.z.so
5a37046000-5a3704b000 r-xp 00005000 /system/lib64/platformsdk/libwallpaper_utils.z.so
5a3704b000-5a3704d000 r--p 00009000 /system/lib64/platformsdk/libwallpaper_utils.z.so
5a3704d000-5a3704e000 rw-p 0000a000 /system/lib64/platformsdk/libwallpaper_utils.z.so
5a37080000-5a3708e000 r--p 00000000 /system/lib64/platformsdk/libwallpapermanager.z.so
5a3708e000-5a3709e000 r-xp 0000d000 /system/lib64/platformsdk/libwallpapermanager.z.so
5a3709e000-5a370a4000 r--p 0001c000 /system/lib64/platformsdk/libwallpapermanager.z.so
5a370a4000-5a370a5000 rw-p 00021000 /system/lib64/platformsdk/libwallpapermanager.z.so
5a370c0000-5a370c9000 r--p 00000000 /system/lib64/libwebview_common.z.so
5a370c9000-5a370d0000 r-xp 00008000 /system/lib64/libwebview_common.z.so
5a370d0000-5a370d1000 r--p 0000e000 /system/lib64/libwebview_common.z.so
5a370d1000-5a370d2000 rw-p 0000e000 /system/lib64/libwebview_common.z.so
5a370d2000-5a370d3000 rw-p 00000000 [anon:libwebview_common.z.so.bss]
5a37100000-5a37102000 r--p 00000000 /system/lib64/extensionability/libweb_native_messaging_extension_module.z.so
5a37102000-5a37105000 r-xp 00001000 /system/lib64/extensionability/libweb_native_messaging_extension_module.z.so
5a37105000-5a37106000 r--p 00003000 /system/lib64/extensionability/libweb_native_messaging_extension_module.z.so
5a37106000-5a37107000 rw-p 00003000 /system/lib64/extensionability/libweb_native_messaging_extension_module.z.so
5a37140000-5a37148000 r--p 00000000 /system/lib64/ndk/libohweb.so
5a37148000-5a37156000 r-xp 00007000 /system/lib64/ndk/libohweb.so
5a37156000-5a37157000 r--p 00014000 /system/lib64/ndk/libohweb.so
5a37157000-5a37158000 rw-p 00014000 /system/lib64/ndk/libohweb.so
5a37180000-5a37191000 r--p 00000000 /system/lib64/libweb_extension.z.so
5a37191000-5a371a7000 r-xp 00010000 /system/lib64/libweb_extension.z.so
5a371a7000-5a371ab000 r--p 00025000 /system/lib64/libweb_extension.z.so
5a371ab000-5a371ac000 rw-p 00028000 /system/lib64/libweb_extension.z.so
5a371c0000-5a371c9000 r--p 00000000 /system/lib64/platformsdk/libweb_native_messaging_kit.z.so
5a371c9000-5a371d3000 r-xp 00008000 /system/lib64/platformsdk/libweb_native_messaging_kit.z.so
5a371d3000-5a371d9000 r--p 00011000 /system/lib64/platformsdk/libweb_native_messaging_kit.z.so
5a371d9000-5a371da000 rw-p 00016000 /system/lib64/platformsdk/libweb_native_messaging_kit.z.so
5a37200000-5a37202000 r--p 00000000 /system/lib64/extensionability/libwindow_extension_module.z.so
5a37202000-5a37205000 r-xp 00001000 /system/lib64/extensionability/libwindow_extension_module.z.so
5a37205000-5a37206000 r--p 00003000 /system/lib64/extensionability/libwindow_extension_module.z.so
5a37206000-5a37207000 rw-p 00003000 /system/lib64/extensionability/libwindow_extension_module.z.so
5a37240000-5a37250000 r--p 00000000 /system/lib64/libwindow_extension.z.so
5a37250000-5a37262000 r-xp 0000f000 /system/lib64/libwindow_extension.z.so
5a37262000-5a37266000 r--p 00020000 /system/lib64/libwindow_extension.z.so
5a37266000-5a37267000 rw-p 00023000 /system/lib64/libwindow_extension.z.so
5a37280000-5a37293000 r--p 00000000 /system/lib64/extensionability/libworkschedextension.z.so
5a37293000-5a372b0000 r-xp 00012000 /system/lib64/extensionability/libworkschedextension.z.so
5a372b0000-5a372b5000 r--p 0002e000 /system/lib64/extensionability/libworkschedextension.z.so
5a372b5000-5a372b7000 rw-p 00032000 /system/lib64/extensionability/libworkschedextension.z.so
5a372c0000-5a372ce000 r--p 00000000 /system/lib64/platformsdk/libworkschedclient.z.so
5a372ce000-5a372e3000 r-xp 0000d000 /system/lib64/platformsdk/libworkschedclient.z.so
5a372e3000-5a372e6000 r--p 00021000 /system/lib64/platformsdk/libworkschedclient.z.so
5a372e6000-5a372e7000 rw-p 00023000 /system/lib64/platformsdk/libworkschedclient.z.so
5a372e7000-5a375e7000 r--s 00000000 /dev/__parameters__/u:object_r:startup_appspawn_param:s0
5a37600000-5a37603000 r--p 00000000 /system/lib64/libframe_ui_intf.z.so
5a37603000-5a37606000 r-xp 00002000 /system/lib64/libframe_ui_intf.z.so
5a37606000-5a37607000 r--p 00004000 /system/lib64/libframe_ui_intf.z.so
5a37607000-5a37608000 rw-p 00004000 /system/lib64/libframe_ui_intf.z.so
5a37640000-5a37643000 r--p 00000000 /system/lib64/libthp_extra_innerapi.z.so
5a37643000-5a37646000 r-xp 00002000 /system/lib64/libthp_extra_innerapi.z.so
5a37646000-5a37648000 r--p 00004000 /system/lib64/libthp_extra_innerapi.z.so
5a37648000-5a37649000 rw-p 00005000 /system/lib64/libthp_extra_innerapi.z.so
5a37680000-5a37687000 r--p 00000000 /system/lib64/chipset-sdk/libthp_proxy_1.0.z.so
5a37687000-5a3768d000 r-xp 00006000 /system/lib64/chipset-sdk/libthp_proxy_1.0.z.so
5a3768d000-5a37690000 r--p 0000b000 /system/lib64/chipset-sdk/libthp_proxy_1.0.z.so
5a37690000-5a37691000 rw-p 0000d000 /system/lib64/chipset-sdk/libthp_proxy_1.0.z.so
5a376c0000-5a376c9000 r--p 00000000 /system/lib64/chipset-sdk/libtp_proxy_1.1.z.so
5a376c9000-5a376d1000 r-xp 00008000 /system/lib64/chipset-sdk/libtp_proxy_1.1.z.so
5a376d1000-5a376d3000 r--p 0000f000 /system/lib64/chipset-sdk/libtp_proxy_1.1.z.so
5a376d3000-5a376d4000 rw-p 00010000 /system/lib64/chipset-sdk/libtp_proxy_1.1.z.so
5a376d4000-5a376d5000 rw-p 00000000 [anon:libtp_proxy_1.1.z.so.bss]
5a37700000-5a3770c000 r--p 00000000 /system/lib64/chipset-sdk/libtp_proxy_1.0.z.so
5a3770c000-5a3771d000 r-xp 0000b000 /system/lib64/chipset-sdk/libtp_proxy_1.0.z.so
5a3771d000-5a3771f000 r--p 0001b000 /system/lib64/chipset-sdk/libtp_proxy_1.0.z.so
5a3771f000-5a37720000 rw-p 0001c000 /system/lib64/chipset-sdk/libtp_proxy_1.0.z.so
5a37720000-5a37721000 rw-p 00000000 [anon:libtp_proxy_1.0.z.so.bss]
5a37740000-5a37741000 r--p 00000000 /system/lib64/seccomp/libapp_filter.z.so
5a37741000-5a37744000 r-xp 00000000 /system/lib64/seccomp/libapp_filter.z.so
5a37744000-5a37745000 r--p 00002000 /system/lib64/seccomp/libapp_filter.z.so
5a37745000-5a37746000 rw-p 00002000 /system/lib64/seccomp/libapp_filter.z.so
5a37780000-5a37781000 r--p 00000000 /system/lib64/libhidebug.so
5a37781000-5a37782000 r-xp 00000000 /system/lib64/libhidebug.so
5a37782000-5a37784000 r--p 00000000 /system/lib64/libhidebug.so
5a37784000-5a37785000 rw-p 00001000 /system/lib64/libhidebug.so
5a37800000-5a37801000 ---p 00000000 [anon:native_heap:jemalloc meta]
5a37801000-5a37a00000 rw-p 00000000 [anon:native_heap:jemalloc meta]
5a37a00000-5a37a01000 ---p 00000000 [anon:native_heap:jemalloc meta]
5a37a01000-5a37c01000 rw-p 00000000 [anon:native_heap:jemalloc]
5a37c40000-5a37c43000 r--p 00000000 /system/lib64/platformsdk/libhdc_register.z.so
5a37c43000-5a37c47000 r-xp 00002000 /system/lib64/platformsdk/libhdc_register.z.so
5a37c47000-5a37c48000 r--p 00005000 /system/lib64/platformsdk/libhdc_register.z.so
5a37c48000-5a37c49000 rw-p 00005000 /system/lib64/platformsdk/libhdc_register.z.so
5a37c80000-5a37c9a000 r--p 00000000 /system/lib64/platformsdk/libjpegplugin.z.so
5a37c9a000-5a37d0d000 r-xp 00019000 /system/lib64/platformsdk/libjpegplugin.z.so
5a37d0d000-5a37d0f000 r--p 0008b000 /system/lib64/platformsdk/libjpegplugin.z.so
5a37d0f000-5a37d10000 rw-p 0008c000 /system/lib64/platformsdk/libjpegplugin.z.so
5a37d10000-5a37d12000 rw-p 00000000 [anon:libjpegplugin.z.so.bss]
5a37d40000-5a37d48000 r--p 00000000 /system/lib64/platformsdk/libtextureEncoderCL.z.so
5a37d48000-5a37d4d000 r-xp 00007000 /system/lib64/platformsdk/libtextureEncoderCL.z.so
5a37d4d000-5a37d4e000 r--p 0000b000 /system/lib64/platformsdk/libtextureEncoderCL.z.so
5a37d4e000-5a37d4f000 rw-p 0000b000 /system/lib64/platformsdk/libtextureEncoderCL.z.so
5a37d80000-5a37d92000 r--p 00000000 /system/lib64/platformsdk/librawplugin.z.so
5a37d92000-5a37dfe000 r-xp 00011000 /system/lib64/platformsdk/librawplugin.z.so
5a37dfe000-5a37e00000 r--p 0007c000 /system/lib64/platformsdk/librawplugin.z.so
5a37e00000-5a37e01000 rw-p 0007d000 /system/lib64/platformsdk/librawplugin.z.so
5a37e40000-5a37e4c000 r--p 00000000 /system/lib64/platformsdk/libheifimpl.z.so
5a37e4c000-5a37e5c000 r-xp 0000b000 /system/lib64/platformsdk/libheifimpl.z.so
5a37e5c000-5a37e5e000 r--p 0001a000 /system/lib64/platformsdk/libheifimpl.z.so
5a37e5e000-5a37e5f000 rw-p 0001b000 /system/lib64/platformsdk/libheifimpl.z.so
5a37e80000-5a37e8d000 r--p 00000000 /system/lib64/ndk/libnative_drm.so
5a37e8d000-5a37ea0000 r-xp 0000c000 /system/lib64/ndk/libnative_drm.so
5a37ea0000-5a37ea2000 r--p 0001e000 /system/lib64/ndk/libnative_drm.so
5a37ea2000-5a37ea3000 rw-p 0001f000 /system/lib64/ndk/libnative_drm.so
5a37f0a000-5a37f0b000 r--p 00000000 /system/lib64/module/arkcompiler/stub.an
5a37f0b000-5a38d28000 r-xp 00001000 /system/lib64/module/arkcompiler/stub.an
5a38d28000-5a38f09000 r--p 00e1e000 /system/lib64/module/arkcompiler/stub.an
5a38f40000-5a38f41000 r--p 00000000 /system/lib64/libhispeed_string.so
5a38f41000-5a38f44000 r-xp 00000000 /system/lib64/libhispeed_string.so
5a38f44000-5a38f45000 r--p 00002000 /system/lib64/libhispeed_string.so
5a38f45000-5a38f46000 rw-p 00002000 /system/lib64/libhispeed_string.so
5a38f46000-5a39086000 rw-p 00000000 [anon:ArkTS Code:387282054891]
5a390c0000-5a390e1000 r--p 00000000 /system/lib64/libarkui_checkbox.z.so
5a390e1000-5a39145000 r-xp 00020000 /system/lib64/libarkui_checkbox.z.so
5a39145000-5a39151000 r--p 00083000 /system/lib64/libarkui_checkbox.z.so
5a39151000-5a39152000 rw-p 0008e000 /system/lib64/libarkui_checkbox.z.so
5a39152000-5a39153000 rw-p 00000000 [anon:libarkui_checkbox.z.so.bss]
5a39180000-5a39195000 r--p 00000000 /system/lib64/libarkui_rating.z.so
5a39195000-5a391ca000 r-xp 00014000 /system/lib64/libarkui_rating.z.so
5a391ca000-5a391d1000 r--p 00048000 /system/lib64/libarkui_rating.z.so
5a391d1000-5a391d2000 rw-p 0004e000 /system/lib64/libarkui_rating.z.so
5a39200000-5a3921b000 r--p 00000000 /system/lib64/libarkui_gauge.z.so
5a3921b000-5a39269000 r-xp 0001a000 /system/lib64/libarkui_gauge.z.so
5a39269000-5a39272000 r--p 00067000 /system/lib64/libarkui_gauge.z.so
5a39272000-5a39273000 rw-p 0006f000 /system/lib64/libarkui_gauge.z.so
5a39273000-5a39274000 rw-p 00000000 [anon:libarkui_gauge.z.so.bss]
5a39280000-5a3928d000 r--p 00000000 /system/lib64/libarkui_linearsplit.z.so
5a3928d000-5a392ae000 r-xp 0000c000 /system/lib64/libarkui_linearsplit.z.so
5a392ae000-5a392b2000 r--p 0002c000 /system/lib64/libarkui_linearsplit.z.so
5a392b2000-5a392b3000 rw-p 0002f000 /system/lib64/libarkui_linearsplit.z.so
5a392c0000-5a392da000 r--p 00000000 /system/lib64/libarkui_radio.z.so
5a392da000-5a3931b000 r-xp 00019000 /system/lib64/libarkui_radio.z.so
5a3931b000-5a39323000 r--p 00059000 /system/lib64/libarkui_radio.z.so
5a39323000-5a39324000 rw-p 00060000 /system/lib64/libarkui_radio.z.so
5a39324000-5a39325000 rw-p 00000000 [anon:libarkui_radio.z.so.bss]
5a39340000-5a3936a000 r--p 00000000 /system/lib64/libarkui_slider.z.so
5a3936a000-5a393f4000 r-xp 00029000 /system/lib64/libarkui_slider.z.so
5a393f4000-5a39401000 r--p 000b2000 /system/lib64/libarkui_slider.z.so
5a39401000-5a39402000 rw-p 000be000 /system/lib64/libarkui_slider.z.so
5a39402000-5a39403000 rw-p 00000000 [anon:libarkui_slider.z.so.bss]
5a39440000-5a3946c000 r--p 00000000 /system/lib64/libarkui_timepicker.z.so
5a3946c000-5a394fc000 r-xp 0002b000 /system/lib64/libarkui_timepicker.z.so
5a394fc000-5a3950c000 r--p 000ba000 /system/lib64/libarkui_timepicker.z.so
5a3950c000-5a3950d000 rw-p 000c9000 /system/lib64/libarkui_timepicker.z.so
5a3950d000-5a3950f000 rw-p 00000000 [anon:libarkui_timepicker.z.so.bss]
5a39540000-5a39554000 r--p 00000000 /system/lib64/libarkui_folderstack.z.so
5a39554000-5a39577000 r-xp 00013000 /system/lib64/libarkui_folderstack.z.so
5a39577000-5a39582000 r--p 00035000 /system/lib64/libarkui_folderstack.z.so
5a39582000-5a39583000 rw-p 0003f000 /system/lib64/libarkui_folderstack.z.so
5a39583000-5a39584000 rw-p 00000000 [anon:libarkui_folderstack.z.so.bss]
5a395c0000-5a395d7000 r--p 00000000 /system/lib64/libarkui_stepper.z.so
5a395d7000-5a3960d000 r-xp 00016000 /system/lib64/libarkui_stepper.z.so
5a3960d000-5a39618000 r--p 0004b000 /system/lib64/libarkui_stepper.z.so
5a39618000-5a39619000 rw-p 00055000 /system/lib64/libarkui_stepper.z.so
5a39619000-5a3961a000 rw-p 00000000 [anon:libarkui_stepper.z.so.bss]
5a39640000-5a39669000 r--p 00000000 /system/lib64/libarkui_indexer.z.so
5a39669000-5a396f7000 r-xp 00028000 /system/lib64/libarkui_indexer.z.so
5a396f7000-5a39704000 r--p 000b5000 /system/lib64/libarkui_indexer.z.so
5a39704000-5a39705000 rw-p 000c1000 /system/lib64/libarkui_indexer.z.so
5a39705000-5a39706000 rw-p 00000000 [anon:libarkui_indexer.z.so.bss]
5a39740000-5a39755000 r--p 00000000 /system/lib64/libarkui_sidebar.z.so
5a39755000-5a3979a000 r-xp 00014000 /system/lib64/libarkui_sidebar.z.so
5a3979a000-5a3979e000 r--p 00058000 /system/lib64/libarkui_sidebar.z.so
5a3979e000-5a397a0000 rw-p 0005b000 /system/lib64/libarkui_sidebar.z.so
5a397c0000-5a397e1000 r--p 00000000 /system/lib64/libarkui_calendarpicker.z.so
5a397e1000-5a3985b000 r-xp 00020000 /system/lib64/libarkui_calendarpicker.z.so
5a3985b000-5a39868000 r--p 00099000 /system/lib64/libarkui_calendarpicker.z.so
5a39868000-5a39869000 rw-p 000a5000 /system/lib64/libarkui_calendarpicker.z.so
5a39869000-5a3986a000 rw-p 00000000 [anon:libarkui_calendarpicker.z.so.bss]
5a39880000-5a3988b000 r--p 00000000 /system/lib64/platformsdk/libets_environment.z.so
5a3988b000-5a398a2000 r-xp 0000a000 /system/lib64/platformsdk/libets_environment.z.so
5a398a2000-5a398a3000 r--p 00020000 /system/lib64/platformsdk/libets_environment.z.so
5a398a3000-5a398a4000 rw-p 00020000 /system/lib64/platformsdk/libets_environment.z.so
5a398a4000-5a398a5000 rw-p 00000000 [anon:libets_environment.z.so.bss]
5a398c0000-5a398c9000 r--p 00000000 /system/lib64/module/libets_interop_js_napi.z.so
5a398c9000-5a398e6000 r-xp 00008000 /system/lib64/module/libets_interop_js_napi.z.so
5a398e6000-5a398e7000 r--p 00024000 /system/lib64/module/libets_interop_js_napi.z.so
5a398e7000-5a398e8000 rw-p 00024000 /system/lib64/module/libets_interop_js_napi.z.so
5a39900000-5a39940000 r--p 00000000 /system/lib64/platformsdk/libextplugin.z.so
5a39940000-5a399ee000 r-xp 0003f000 /system/lib64/platformsdk/libextplugin.z.so
5a399ee000-5a399f3000 r--p 000ec000 /system/lib64/platformsdk/libextplugin.z.so
5a399f3000-5a399f4000 rw-p 000f0000 /system/lib64/platformsdk/libextplugin.z.so
5a399f4000-5a399f7000 rw-p 00000000 [anon:libextplugin.z.so.bss]
5a39a00000-5a39a08000 r--p 00000000 /system/lib64/ndk/libohcommonevent.so
5a39a08000-5a39a10000 r-xp 00007000 /system/lib64/ndk/libohcommonevent.so
5a39a10000-5a39a11000 r--p 0000e000 /system/lib64/ndk/libohcommonevent.so
5a39a11000-5a39a12000 rw-p 0000e000 /system/lib64/ndk/libohcommonevent.so
5a39a40000-5a39a4b000 r--p 00000000 /system/lib64/libnative_image.so
5a39a4b000-5a39a58000 r-xp 0000a000 /system/lib64/libnative_image.so
5a39a58000-5a39a5a000 r--p 00016000 /system/lib64/libnative_image.so
5a39a5a000-5a39a5b000 rw-p 00017000 /system/lib64/libnative_image.so
5a39a80000-5a39a86000 r--p 00000000 /system/lib64/libhiappevent_ndk.z.so
5a39a86000-5a39a8f000 r-xp 00005000 /system/lib64/libhiappevent_ndk.z.so
5a39a8f000-5a39a91000 r--p 0000d000 /system/lib64/libhiappevent_ndk.z.so
5a39a91000-5a39a92000 rw-p 0000e000 /system/lib64/libhiappevent_ndk.z.so
5a39ac0000-5a39ac1000 r--p 00000000 /system/lib64/ndk/libtime_service_ndk.so
5a39ac1000-5a39ac4000 r-xp 00000000 /system/lib64/ndk/libtime_service_ndk.so
5a39ac4000-5a39ac5000 r--p 00002000 /system/lib64/ndk/libtime_service_ndk.so
5a39ac5000-5a39ac6000 rw-p 00002000 /system/lib64/ndk/libtime_service_ndk.so
5a39b00000-5a39b02000 r--p 00000000 /system/lib64/libavcodec_hiappevent.so
5a39b02000-5a39b06000 r-xp 00001000 /system/lib64/libavcodec_hiappevent.so
5a39b06000-5a39b07000 r--p 00004000 /system/lib64/libavcodec_hiappevent.so
5a39b07000-5a39b08000 rw-p 00004000 /system/lib64/libavcodec_hiappevent.so
5a39b40000-5a39b47000 r--p 00000000 /system/lib64/ndk/libnative_display_manager.so
5a39b47000-5a39b53000 r-xp 00006000 /system/lib64/ndk/libnative_display_manager.so
5a39b53000-5a39b55000 r--p 00011000 /system/lib64/ndk/libnative_display_manager.so
5a39b55000-5a39b56000 rw-p 00012000 /system/lib64/ndk/libnative_display_manager.so
5a39b80000-5a39b85000 r--p 00000000 /system/lib64/ndk/libohhicollie.so
5a39b85000-5a39b8a000 r-xp 00004000 /system/lib64/ndk/libohhicollie.so
5a39b8a000-5a39b8c000 r--p 00008000 /system/lib64/ndk/libohhicollie.so
5a39b8c000-5a39b8d000 rw-p 00009000 /system/lib64/ndk/libohhicollie.so
5a39bc0000-5a39bde000 r--p 00000000 /system/lib64/ndk/libohaudio.so
5a39bde000-5a39c08000 r-xp 0001d000 /system/lib64/ndk/libohaudio.so
5a39c08000-5a39c0b000 r--p 00046000 /system/lib64/ndk/libohaudio.so
5a39c0b000-5a39c0c000 rw-p 00048000 /system/lib64/ndk/libohaudio.so
5a39c0c000-5a39c0d000 rw-p 00000000 [anon:libohaudio.so.bss]
5a39c40000-5a39c43000 r--p 00000000 /system/lib64/ndk/libimage_common.so
5a39c43000-5a39c48000 r-xp 00002000 /system/lib64/ndk/libimage_common.so
5a39c48000-5a39c4a000 r--p 00006000 /system/lib64/ndk/libimage_common.so
5a39c4a000-5a39c4b000 rw-p 00007000 /system/lib64/ndk/libimage_common.so
5a39c80000-5a39c84000 r--p 00000000 /system/lib64/ndk/libnative_media_acodec.so
5a39c84000-5a39c89000 r-xp 00003000 /system/lib64/ndk/libnative_media_acodec.so
5a39c89000-5a39c8b000 r--p 00007000 /system/lib64/ndk/libnative_media_acodec.so
5a39c8b000-5a39c8c000 rw-p 00008000 /system/lib64/ndk/libnative_media_acodec.so
5a39cc0000-5a39cc4000 r--p 00000000 /system/lib64/libnative_media_vdec.so
5a39cc4000-5a39ccb000 r-xp 00003000 /system/lib64/libnative_media_vdec.so
5a39ccb000-5a39ccd000 r--p 00009000 /system/lib64/libnative_media_vdec.so
5a39ccd000-5a39cce000 rw-p 0000a000 /system/lib64/libnative_media_vdec.so
5a39d00000-5a39d01000 r--p 00000000 /system/lib64/ndk/libnative_color_space_manager.so
5a39d01000-5a39d03000 r-xp 00000000 /system/lib64/ndk/libnative_color_space_manager.so
5a39d03000-5a39d04000 r--p 00001000 /system/lib64/ndk/libnative_color_space_manager.so
5a39d04000-5a39d05000 rw-p 00001000 /system/lib64/ndk/libnative_color_space_manager.so
5a39d40000-5a39d48000 r--p 00000000 /system/lib64/libnative_media_core.so
5a39d48000-5a39d55000 r-xp 00007000 /system/lib64/libnative_media_core.so
5a39d55000-5a39d57000 r--p 00013000 /system/lib64/libnative_media_core.so
5a39d57000-5a39d58000 rw-p 00014000 /system/lib64/libnative_media_core.so
5a39d80000-5a39d8c000 r--p 00000000 /system/lib64/libasset_sdk.dylib.so
5a39d8c000-5a39d9b000 r-xp 0000b000 /system/lib64/libasset_sdk.dylib.so
5a39d9b000-5a39d9d000 r--p 00019000 /system/lib64/libasset_sdk.dylib.so
5a39d9d000-5a39d9e000 rw-p 0001a000 /system/lib64/libasset_sdk.dylib.so
5a39d9e000-5a39d9f000 rw-p 00000000 [anon:libasset_sdk.dylib.so.bss]
5a39e00000-5a39f00000 rw-p 00000000 [anon:ark-Code Space]
5a39f00000-5a3a000000 rw-p 00000000 [anon:ark-Compiler Space]
5a3a000000-5a3a002000 rw-p 00000000 [anon:ark-Native Stacks Space]
5a3a002000-5a3a003000 ---p 00000000 [anon:ark-Native Stacks Space]
5a3a003000-5a3a042000 rw-p 00000000 [anon:ark-Native Stacks Space]
5a3a042000-5a3a043000 ---p 00000000 [anon:ark-Native Stacks Space]
5a3a043000-5a3a082000 rw-p 00000000 [anon:ark-Native Stacks Space]
5a3a082000-5a3a083000 ---p 00000000 [anon:ark-Native Stacks Space]
5a3a083000-5a3a240000 rw-p 00000000 [anon:ark-Native Stacks Space]
5a3a240000-5a3d240000 rw-p 00000000 [anon:ark-Frames Space]
5a3d240000-5a3d280000 rw-p 00000000 [anon:ark-Internal Space]
5a3d280000-5a40280000 rw-p 00000000 [anon:ark-Frames Space]
5a40280000-5a402c0000 rw-p 00000000 [anon:ark-Internal Space]
5a402c0000-5a402c2000 r--p 00000000 /system/lib64/ndk/libpixelmap_ndk.z.so
5a402c2000-5a402c6000 r-xp 00001000 /system/lib64/ndk/libpixelmap_ndk.z.so
5a402c6000-5a402c7000 r--p 00004000 /system/lib64/ndk/libpixelmap_ndk.z.so
5a402c7000-5a402c8000 rw-p 00004000 /system/lib64/ndk/libpixelmap_ndk.z.so
5a40300000-5a40314000 r--p 00000000 /system/lib64/libipc.dylib.so
5a40314000-5a40327000 r-xp 00013000 /system/lib64/libipc.dylib.so
5a40327000-5a4032a000 r--p 00025000 /system/lib64/libipc.dylib.so
5a4032a000-5a4032b000 rw-p 00027000 /system/lib64/libipc.dylib.so
5a40340000-5a403cc000 r--p 00000000 /data/storage/el1/bundle/arkwebcore/libs/arm64/libffmpeg.so
5a403cc000-5a40577000 r-xp 0008b000 /data/storage/el1/bundle/arkwebcore/libs/arm64/libffmpeg.so
5a40577000-5a4059f000 r--p 00235000 /data/storage/el1/bundle/arkwebcore/libs/arm64/libffmpeg.so
5a4059f000-5a405a0000 rw-p 0025c000 /data/storage/el1/bundle/arkwebcore/libs/arm64/libffmpeg.so
5a405a0000-5a4067f000 rw-p 00000000 [anon:libffmpeg.so.bss]
5a40680000-5a40689000 r--p 00000000 /system/lib64/ndk/libnet_connection.so
5a40689000-5a40694000 r-xp 00008000 /system/lib64/ndk/libnet_connection.so
5a40694000-5a40696000 r--p 00012000 /system/lib64/ndk/libnet_connection.so
5a40696000-5a40697000 rw-p 00013000 /system/lib64/ndk/libnet_connection.so
5a406c0000-5a406c4000 r--p 00000000 /system/lib64/ndk/libimage_packer.so
5a406c4000-5a406ca000 r-xp 00003000 /system/lib64/ndk/libimage_packer.so
5a406ca000-5a406cb000 r--p 00008000 /system/lib64/ndk/libimage_packer.so
5a406cb000-5a406cc000 rw-p 00008000 /system/lib64/ndk/libimage_packer.so
5a40700000-5a40702000 r--p 00000000 /system/lib64/ndk/libdeviceinfo_ndk.z.so
5a40702000-5a40703000 r-xp 00001000 /system/lib64/ndk/libdeviceinfo_ndk.z.so
5a40703000-5a40705000 r--p 00001000 /system/lib64/ndk/libdeviceinfo_ndk.z.so
5a40705000-5a40706000 rw-p 00002000 /system/lib64/ndk/libdeviceinfo_ndk.z.so
5a40740000-5a40745000 r--p 00000000 /system/lib64/libasset_sdk_ffi.z.so
5a40745000-5a4074f000 r-xp 00004000 /system/lib64/libasset_sdk_ffi.z.so
5a4074f000-5a40750000 r--p 0000d000 /system/lib64/libasset_sdk_ffi.z.so
5a40750000-5a40751000 rw-p 0000d000 /system/lib64/libasset_sdk_ffi.z.so
5a40751000-5a40752000 rw-p 00000000 [anon:libasset_sdk_ffi.z.so.bss]
5a40780000-5a40781000 r--p 00000000 /system/lib64/ndk/libtelephony_data.so
5a40781000-5a40784000 r-xp 00000000 /system/lib64/ndk/libtelephony_data.so
5a40784000-5a40785000 r--p 00002000 /system/lib64/ndk/libtelephony_data.so
5a40785000-5a40786000 rw-p 00002000 /system/lib64/ndk/libtelephony_data.so
5a407c0000-5a407d8000 r--p 00000000 /system/lib64/ndk/libohavsession.so
5a407d8000-5a407f9000 r-xp 00017000 /system/lib64/ndk/libohavsession.so
5a407f9000-5a407fb000 r--p 00037000 /system/lib64/ndk/libohavsession.so
5a407fb000-5a407fc000 rw-p 00038000 /system/lib64/ndk/libohavsession.so
5a40800000-5a40818000 r--p 00000000 /system/lib64/libutils_rust.dylib.so
5a40818000-5a4082c000 r-xp 00017000 /system/lib64/libutils_rust.dylib.so
5a4082c000-5a4082e000 r--p 0002a000 /system/lib64/libutils_rust.dylib.so
5a4082e000-5a4082f000 rw-p 0002b000 /system/lib64/libutils_rust.dylib.so
5a40840000-5a40842000 r--p 00000000 /system/lib64/platformsdk/libhuks_ndk.z.so
5a40842000-5a40846000 r-xp 00001000 /system/lib64/platformsdk/libhuks_ndk.z.so
5a40846000-5a40847000 r--p 00004000 /system/lib64/platformsdk/libhuks_ndk.z.so
5a40847000-5a40848000 rw-p 00004000 /system/lib64/platformsdk/libhuks_ndk.z.so
5a40880000-5a40885000 r--p 00000000 /system/lib64/ndk/libpicture.so
5a40885000-5a4088e000 r-xp 00004000 /system/lib64/ndk/libpicture.so
5a4088e000-5a4088f000 r--p 0000c000 /system/lib64/ndk/libpicture.so
5a4088f000-5a40890000 rw-p 0000c000 /system/lib64/ndk/libpicture.so
5a408c0000-5a408c1000 r--p 00000000 /system/lib64/ndk/libohbattery_info.so
5a408c1000-5a408c4000 r-xp 00000000 /system/lib64/ndk/libohbattery_info.so
5a408c4000-5a408c5000 r--p 00002000 /system/lib64/ndk/libohbattery_info.so
5a408c5000-5a408c6000 rw-p 00002000 /system/lib64/ndk/libohbattery_info.so
5a40900000-5a40902000 r--p 00000000 /system/lib64/ndk/libnative_media_avcencinfo.so
5a40902000-5a40906000 r-xp 00001000 /system/lib64/ndk/libnative_media_avcencinfo.so
5a40906000-5a40907000 r--p 00004000 /system/lib64/ndk/libnative_media_avcencinfo.so
5a40907000-5a40908000 rw-p 00004000 /system/lib64/ndk/libnative_media_avcencinfo.so
5a40940000-5a40946000 r--p 00000000 /system/lib64/ndk/libpasteboard.so
5a40946000-5a40950000 r-xp 00005000 /system/lib64/ndk/libpasteboard.so
5a40950000-5a40953000 r--p 0000e000 /system/lib64/ndk/libpasteboard.so
5a40953000-5a40954000 rw-p 00010000 /system/lib64/ndk/libpasteboard.so
5a40980000-5a40994000 r--p 00000000 /data/storage/el1/bundle/arkwebcore/libs/arm64/libadapter_ndk_stub.so
5a40994000-5a409b6000 r-xp 00013000 /data/storage/el1/bundle/arkwebcore/libs/arm64/libadapter_ndk_stub.so
5a409b6000-5a409b9000 r--p 00034000 /data/storage/el1/bundle/arkwebcore/libs/arm64/libadapter_ndk_stub.so
5a409b9000-5a409ba000 rw-p 00036000 /data/storage/el1/bundle/arkwebcore/libs/arm64/libadapter_ndk_stub.so
5a409ba000-5a409bc000 rw-p 00000000 [anon:libadapter_ndk_stub.so.bss]
5a409c0000-5a409cc000 r--p 00000000 /system/lib64/libsamgr.dylib.so
5a409cc000-5a409dc000 r-xp 0000b000 /system/lib64/libsamgr.dylib.so
5a409dc000-5a409e1000 r--p 0001a000 /system/lib64/libsamgr.dylib.so
5a409e1000-5a409e2000 rw-p 0001e000 /system/lib64/libsamgr.dylib.so
5a409e2000-5a409e3000 rw-p 00000000 [anon:libsamgr.dylib.so.bss]
5a40a00000-5a40a02000 r--p 00000000 /system/lib64/platformsdk/libnet_ssl.z.so
5a40a02000-5a40a05000 r-xp 00001000 /system/lib64/platformsdk/libnet_ssl.z.so
5a40a05000-5a40a06000 r--p 00003000 /system/lib64/platformsdk/libnet_ssl.z.so
5a40a06000-5a40a07000 rw-p 00003000 /system/lib64/platformsdk/libnet_ssl.z.so
5a40a40000-5a40a41000 r--p 00000000 /system/lib64/ndk/libqos.so
5a40a41000-5a40a43000 r-xp 00000000 /system/lib64/ndk/libqos.so
5a40a43000-5a40a44000 r--p 00001000 /system/lib64/ndk/libqos.so
5a40a44000-5a40a45000 rw-p 00001000 /system/lib64/ndk/libqos.so
5a40a80000-5a40ab0000 r--p 00000000 /system/lib64/libnative_drawing_ndk.z.so
5a40ab0000-5a40aff000 r-xp 0002f000 /system/lib64/libnative_drawing_ndk.z.so
5a40aff000-5a40b01000 r--p 0007d000 /system/lib64/libnative_drawing_ndk.z.so
5a40b01000-5a40b02000 rw-p 0007e000 /system/lib64/libnative_drawing_ndk.z.so
5a40b02000-5a40b03000 rw-p 00000000 [anon:libnative_drawing.so.bss]
5a40b40000-5a40b4b000 r--p 00000000 /system/lib64/ndk/libability_runtime.so
5a40b4b000-5a40b56000 r-xp 0000a000 /system/lib64/ndk/libability_runtime.so
5a40b56000-5a40b58000 r--p 00014000 /system/lib64/ndk/libability_runtime.so
5a40b58000-5a40b59000 rw-p 00015000 /system/lib64/ndk/libability_runtime.so
5a40b80000-5a40b96000 r--p 00000000 /system/lib64/ndk/libnative_rdb_ndk.z.so
5a40b96000-5a40bc3000 r-xp 00015000 /system/lib64/ndk/libnative_rdb_ndk.z.so
5a40bc3000-5a40bc6000 r--p 00041000 /system/lib64/ndk/libnative_rdb_ndk.z.so
5a40bc6000-5a40bc7000 rw-p 00043000 /system/lib64/ndk/libnative_rdb_ndk.z.so
5a40c00000-5a40c02000 r--p 00000000 /system/lib64/ndk/libohsensor.so
5a40c02000-5a40c06000 r-xp 00001000 /system/lib64/ndk/libohsensor.so
5a40c06000-5a40c07000 r--p 00004000 /system/lib64/ndk/libohsensor.so
5a40c07000-5a40c08000 rw-p 00004000 /system/lib64/ndk/libohsensor.so
5a40c40000-5a40c4e000 r--p 00000000 /system/lib64/ndk/libohinputmethod.so
5a40c4e000-5a40c65000 r-xp 0000d000 /system/lib64/ndk/libohinputmethod.so
5a40c65000-5a40c68000 r--p 00023000 /system/lib64/ndk/libohinputmethod.so
5a40c68000-5a40c69000 rw-p 00025000 /system/lib64/ndk/libohinputmethod.so
5a40c80000-5a40c82000 r--p 00000000 /system/lib64/ndk/libtelephony_radio.so
5a40c82000-5a40c85000 r-xp 00001000 /system/lib64/ndk/libtelephony_radio.so
5a40c85000-5a40c86000 r--p 00003000 /system/lib64/ndk/libtelephony_radio.so
5a40c86000-5a40c87000 rw-p 00003000 /system/lib64/ndk/libtelephony_radio.so
5a40cc0000-5a40cc8000 r--p 00000000 /system/lib64/ndk/libohpreferences.so
5a40cc8000-5a40cd8000 r-xp 00007000 /system/lib64/ndk/libohpreferences.so
5a40cd8000-5a40cd9000 r--p 00016000 /system/lib64/ndk/libohpreferences.so
5a40cd9000-5a40cda000 rw-p 00016000 /system/lib64/ndk/libohpreferences.so
5a40d00000-5a40d0a000 r--p 00000000 /system/lib64/ndk/libnative_window_manager.so
5a40d0a000-5a40d23000 r-xp 00009000 /system/lib64/ndk/libnative_window_manager.so
5a40d23000-5a40d25000 r--p 00021000 /system/lib64/ndk/libnative_window_manager.so
5a40d25000-5a40d26000 rw-p 00022000 /system/lib64/ndk/libnative_window_manager.so
5a40d40000-5a40d4a000 r--p 00000000 /system/lib64/libnative_avscreen_capture.so
5a40d4a000-5a40d5c000 r-xp 00009000 /system/lib64/libnative_avscreen_capture.so
5a40d5c000-5a40d5d000 r--p 0001a000 /system/lib64/libnative_avscreen_capture.so
5a40d5d000-5a40d5e000 rw-p 0001a000 /system/lib64/libnative_avscreen_capture.so
5a40d5e000-5a40d5f000 rw-p 00000000 [anon:libnative_avscreen_capture.so.bss]
5a40d80000-5a40d81000 r--p 00000000 /system/lib64/ndk/libasset_ndk.z.so
5a40d81000-5a40d84000 r-xp 00000000 /system/lib64/ndk/libasset_ndk.z.so
5a40d84000-5a40d85000 r--p 00002000 /system/lib64/ndk/libasset_ndk.z.so
5a40d85000-5a40d86000 rw-p 00002000 /system/lib64/ndk/libasset_ndk.z.so
5a40dc0000-5a40dce000 r--p 00000000 /system/lib64/libbundle_ndk.z.so
5a40dce000-5a40dea000 r-xp 0000d000 /system/lib64/libbundle_ndk.z.so
5a40dea000-5a40dec000 r--p 00028000 /system/lib64/libbundle_ndk.z.so
5a40dec000-5a40ded000 rw-p 00029000 /system/lib64/libbundle_ndk.z.so
5a40e00000-5a40e08000 r--p 00000000 /system/lib64/ndk/libimage_source.so
5a40e08000-5a40e15000 r-xp 00007000 /system/lib64/ndk/libimage_source.so
5a40e15000-5a40e17000 r--p 00013000 /system/lib64/ndk/libimage_source.so
5a40e17000-5a40e18000 rw-p 00014000 /system/lib64/ndk/libimage_source.so
5a40e40000-5a40e45000 r--p 00000000 /system/lib64/ndk/libohfileuri.so
5a40e45000-5a40e4f000 r-xp 00004000 /system/lib64/ndk/libohfileuri.so
5a40e4f000-5a40e50000 r--p 0000d000 /system/lib64/ndk/libohfileuri.so
5a40e50000-5a40e51000 rw-p 0000d000 /system/lib64/ndk/libohfileuri.so
5a40e51000-5a40e52000 rw-p 00000000 [anon:libohfileuri.so.bss]
5a40e80000-5a40e82000 r--p 00000000 /system/lib64/ndk/libnet_ssl.so
5a40e82000-5a40e86000 r-xp 00001000 /system/lib64/ndk/libnet_ssl.so
5a40e86000-5a40e87000 r--p 00004000 /system/lib64/ndk/libnet_ssl.so
5a40e87000-5a40e88000 rw-p 00004000 /system/lib64/ndk/libnet_ssl.so
5a40ec0000-5a40ec1000 r--p 00000000 /system/lib64/libasset_sdk.z.so
5a40ec1000-5a40ec4000 r-xp 00000000 /system/lib64/libasset_sdk.z.so
5a40ec4000-5a40ec5000 r--p 00002000 /system/lib64/libasset_sdk.z.so
5a40ec5000-5a40ec6000 rw-p 00002000 /system/lib64/libasset_sdk.z.so
5a40f00000-5a40f14000 r--p 00000000 /system/lib64/ndk/libohinput.so
5a40f14000-5a40f3e000 r-xp 00013000 /system/lib64/ndk/libohinput.so
5a40f3e000-5a40f41000 r--p 0003c000 /system/lib64/ndk/libohinput.so
5a40f41000-5a40f42000 rw-p 0003e000 /system/lib64/ndk/libohinput.so
5a40f80000-5a40f8e000 r--p 00000000 /system/lib64/libavplayer.so
5a40f8e000-5a40faa000 r-xp 0000d000 /system/lib64/libavplayer.so
5a40faa000-5a40fac000 r--p 00028000 /system/lib64/libavplayer.so
5a40fac000-5a40fad000 rw-p 00029000 /system/lib64/libavplayer.so
5a40fad000-5a40fae000 rw-p 00000000 [anon:libavplayer.so.bss]
5a40fc0000-5a40fc2000 r--p 00000000 /system/lib64/libnative_rdb_ndk_utils.z.so
5a40fc2000-5a40fc6000 r-xp 00001000 /system/lib64/libnative_rdb_ndk_utils.z.so
5a40fc6000-5a40fc7000 r--p 00004000 /system/lib64/libnative_rdb_ndk_utils.z.so
5a40fc7000-5a40fc8000 rw-p 00004000 /system/lib64/libnative_rdb_ndk_utils.z.so
5a41000000-5a41008000 r--p 00000000 /system/lib64/libnative_media_codecbase.so
5a41008000-5a4100f000 r-xp 00007000 /system/lib64/libnative_media_codecbase.so
5a4100f000-5a41010000 r--p 0000d000 /system/lib64/libnative_media_codecbase.so
5a41010000-5a41012000 rw-p 0000d000 /system/lib64/libnative_media_codecbase.so
5a41012000-5a41013000 rw-p 00000000 [anon:libnative_media_codecbase.so.bss]
5a41040000-5a41041000 r--p 00000000 /system/lib64/ndk/libability_access_control.so
5a41041000-5a41044000 r-xp 00000000 /system/lib64/ndk/libability_access_control.so
5a41044000-5a41045000 r--p 00002000 /system/lib64/ndk/libability_access_control.so
5a41045000-5a41046000 rw-p 00002000 /system/lib64/ndk/libability_access_control.so
5a41080000-5a41083000 r--p 00000000 /system/lib64/libnative_vsync.so
5a41083000-5a41087000 r-xp 00002000 /system/lib64/libnative_vsync.so
5a41087000-5a41088000 r--p 00005000 /system/lib64/libnative_vsync.so
5a41088000-5a41089000 rw-p 00005000 /system/lib64/libnative_vsync.so
5a410c0000-5a410c2000 r--p 00000000 /system/lib64/ndk/libhitrace_ndk.z.so
5a410c2000-5a410c3000 r-xp 00001000 /system/lib64/ndk/libhitrace_ndk.z.so
5a410c3000-5a410c5000 r--p 00001000 /system/lib64/ndk/libhitrace_ndk.z.so
5a410c5000-5a410c6000 rw-p 00002000 /system/lib64/ndk/libhitrace_ndk.z.so
5a41100000-5a41104000 r--p 00000000 /system/lib64/libnative_media_venc.so
5a41104000-5a4110c000 r-xp 00003000 /system/lib64/libnative_media_venc.so
5a4110c000-5a4110d000 r--p 0000a000 /system/lib64/libnative_media_venc.so
5a4110d000-5a4110e000 rw-p 0000a000 /system/lib64/libnative_media_venc.so
5a4110e000-5a4110f000 rw-p 00000000 [anon:libnative_media_venc.so.bss]
5a41140000-5a4114a000 r--p 00000000 /system/lib64/platformsdk/libsecurity_component_client_enhance.z.so
5a4114a000-5a4115b000 r-xp 00009000 /system/lib64/platformsdk/libsecurity_component_client_enhance.z.so
5a4115b000-5a4115e000 r--p 00019000 /system/lib64/platformsdk/libsecurity_component_client_enhance.z.so
5a4115e000-5a4115f000 rw-p 0001b000 /system/lib64/platformsdk/libsecurity_component_client_enhance.z.so
5a4115f000-5a4125d000 r--p 00000000 /dev/binder
5a4125d000-5a4125f000 ---p 00000000 [anon:guard:23159]
5a4125f000-5a41360000 rw-p 00000000 [anon:stack:23159]
5a41360000-5a41362000 ---p 00000000 [anon:guard:23160]
5a41362000-5a41463000 rw-p 00000000 [anon:stack:23160]
5a41463000-5a41465000 ---p 00000000 [anon:guard:23161]
5a41465000-5a41566000 rw-p 00000000 [anon:stack:23161]
5a41566000-5a41568000 ---p 00000000 [anon:guard:23172]
5a41568000-5a41669000 rw-p 00000000 [anon:stack:23172]
5a41669000-5a4166b000 ---p 00000000 [anon:guard:23173]
5a4166b000-5a4176c000 rw-p 00000000 [anon:stack:23173]
5a4176c000-5a4176e000 ---p 00000000 [anon:guard:23175]
5a4176e000-5a4186f000 rw-p 00000000 [anon:stack:23175]
5a4186f000-5a41871000 ---p 00000000 [anon:guard:23176]
5a41871000-5a41972000 rw-p 00000000 [anon:stack:23176]
5a41972000-5a41974000 ---p 00000000 [anon:guard:23178]
5a41974000-5a41a75000 rw-p 00000000 [anon:stack:23178]
5a41a75000-5a42275000 rw-p 00000000 
5a42280000-5a42286000 r--p 00000000 /system/lib64/platformsdk/libcj_environment.z.so
5a42286000-5a4228f000 r-xp 00005000 /system/lib64/platformsdk/libcj_environment.z.so
5a4228f000-5a42291000 r--p 0000d000 /system/lib64/platformsdk/libcj_environment.z.so
5a42291000-5a42292000 rw-p 0000e000 /system/lib64/platformsdk/libcj_environment.z.so
5a42292000-5a42294000 ---p 00000000 [anon:guard:23182]
5a42294000-5a42395000 rw-p 00000000 [anon:stack:23182]
5a42395000-5a42397000 ---p 00000000 [anon:guard:23183]
5a42397000-5a42498000 rw-p 00000000 [anon:stack:23183]
5a42498000-5a4249a000 ---p 00000000 [anon:guard:23184]
5a4249a000-5a4259b000 rw-p 00000000 [anon:stack:23184]
5a4259b000-5a4259d000 ---p 00000000 [anon:guard:23185]
5a4259d000-5a4269e000 rw-p 00000000 [anon:stack:23185]
5a4269e000-5a426a0000 ---p 00000000 [anon:guard:23186]
5a426a0000-5a427a1000 rw-p 00000000 [anon:stack:23186]
5a427a1000-5a427a3000 ---p 00000000 [anon:guard:23187]
5a427a3000-5a428a4000 rw-p 00000000 [anon:stack:23187]
5a428a4000-5a428a6000 ---p 00000000 [anon:guard:23188]
5a428a6000-5a429a7000 rw-p 00000000 [anon:stack:23188]
5a429c0000-5a429c3000 r--p 00000000 /system/lib64/nativestartuptask/librdo_ld.so
5a429c3000-5a429c6000 r-xp 00002000 /system/lib64/nativestartuptask/librdo_ld.so
5a429c6000-5a429c7000 r--p 00004000 /system/lib64/nativestartuptask/librdo_ld.so
5a429c7000-5a429c8000 rw-p 00004000 /system/lib64/nativestartuptask/librdo_ld.so
5a429c8000-5a429cb000 rw-p 00000000 [anon:librdo_ld.so.bss]
5a429cb000-5a429cd000 ---p 00000000 [anon:guard:23192]
5a429cd000-5a42ace000 rw-p 00000000 [anon:stack:23192]
5a42ace000-5a42ad0000 ---p 00000000 [anon:guard:23193]
5a42ad0000-5a42bd1000 rw-p 00000000 [anon:stack:23193]
5a42bd1000-5a42bd3000 ---p 00000000 [anon:guard:23194]
5a42bd3000-5a42cd4000 rw-p 00000000 [anon:stack:23194]
5a42d00000-5a42d02000 r--p 00000000 /system/lib64/liblayered_parameters_manager.z.so
5a42d02000-5a42d05000 r-xp 00001000 /system/lib64/liblayered_parameters_manager.z.so
5a42d05000-5a42d06000 r--p 00003000 /system/lib64/liblayered_parameters_manager.z.so
5a42d06000-5a42d07000 rw-p 00003000 /system/lib64/liblayered_parameters_manager.z.so
5a42d07000-5a42d09000 ---p 00000000 [anon:guard:23198]
5a42d09000-5a42e0a000 rw-p 00000000 [anon:stack:23198]
5a42e0a000-5a42e0c000 ---p 00000000 [anon:guard:23199]
5a42e0c000-5a42f0d000 rw-p 00000000 [anon:stack:23199]
5a42f40000-5a42f8c000 r--p 00000000 /system/lib64/libace_ndk.z.so
5a42f8c000-5a4304e000 r-xp 0004b000 /system/lib64/libace_ndk.z.so
5a4304e000-5a43054000 r--p 0010c000 /system/lib64/libace_ndk.z.so
5a43054000-5a43056000 rw-p 00111000 /system/lib64/libace_ndk.z.so
5a43056000-5a43057000 rw-p 00000000 [anon:libace_ndk.z.so.bss]
5a43080000-5a43085000 r--p 00000000 /system/lib64/librawfile.z.so
5a43085000-5a4308f000 r-xp 00004000 /system/lib64/librawfile.z.so
5a4308f000-5a43090000 r--p 0000d000 /system/lib64/librawfile.z.so
5a43090000-5a43091000 rw-p 0000d000 /system/lib64/librawfile.z.so
5a430c0000-5a430c1000 r--p 00000000 /system/lib64/ndk/libimage_ndk.z.so
5a430c1000-5a430c4000 r-xp 00000000 /system/lib64/ndk/libimage_ndk.z.so
5a430c4000-5a430c5000 r--p 00002000 /system/lib64/ndk/libimage_ndk.z.so
5a430c5000-5a430c6000 rw-p 00002000 /system/lib64/ndk/libimage_ndk.z.so
5a43100000-5a43101000 r--p 00000000 /system/lib64/module/util/libtreemap.z.so
5a43101000-5a43104000 r-xp 00000000 /system/lib64/module/util/libtreemap.z.so
5a43104000-5a43105000 r--p 00002000 /system/lib64/module/util/libtreemap.z.so
5a43105000-5a43109000 rw-p 00002000 /system/lib64/module/util/libtreemap.z.so
5a43140000-5a43141000 r--p 00000000 /system/lib64/module/util/liblightweightmap.z.so
5a43141000-5a43144000 r-xp 00000000 /system/lib64/module/util/liblightweightmap.z.so
5a43144000-5a43145000 r--p 00002000 /system/lib64/module/util/liblightweightmap.z.so
5a43145000-5a4314a000 rw-p 00002000 /system/lib64/module/util/liblightweightmap.z.so
5a43180000-5a43181000 r--p 00000000 /system/lib64/module/util/libplainarray.z.so
5a43181000-5a43184000 r-xp 00000000 /system/lib64/module/util/libplainarray.z.so
5a43184000-5a43185000 r--p 00002000 /system/lib64/module/util/libplainarray.z.so
5a43185000-5a43189000 rw-p 00002000 /system/lib64/module/util/libplainarray.z.so
5a431c0000-5a431c1000 r--p 00000000 /system/lib64/module/util/liblinkedlist.z.so
5a431c1000-5a431c4000 r-xp 00000000 /system/lib64/module/util/liblinkedlist.z.so
5a431c4000-5a431c5000 r--p 00002000 /system/lib64/module/util/liblinkedlist.z.so
5a431c5000-5a431cc000 rw-p 00002000 /system/lib64/module/util/liblinkedlist.z.so
5a43200000-5a43209000 r--p 00000000 /system/lib64/module/multimodalinput/libkeycode.z.so
5a43209000-5a43212000 r-xp 00008000 /system/lib64/module/multimodalinput/libkeycode.z.so
5a43212000-5a43214000 r--p 00010000 /system/lib64/module/multimodalinput/libkeycode.z.so
5a43214000-5a43215000 rw-p 00011000 /system/lib64/module/multimodalinput/libkeycode.z.so
5a43240000-5a4324b000 r--p 00000000 /system/lib64/module/multimodalinput/libpointer.z.so
5a4324b000-5a4328e000 r-xp 0000a000 /system/lib64/module/multimodalinput/libpointer.z.so
5a4328e000-5a43291000 r--p 0004c000 /system/lib64/module/multimodalinput/libpointer.z.so
5a43291000-5a43292000 rw-p 0004e000 /system/lib64/module/multimodalinput/libpointer.z.so
5a43292000-5a43293000 rw-p 00000000 [anon:libpointer.z.so.bss]
5a432c0000-5a432cb000 r--p 00000000 /system/lib64/module/libaccessibility_napi.z.so
5a432cb000-5a432ea000 r-xp 0000a000 /system/lib64/module/libaccessibility_napi.z.so
5a432ea000-5a432ec000 r--p 00028000 /system/lib64/module/libaccessibility_napi.z.so
5a432ec000-5a432ed000 rw-p 00029000 /system/lib64/module/libaccessibility_napi.z.so
5a43300000-5a4330d000 r--p 00000000 /system/lib64/module/arkui/libobserver.z.so
5a4330d000-5a43359000 r-xp 0000c000 /system/lib64/module/arkui/libobserver.z.so
5a43359000-5a4335c000 r--p 00057000 /system/lib64/module/arkui/libobserver.z.so
5a4335c000-5a4335d000 rw-p 00059000 /system/lib64/module/arkui/libobserver.z.so
5a4335d000-5a4335e000 rw-p 00000000 [anon:libobserver.z.so.bss]
5a43380000-5a43396000 r--p 00000000 /system/lib64/module/bundle/libbundlemanager.z.so
5a43396000-5a433de000 r-xp 00015000 /system/lib64/module/bundle/libbundlemanager.z.so
5a433de000-5a433e0000 r--p 0005c000 /system/lib64/module/bundle/libbundlemanager.z.so
5a433e0000-5a433e1000 rw-p 0005d000 /system/lib64/module/bundle/libbundlemanager.z.so
5a43400000-5a4340a000 r--p 00000000 /system/lib64/libbundle_manager_common.z.so
5a4340a000-5a4341d000 r-xp 00009000 /system/lib64/libbundle_manager_common.z.so
5a4341d000-5a4341f000 r--p 0001b000 /system/lib64/libbundle_manager_common.z.so
5a4341f000-5a43420000 rw-p 0001c000 /system/lib64/libbundle_manager_common.z.so
5a43440000-5a43442000 r--p 00000000 /system/lib64/platformsdk/libtask_signal_native.z.so
5a43442000-5a43445000 r-xp 00001000 /system/lib64/platformsdk/libtask_signal_native.z.so
5a43445000-5a43446000 r--p 00003000 /system/lib64/platformsdk/libtask_signal_native.z.so
5a43446000-5a43447000 rw-p 00003000 /system/lib64/platformsdk/libtask_signal_native.z.so
5a43480000-5a43486000 r--p 00000000 /system/lib64/platformsdk/librust_file.z.so
5a43486000-5a4348f000 r-xp 00005000 /system/lib64/platformsdk/librust_file.z.so
5a4348f000-5a43490000 r--p 0000d000 /system/lib64/platformsdk/librust_file.z.so
5a43490000-5a43491000 rw-p 0000d000 /system/lib64/platformsdk/librust_file.z.so
5a43491000-5a43492000 rw-p 00000000 [anon:librust_file.z.so.bss]
5a434c0000-5a434f0000 r--p 00000000 /system/lib64/module/file/libfs.z.so
5a434f0000-5a4360a000 r-xp 0002f000 /system/lib64/module/file/libfs.z.so
5a4360a000-5a4361c000 r--p 00148000 /system/lib64/module/file/libfs.z.so
5a4361c000-5a4361d000 rw-p 00159000 /system/lib64/module/file/libfs.z.so
5a4361d000-5a43620000 rw-p 00000000 [anon:libfs.z.so.bss]
5a43640000-5a43641000 r--p 00000000 /system/lib64/module/util/libstack.z.so
5a43641000-5a43644000 r-xp 00000000 /system/lib64/module/util/libstack.z.so
5a43644000-5a43645000 r--p 00002000 /system/lib64/module/util/libstack.z.so
5a43645000-5a43648000 rw-p 00002000 /system/lib64/module/util/libstack.z.so
5a43680000-5a43693000 r--p 00000000 /system/lib64/module/libtaskpool.z.so
5a43693000-5a436d7000 r-xp 00012000 /system/lib64/module/libtaskpool.z.so
5a436d7000-5a436db000 r--p 00055000 /system/lib64/module/libtaskpool.z.so
5a436db000-5a436dc000 rw-p 00058000 /system/lib64/module/libtaskpool.z.so
5a436dc000-5a436dd000 rw-p 00000000 [anon:libtaskpool.z.so.bss]
5a436dd000-5a436df000 ---p 00000000 [anon:guard:23201]
5a436df000-5a43ee0000 rw-p 00000000 [anon:stack:23201]
5a43ee0000-5a43ee2000 ---p 00000000 [anon:guard:23202]
5a43ee2000-5a43fe3000 rw-p 00000000 [anon:stack:23202]
5a43fe3000-5a44263000 rw-p 00000000 [anon:native_heap:jemalloc]
5a44280000-5a44287000 r--p 00000000 /system/lib64/module/app/ability/liberrormanager.z.so
5a44287000-5a44291000 r-xp 00006000 /system/lib64/module/app/ability/liberrormanager.z.so
5a44291000-5a44293000 r--p 0000f000 /system/lib64/module/app/ability/liberrormanager.z.so
5a44293000-5a44294000 rw-p 00010000 /system/lib64/module/app/ability/liberrormanager.z.so
5a442c0000-5a442c2000 r--p 00000000 /system/lib64/module/app/ability/libapprecovery_napi.z.so
5a442c2000-5a442c4000 r-xp 00001000 /system/lib64/module/app/ability/libapprecovery_napi.z.so
5a442c4000-5a442c6000 r--p 00002000 /system/lib64/module/app/ability/libapprecovery_napi.z.so
5a442c6000-5a442c7000 rw-p 00003000 /system/lib64/module/app/ability/libapprecovery_napi.z.so
5a44300000-5a44301000 r--p 00000000 /system/lib64/module/app/ability/libabilitylifecyclecallback.z.so
5a44301000-5a44302000 r-xp 00000000 /system/lib64/module/app/ability/libabilitylifecyclecallback.z.so
5a44302000-5a44303000 r--p 00000000 /system/lib64/module/app/ability/libabilitylifecyclecallback.z.so
5a44303000-5a44306000 rw-p 00000000 /system/lib64/module/app/ability/libabilitylifecyclecallback.z.so
5a44340000-5a44347000 r--p 00000000 /system/lib64/platformsdk/libgeofence_sdk.z.so
5a44347000-5a44353000 r-xp 00006000 /system/lib64/platformsdk/libgeofence_sdk.z.so
5a44353000-5a44355000 r--p 00011000 /system/lib64/platformsdk/libgeofence_sdk.z.so
5a44355000-5a44356000 rw-p 00012000 /system/lib64/platformsdk/libgeofence_sdk.z.so
5a44380000-5a443a0000 r--p 00000000 /system/lib64/platformsdk/liblbsservice_common.z.so
5a443a0000-5a443d9000 r-xp 0001f000 /system/lib64/platformsdk/liblbsservice_common.z.so
5a443d9000-5a443de000 r--p 00057000 /system/lib64/platformsdk/liblbsservice_common.z.so
5a443de000-5a443df000 rw-p 0005b000 /system/lib64/platformsdk/liblbsservice_common.z.so
5a443df000-5a443e1000 rw-p 00000000 [anon:liblbsservice_common.z.so.bss]
5a44400000-5a44413000 r--p 00000000 /system/lib64/platformsdk/liblocator_sdk.z.so
5a44413000-5a44432000 r-xp 00012000 /system/lib64/platformsdk/liblocator_sdk.z.so
5a44432000-5a44439000 r--p 00030000 /system/lib64/platformsdk/liblocator_sdk.z.so
5a44439000-5a4443a000 rw-p 00036000 /system/lib64/platformsdk/liblocator_sdk.z.so
5a4443a000-5a4443b000 rw-p 00000000 [anon:liblocator_sdk.z.so.bss]
5a44440000-5a44450000 r--p 00000000 /system/lib64/liblocator_interface_proxy.z.so
5a44450000-5a44474000 r-xp 0000f000 /system/lib64/liblocator_interface_proxy.z.so
5a44474000-5a44477000 r--p 00032000 /system/lib64/liblocator_interface_proxy.z.so
5a44477000-5a44478000 rw-p 00034000 /system/lib64/liblocator_interface_proxy.z.so
5a44480000-5a44488000 r--p 00000000 /system/lib64/liblbsbase_module.z.so
5a44488000-5a44494000 r-xp 00007000 /system/lib64/liblbsbase_module.z.so
5a44494000-5a44498000 r--p 00012000 /system/lib64/liblbsbase_module.z.so
5a44498000-5a44499000 rw-p 00015000 /system/lib64/liblbsbase_module.z.so
5a444c0000-5a444de000 r--p 00000000 /system/lib64/module/libgeolocationmanager.z.so
5a444de000-5a44545000 r-xp 0001d000 /system/lib64/module/libgeolocationmanager.z.so
5a44545000-5a44553000 r--p 00083000 /system/lib64/module/libgeolocationmanager.z.so
5a44553000-5a44554000 rw-p 00090000 /system/lib64/module/libgeolocationmanager.z.so
5a44554000-5a44556000 rw-p 00000000 [anon:libgeolocationmanager.z.so.bss]
5a44580000-5a4458d000 r--p 00000000 /system/lib64/module/arkts/libutils.z.so
5a4458d000-5a4459f000 r-xp 0000c000 /system/lib64/module/arkts/libutils.z.so
5a4459f000-5a445a1000 r--p 0001d000 /system/lib64/module/arkts/libutils.z.so
5a445a1000-5a445a5000 rw-p 0001e000 /system/lib64/module/arkts/libutils.z.so
5a445a5000-5a445a6000 rw-p 00000000 [anon:libutils.z.so.bss]
5a445c0000-5a445c1000 r--p 00000000 /system/lib64/module/arkts/math/libdecimal.z.so
5a445c1000-5a445c2000 r-xp 00000000 /system/lib64/module/arkts/math/libdecimal.z.so
5a445c2000-5a445c3000 r--p 00000000 /system/lib64/module/arkts/math/libdecimal.z.so
5a445c3000-5a445d2000 rw-p 00000000 /system/lib64/module/arkts/math/libdecimal.z.so
5a44600000-5a44604000 r--p 00000000 /system/lib64/module/file/libphotoaccesshelpernative.z.so
5a44604000-5a44610000 r-xp 00003000 /system/lib64/module/file/libphotoaccesshelpernative.z.so
5a44610000-5a44611000 r--p 0000e000 /system/lib64/module/file/libphotoaccesshelpernative.z.so
5a44611000-5a44612000 rw-p 0000e000 /system/lib64/module/file/libphotoaccesshelpernative.z.so
5a44612000-5a44614000 rw-p 00000000 [anon:libphotoaccesshelpernative.z.so.bss]
5a44640000-5a44649000 r--p 00000000 /system/lib64/platformsdk/libmedia_cloud_enhance_plugin.z.so
5a44649000-5a4465b000 r-xp 00008000 /system/lib64/platformsdk/libmedia_cloud_enhance_plugin.z.so
5a4465b000-5a4465d000 r--p 00019000 /system/lib64/platformsdk/libmedia_cloud_enhance_plugin.z.so
5a4465d000-5a4465e000 rw-p 0001a000 /system/lib64/platformsdk/libmedia_cloud_enhance_plugin.z.so
5a44680000-5a44691000 r--p 00000000 /system/lib64/platformsdk/libmedia_cloud_enhance_client.z.so
5a44691000-5a446ab000 r-xp 00010000 /system/lib64/platformsdk/libmedia_cloud_enhance_client.z.so
5a446ab000-5a446b3000 r--p 00029000 /system/lib64/platformsdk/libmedia_cloud_enhance_client.z.so
5a446b3000-5a446b4000 rw-p 00030000 /system/lib64/platformsdk/libmedia_cloud_enhance_client.z.so
5a446c0000-5a446cb000 r--p 00000000 /data/storage/el1/bundle/libs/arm64/libpreview_fx.so
5a446cb000-5a446d9000 r-xp 0000a000 /data/storage/el1/bundle/libs/arm64/libpreview_fx.so
5a446d9000-5a446da000 r--p 00017000 /data/storage/el1/bundle/libs/arm64/libpreview_fx.so
5a446da000-5a446db000 rw-p 00017000 /data/storage/el1/bundle/libs/arm64/libpreview_fx.so
5a446db000-5a446dc000 rw-p 00000000 [anon:libpreview_fx.so.bss]
5a44700000-5a44792000 r--p 00000000 /data/storage/el1/bundle/libs/arm64/libc++_shared.so
5a44792000-5a4482c000 r-xp 00091000 /data/storage/el1/bundle/libs/arm64/libc++_shared.so
5a4482c000-5a44836000 r--p 0012a000 /data/storage/el1/bundle/libs/arm64/libc++_shared.so
5a44836000-5a44837000 rw-p 00133000 /data/storage/el1/bundle/libs/arm64/libc++_shared.so
5a44837000-5a4483f000 rw-p 00000000 [anon:libc++_shared.so.bss]
5a44840000-5a448f5000 r--p 00000000 /system/lib64/platformsdk/libbtframework.z.so
5a448f5000-5a44a8a000 r-xp 000b4000 /system/lib64/platformsdk/libbtframework.z.so
5a44a8a000-5a44ac5000 r--p 00248000 /system/lib64/platformsdk/libbtframework.z.so
5a44ac5000-5a44ac6000 rw-p 00283000 /system/lib64/platformsdk/libbtframework.z.so
5a44ac6000-5a44ac8000 rw-p 00000000 [anon:libbtframework.z.so.bss]
5a44b00000-5a44b1f000 r--p 00000000 /system/lib64/module/libbluetoothmanager.z.so
5a44b1f000-5a44b72000 r-xp 0001e000 /system/lib64/module/libbluetoothmanager.z.so
5a44b72000-5a44b79000 r--p 00070000 /system/lib64/module/libbluetoothmanager.z.so
5a44b79000-5a44b7a000 rw-p 00076000 /system/lib64/module/libbluetoothmanager.z.so
5a44b7a000-5a44b7b000 rw-p 00000000 [anon:libbluetoothmanager.z.so.bss]
5a44b80000-5a44b9d000 r--p 00000000 /system/lib64/platformsdk/libbt_napi_common.z.so
5a44b9d000-5a44bd5000 r-xp 0001c000 /system/lib64/platformsdk/libbt_napi_common.z.so
5a44bd5000-5a44bd8000 r--p 00053000 /system/lib64/platformsdk/libbt_napi_common.z.so
5a44bd8000-5a44bd9000 rw-p 00055000 /system/lib64/platformsdk/libbt_napi_common.z.so
5a44c00000-5a44c19000 r--p 00000000 /system/lib64/chipset-sdk/libbtcommon.z.so
5a44c19000-5a44c39000 r-xp 00018000 /system/lib64/chipset-sdk/libbtcommon.z.so
5a44c39000-5a44c3e000 r--p 00037000 /system/lib64/chipset-sdk/libbtcommon.z.so
5a44c3e000-5a44c3f000 rw-p 0003b000 /system/lib64/chipset-sdk/libbtcommon.z.so
5a44c40000-5a44c41000 r--p 00000000 /system/lib64/module/hms/core/scan/libdetectbarcode_napi.z.so
5a44c41000-5a44c44000 r-xp 00000000 /system/lib64/module/hms/core/scan/libdetectbarcode_napi.z.so
5a44c44000-5a44c45000 r--p 00002000 /system/lib64/module/hms/core/scan/libdetectbarcode_napi.z.so
5a44c45000-5a44c55000 rw-p 00002000 /system/lib64/module/hms/core/scan/libdetectbarcode_napi.z.so
5a44c80000-5a44cba000 r--p 00000000 /system/lib64/platformsdk/libmindspore-lite-train.so
5a44cba000-5a44d56000 r-xp 00039000 /system/lib64/platformsdk/libmindspore-lite-train.so
5a44d56000-5a44d5e000 r--p 000d4000 /system/lib64/platformsdk/libmindspore-lite-train.so
5a44d5e000-5a44d5f000 rw-p 000db000 /system/lib64/platformsdk/libmindspore-lite-train.so
5a44d80000-5a44e63000 r--p 00000000 /system/lib64/chipset-sdk/libopencv_core.z.so
5a44e63000-5a44ff2000 r-xp 000e2000 /system/lib64/chipset-sdk/libopencv_core.z.so
5a44ff2000-5a45000000 r--p 00270000 /system/lib64/chipset-sdk/libopencv_core.z.so
5a45000000-5a45004000 rw-p 0027d000 /system/lib64/chipset-sdk/libopencv_core.z.so
5a45004000-5a4500a000 rw-p 00000000 [anon:libopencv_core.z.so.bss]
5a45040000-5a45137000 r--p 00000000 /system/lib64/platformsdk/libmindspore-lite.so
5a45137000-5a4546a000 r-xp 000f6000 /system/lib64/platformsdk/libmindspore-lite.so
5a4546a000-5a45487000 r--p 00428000 /system/lib64/platformsdk/libmindspore-lite.so
5a45487000-5a45488000 rw-p 00444000 /system/lib64/platformsdk/libmindspore-lite.so
5a45488000-5a4549b000 rw-p 00000000 [anon:libmindspore-lite.so.bss]
5a454c0000-5a455c3000 r--p 00000000 /system/lib64/chipset-sdk/libopencv_imgproc.z.so
5a455c3000-5a457af000 r-xp 00102000 /system/lib64/chipset-sdk/libopencv_imgproc.z.so
5a457af000-5a457c0000 r--p 002ed000 /system/lib64/chipset-sdk/libopencv_imgproc.z.so
5a457c0000-5a457c8000 rw-p 002fd000 /system/lib64/chipset-sdk/libopencv_imgproc.z.so
5a457c8000-5a45867000 rw-p 00000000 [anon:libopencv_imgproc.z.so.bss]
5a45880000-5a4588d000 r--p 00000000 /system/lib64/ndk/libmindspore_lite_ndk.so
5a4588d000-5a458a5000 r-xp 0000c000 /system/lib64/ndk/libmindspore_lite_ndk.so
5a458a5000-5a458a7000 r--p 00023000 /system/lib64/ndk/libmindspore_lite_ndk.so
5a458a7000-5a458a8000 rw-p 00024000 /system/lib64/ndk/libmindspore_lite_ndk.so
5a458c0000-5a458c8000 r--p 00000000 /system/lib64/module/hms/core/scan/libscandecode_napi.z.so
5a458c8000-5a458da000 r-xp 00007000 /system/lib64/module/hms/core/scan/libscandecode_napi.z.so
5a458da000-5a458dc000 r--p 00018000 /system/lib64/module/hms/core/scan/libscandecode_napi.z.so
5a458dc000-5a458dd000 rw-p 00019000 /system/lib64/module/hms/core/scan/libscandecode_napi.z.so
5a458dd000-5a458de000 rw-p 00000000 [anon:libscandecode_napi.z.so.bss]
5a45900000-5a45920000 r--p 00000000 /system/lib64/platformsdk/libmindir.z.so
5a45920000-5a45998000 r-xp 0001f000 /system/lib64/platformsdk/libmindir.z.so
5a45998000-5a4599a000 r--p 00096000 /system/lib64/platformsdk/libmindir.z.so
5a4599a000-5a4599b000 rw-p 00097000 /system/lib64/platformsdk/libmindir.z.so
5a459c0000-5a459cf000 r--p 00000000 /system/lib64/platformsdk/libscandecode.z.so
5a459cf000-5a459e2000 r-xp 0000e000 /system/lib64/platformsdk/libscandecode.z.so
5a459e2000-5a459e4000 r--p 00020000 /system/lib64/platformsdk/libscandecode.z.so
5a459e4000-5a459e5000 rw-p 00021000 /system/lib64/platformsdk/libscandecode.z.so
5a459e5000-5a459e7000 rw-p 00000000 [anon:libscandecode.z.so.bss]
5a45a00000-5a45a87000 r--p 00000000 /system/lib64/platformsdk/libscan_zxreader.z.so
5a45a87000-5a45b85000 r-xp 00086000 /system/lib64/platformsdk/libscan_zxreader.z.so
5a45b85000-5a45b8c000 r--p 00183000 /system/lib64/platformsdk/libscan_zxreader.z.so
5a45b8c000-5a45b8e000 rw-p 00189000 /system/lib64/platformsdk/libscan_zxreader.z.so
5a45b8e000-5a45b90000 rw-p 00000000 [anon:libscan_zxreader.z.so.bss]
5a45bc0000-5a45bc7000 r--p 00000000 /system/lib64/module/hms/core/scan/libscanha_napi.z.so
5a45bc7000-5a45bda000 r-xp 00006000 /system/lib64/module/hms/core/scan/libscanha_napi.z.so
5a45bda000-5a45bdc000 r--p 00018000 /system/lib64/module/hms/core/scan/libscanha_napi.z.so
5a45bdc000-5a45bdd000 rw-p 00019000 /system/lib64/module/hms/core/scan/libscanha_napi.z.so
5a45c00000-5a45c01000 r--p 00000000 /system/lib64/module/hms/core/scan/libscancore_napi.z.so
5a45c01000-5a45c04000 r-xp 00000000 /system/lib64/module/hms/core/scan/libscancore_napi.z.so
5a45c04000-5a45c05000 r--p 00002000 /system/lib64/module/hms/core/scan/libscancore_napi.z.so
5a45c05000-5a45c06000 rw-p 00002000 /system/lib64/module/hms/core/scan/libscancore_napi.z.so
5a45c40000-5a45c41000 r--p 00000000 /data/storage/el1/bundle/libs/arm64/libphoto_processor.so
5a45c41000-5a45c44000 r-xp 00000000 /data/storage/el1/bundle/libs/arm64/libphoto_processor.so
5a45c44000-5a45c46000 r--p 00002000 /data/storage/el1/bundle/libs/arm64/libphoto_processor.so
5a45c46000-5a45c47000 rw-p 00003000 /data/storage/el1/bundle/libs/arm64/libphoto_processor.so
5a45c47000-5a45c57000 rw-p 00000000 [anon:libphoto_processor.so.bss]
5a45c80000-5a45c88000 r--p 00000000 /system/lib64/libaps_client.z.so
5a45c88000-5a45c96000 r-xp 00007000 /system/lib64/libaps_client.z.so
5a45c96000-5a45c99000 r--p 00014000 /system/lib64/libaps_client.z.so
5a45c99000-5a45c9a000 rw-p 00016000 /system/lib64/libaps_client.z.so
5a45c9a000-5a45c9b000 rw-p 00000000 [anon:libaps_client.z.so.bss]
5a45c9b000-5a45c9d000 ---p 00000000 [anon:guard:23211]
5a45c9d000-5a45d9e000 rw-p 00000000 [anon:stack:23211]
5a45dc0000-5a45dee000 r--p 00000000 /system/lib64/libgamecontroller_fwk_client.z.so
5a45dee000-5a45e4f000 r-xp 0002d000 /system/lib64/libgamecontroller_fwk_client.z.so
5a45e4f000-5a45e55000 r--p 0008d000 /system/lib64/libgamecontroller_fwk_client.z.so
5a45e55000-5a45e56000 rw-p 00092000 /system/lib64/libgamecontroller_fwk_client.z.so
5a45e80000-5a45e81000 r--p 00000000 /system/lib64/libgamecontroller_event.z.so
5a45e81000-5a45e84000 r-xp 00000000 /system/lib64/libgamecontroller_event.z.so
5a45e84000-5a45e85000 r--p 00002000 /system/lib64/libgamecontroller_event.z.so
5a45e85000-5a45e86000 rw-p 00002000 /system/lib64/libgamecontroller_event.z.so
5a45ec0000-5a45ecd000 r--p 00000000 /system/lib64/libgamecontroller_client.z.so
5a45ecd000-5a45ee5000 r-xp 0000c000 /system/lib64/libgamecontroller_client.z.so
5a45ee5000-5a45eeb000 r--p 00023000 /system/lib64/libgamecontroller_client.z.so
5a45eeb000-5a45eec000 rw-p 00028000 /system/lib64/libgamecontroller_client.z.so
5a45f00000-5a45f0e000 r--p 00000000 /system/lib64/libark_connect_inspector.z.so
5a45f0e000-5a45f23000 r-xp 0000d000 /system/lib64/libark_connect_inspector.z.so
5a45f23000-5a45f25000 r--p 00021000 /system/lib64/libark_connect_inspector.z.so
5a45f25000-5a45f26000 rw-p 00022000 /system/lib64/libark_connect_inspector.z.so
5a45f26000-5a45f28000 ---p 00000000 [anon:guard:23213]
5a45f28000-5a46029000 rw-p 00000000 [anon:stack:23213]
5a46040000-5a46046000 r--p 00000000 /system/lib64/libframeawaresched.so
5a46046000-5a46064000 r-xp 00005000 /system/lib64/libframeawaresched.so
5a46064000-5a46065000 r--p 00022000 /system/lib64/libframeawaresched.so
5a46065000-5a46066000 rw-p 00022000 /system/lib64/libframeawaresched.so
5a46066000-5a46067000 rw-p 00000000 [anon:libframeawaresched.so.bss]
5a46080000-5a46085000 r--p 00000000 /system/lib64/libframe_ui_utils.z.so
5a46085000-5a4608a000 r-xp 00004000 /system/lib64/libframe_ui_utils.z.so
5a4608a000-5a4608b000 r--p 00008000 /system/lib64/libframe_ui_utils.z.so
5a4608b000-5a4608c000 rw-p 00008000 /system/lib64/libframe_ui_utils.z.so
5a4608c000-5a4608e000 ---p 00000000 [anon:guard:23216]
5a4608e000-5a4618f000 rw-p 00000000 [anon:stack:23216]
5a461c0000-5a461c1000 r--p 00000000 /system/lib64/lib_cpuboost.so
5a461c1000-5a461c3000 r-xp 00000000 /system/lib64/lib_cpuboost.so
5a461c3000-5a461c4000 r--p 00001000 /system/lib64/lib_cpuboost.so
5a461c4000-5a461c5000 rw-p 00001000 /system/lib64/lib_cpuboost.so
5a461c5000-5a463c5000 rw-s 00000000 [io]
5a463c5000-5a463c7000 ---p 00000000 [anon:guard:23221]
5a463c7000-5a464c8000 rw-p 00000000 [anon:stack:23221]
5a46580000-5a46743000 r--p 00000000 /system/framework/etsstdlib_bootabc.abc
5a46743000-5a46d15000 r--p 00000000 /system/framework/arkoala.abc
5a46d15000-5a46f43000 r--p 00000000 /system/framework/assembled_advanced_ets_abc.abc
5a46f43000-5a46fc9000 r--p 00000000 /system/framework/camera_framework_taihe_abc.abc
5a46fc9000-5a47009000 r--p 00000000 /system/framework/ets2abc_commonsdk_api.abc
5a47009000-5a47052000 r--p 00000000 /system/framework/photo_access_helper.abc
5a47052000-5a470a3000 r--p 00000000 /system/framework/window_stage_ani.abc
5a470c0000-5a470d2000 r--p 00000000 /system/lib64/libarkts_frontend.z.so
5a470d2000-5a470fd000 r-xp 00011000 /system/lib64/libarkts_frontend.z.so
5a470fd000-5a47102000 r--p 0003b000 /system/lib64/libarkts_frontend.z.so
5a47102000-5a47103000 rw-p 0003f000 /system/lib64/libarkts_frontend.z.so
5a47140000-5a47141000 r--p 00000000 /system/lib64/ndk/libhilog_ndk.z.so
5a47141000-5a47144000 r-xp 00000000 /system/lib64/ndk/libhilog_ndk.z.so
5a47144000-5a47145000 r--p 00002000 /system/lib64/ndk/libhilog_ndk.z.so
5a47145000-5a47146000 rw-p 00002000 /system/lib64/ndk/libhilog_ndk.z.so
5a47180000-5a472bf000 r--p 00000000 /system/lib64/libArkoalaNative_ark.z.so
5a472bf000-5a475a1000 r-xp 0013e000 /system/lib64/libArkoalaNative_ark.z.so
5a475a1000-5a475b2000 r--p 0041f000 /system/lib64/libArkoalaNative_ark.z.so
5a475b2000-5a475b3000 rw-p 0042f000 /system/lib64/libArkoalaNative_ark.z.so
5a475c0000-5a475e0000 r--p 00000000 /system/lib64/libimage_taihe.z.so
5a475e0000-5a47666000 r-xp 0001f000 /system/lib64/libimage_taihe.z.so
5a47666000-5a4766b000 r--p 000a4000 /system/lib64/libimage_taihe.z.so
5a4766b000-5a4766c000 rw-p 000a8000 /system/lib64/libimage_taihe.z.so
5a4766c000-5a47671000 rw-p 00000000 [anon:libimage_taihe.z.so.bss]
5a47680000-5a47699000 r--p 00000000 /system/lib64/libarkoala_native_ani.so
5a47699000-5a476db000 r-xp 00018000 /system/lib64/libarkoala_native_ani.so
5a476db000-5a476df000 r--p 00059000 /system/lib64/libarkoala_native_ani.so
5a476df000-5a476e0000 rw-p 0005c000 /system/lib64/libarkoala_native_ani.so
5a476e0000-5a476e1000 rw-p 00000000 [anon:libarkoala_native_ani.so.bss]
5a47700000-5a47701000 r--p 00000000 /system/lib64/platformsdk/libani_base_context.z.so
5a47701000-5a47704000 r-xp 00000000 /system/lib64/platformsdk/libani_base_context.z.so
5a47704000-5a47705000 r--p 00002000 /system/lib64/platformsdk/libani_base_context.z.so
5a47705000-5a47706000 rw-p 00002000 /system/lib64/platformsdk/libani_base_context.z.so
5a47740000-5a47777000 r--p 00000000 /system/lib64/libdrawing_ani.so
5a47777000-5a477d2000 r-xp 00036000 /system/lib64/libdrawing_ani.so
5a477d2000-5a477d7000 r--p 00090000 /system/lib64/libdrawing_ani.so
5a477d7000-5a477d8000 rw-p 00094000 /system/lib64/libdrawing_ani.so
5a477d8000-5a477d9000 rw-p 00000000 [anon:libdrawing_ani.so.bss]
5a47800000-5a478cd000 r--p 00000000 /system/lib64/libudmf_taihe_native.z.so
5a478cd000-5a47a1c000 r-xp 000cc000 /system/lib64/libudmf_taihe_native.z.so
5a47a1c000-5a47a29000 r--p 0021a000 /system/lib64/libudmf_taihe_native.z.so
5a47a29000-5a47a2a000 rw-p 00226000 /system/lib64/libudmf_taihe_native.z.so
5a47a2a000-5a47a36000 rw-p 00000000 [anon:libudmf_taihe_native.z.so.bss]
5a47a40000-5a47a43000 r--p 00000000 /system/lib64/libani_color_space_object_convertor.so
5a47a43000-5a47a4a000 r-xp 00002000 /system/lib64/libani_color_space_object_convertor.so
5a47a4a000-5a47a4b000 r--p 00008000 /system/lib64/libani_color_space_object_convertor.so
5a47a4b000-5a47a4c000 rw-p 00008000 /system/lib64/libani_color_space_object_convertor.so
5a47a80000-5a47a82000 r--p 00000000 /system/lib64/platformsdk/libani_ui_extension_callback.z.so
5a47a82000-5a47a86000 r-xp 00001000 /system/lib64/platformsdk/libani_ui_extension_callback.z.so
5a47a86000-5a47a87000 r--p 00004000 /system/lib64/platformsdk/libani_ui_extension_callback.z.so
5a47a87000-5a47a88000 rw-p 00004000 /system/lib64/platformsdk/libani_ui_extension_callback.z.so
5a47ac0000-5a47ac5000 r--p 00000000 /system/lib64/libcaller_complex_ani.so
5a47ac5000-5a47acc000 r-xp 00004000 /system/lib64/libcaller_complex_ani.so
5a47acc000-5a47ace000 r--p 0000a000 /system/lib64/libcaller_complex_ani.so
5a47ace000-5a47acf000 rw-p 0000b000 /system/lib64/libcaller_complex_ani.so
5a47b00000-5a47b05000 r--p 00000000 /system/lib64/libui_service_extension_connection_ani.z.so
5a47b05000-5a47b0a000 r-xp 00004000 /system/lib64/libui_service_extension_connection_ani.z.so
5a47b0a000-5a47b0b000 r--p 00008000 /system/lib64/libui_service_extension_connection_ani.z.so
5a47b0b000-5a47b0d000 rw-p 00008000 /system/lib64/libui_service_extension_connection_ani.z.so
5a47b40000-5a47b97000 r--p 00000000 /system/lib64/platformsdk/libwindowstageani_kit.z.so
5a47b97000-5a47c39000 r-xp 00056000 /system/lib64/platformsdk/libwindowstageani_kit.z.so
5a47c39000-5a47c42000 r--p 000f7000 /system/lib64/platformsdk/libwindowstageani_kit.z.so
5a47c42000-5a47c43000 rw-p 000ff000 /system/lib64/platformsdk/libwindowstageani_kit.z.so
5a47c43000-5a47c44000 rw-p 00000000 [anon:libwindowstageani_kit.z.so.bss]
5a47c80000-5a47c82000 r--p 00000000 /system/lib64/platformsdk/libdialog_request_info_ani_kit.z.so
5a47c82000-5a47c85000 r-xp 00001000 /system/lib64/platformsdk/libdialog_request_info_ani_kit.z.so
5a47c85000-5a47c86000 r--p 00003000 /system/lib64/platformsdk/libdialog_request_info_ani_kit.z.so
5a47c86000-5a47c87000 rw-p 00003000 /system/lib64/platformsdk/libdialog_request_info_ani_kit.z.so
5a47cc0000-5a47cc4000 r--p 00000000 /system/lib64/librpc_ani.so
5a47cc4000-5a47cc7000 r-xp 00003000 /system/lib64/librpc_ani.so
5a47cc7000-5a47cc9000 r--p 00005000 /system/lib64/librpc_ani.so
5a47cc9000-5a47cca000 rw-p 00006000 /system/lib64/librpc_ani.so
5a47d00000-5a47d35000 r--p 00000000 /system/lib64/platformsdk/libui_ability_ani.z.so
5a47d35000-5a47d74000 r-xp 00034000 /system/lib64/platformsdk/libui_ability_ani.z.so
5a47d74000-5a47d79000 r--p 00072000 /system/lib64/platformsdk/libui_ability_ani.z.so
5a47d79000-5a47d7a000 rw-p 00076000 /system/lib64/platformsdk/libui_ability_ani.z.so
5a47d7a000-5a47d7b000 rw-p 00000000 [anon:libui_ability_ani.z.so.bss]
5a47d80000-5a47d94000 r--p 00000000 /system/lib64/platformsdk/libability_stage_ani.z.so
5a47d94000-5a47da5000 r-xp 00013000 /system/lib64/platformsdk/libability_stage_ani.z.so
5a47da5000-5a47da7000 r--p 00023000 /system/lib64/platformsdk/libability_stage_ani.z.so
5a47da7000-5a47da8000 rw-p 00024000 /system/lib64/platformsdk/libability_stage_ani.z.so
5a47dc0000-5a47dc1000 r--p 00000000 /system/lib64/platformsdk/libnapi_base_context.z.so
5a47dc1000-5a47dc2000 r-xp 00000000 /system/lib64/platformsdk/libnapi_base_context.z.so
5a47dc2000-5a47dc3000 r--p 00000000 /system/lib64/platformsdk/libnapi_base_context.z.so
5a47dc3000-5a47dc4000 rw-p 00000000 /system/lib64/platformsdk/libnapi_base_context.z.so
5a47dc4000-5a47dc5000 rw-p 00000000 [anon:libnapi_base_context.z.so.bss]
5a47e00000-5a47e13000 r--p 00000000 /system/lib64/module/ability/libfeatureability.z.so
5a47e13000-5a47e2e000 r-xp 00012000 /system/lib64/module/ability/libfeatureability.z.so
5a47e2e000-5a47e32000 r--p 0002c000 /system/lib64/module/ability/libfeatureability.z.so
5a47e32000-5a47e33000 rw-p 0002f000 /system/lib64/module/ability/libfeatureability.z.so
5a47e33000-5a47e34000 rw-p 00000000 [anon:libfeatureability.z.so.bss]
5a47e40000-5a47e66000 r--p 00000000 /system/lib64/platformsdk/libnapi_ability_common.z.so
5a47e66000-5a47e94000 r-xp 00025000 /system/lib64/platformsdk/libnapi_ability_common.z.so
5a47e94000-5a47e98000 r--p 00052000 /system/lib64/platformsdk/libnapi_ability_common.z.so
5a47e98000-5a47e99000 rw-p 00055000 /system/lib64/platformsdk/libnapi_ability_common.z.so
5a47e99000-5a47e9a000 rw-p 00000000 [anon:libnapi_ability_common.z.so.bss]
5a47ec0000-5a47ed4000 r--p 00000000 /system/lib64/platformsdk/libaccount_iam_napi.z.so
5a47ed4000-5a47ef2000 r-xp 00013000 /system/lib64/platformsdk/libaccount_iam_napi.z.so
5a47ef2000-5a47ef4000 r--p 00030000 /system/lib64/platformsdk/libaccount_iam_napi.z.so
5a47ef4000-5a47ef5000 rw-p 00031000 /system/lib64/platformsdk/libaccount_iam_napi.z.so
5a47ef5000-5a47ef6000 rw-p 00000000 [anon:libaccount_iam_napi.z.so.bss]
5a47f00000-5a47f06000 r--p 00000000 /system/lib64/platformsdk/libaccount_napi_common.z.so
5a47f06000-5a47f0e000 r-xp 00005000 /system/lib64/platformsdk/libaccount_napi_common.z.so
5a47f0e000-5a47f10000 r--p 0000c000 /system/lib64/platformsdk/libaccount_napi_common.z.so
5a47f10000-5a47f11000 rw-p 0000d000 /system/lib64/platformsdk/libaccount_napi_common.z.so
5a47f40000-5a47f5c000 r--p 00000000 /system/lib64/platformsdk/libuserauth_client.z.so
5a47f5c000-5a47fa1000 r-xp 0001b000 /system/lib64/platformsdk/libuserauth_client.z.so
5a47fa1000-5a47fb1000 r--p 0005f000 /system/lib64/platformsdk/libuserauth_client.z.so
5a47fb1000-5a47fb2000 rw-p 0006e000 /system/lib64/platformsdk/libuserauth_client.z.so
5a47fc0000-5a47fc9000 r--p 00000000 /system/lib64/platformsdk/libdomain_account_napi.z.so
5a47fc9000-5a47fdb000 r-xp 00008000 /system/lib64/platformsdk/libdomain_account_napi.z.so
5a47fdb000-5a47fde000 r--p 00019000 /system/lib64/platformsdk/libdomain_account_napi.z.so
5a47fde000-5a47fdf000 rw-p 0001b000 /system/lib64/platformsdk/libdomain_account_napi.z.so
5a48000000-5a48006000 r--p 00000000 /system/lib64/platformsdk/libauthorization_napi.z.so
5a48006000-5a4800f000 r-xp 00005000 /system/lib64/platformsdk/libauthorization_napi.z.so
5a4800f000-5a48011000 r--p 0000d000 /system/lib64/platformsdk/libauthorization_napi.z.so
5a48011000-5a48012000 rw-p 0000e000 /system/lib64/platformsdk/libauthorization_napi.z.so
5a48040000-5a4804c000 r--p 00000000 /system/lib64/platformsdk/libpinauth_framework.z.so
5a4804c000-5a48070000 r-xp 0000b000 /system/lib64/platformsdk/libpinauth_framework.z.so
5a48070000-5a48074000 r--p 0002e000 /system/lib64/platformsdk/libpinauth_framework.z.so
5a48074000-5a48075000 rw-p 00031000 /system/lib64/platformsdk/libpinauth_framework.z.so
5a48080000-5a4808d000 r--p 00000000 /system/lib64/module/account/libosaccount.z.so
5a4808d000-5a480a6000 r-xp 0000c000 /system/lib64/module/account/libosaccount.z.so
5a480a6000-5a480a8000 r--p 00024000 /system/lib64/module/account/libosaccount.z.so
5a480a8000-5a480aa000 rw-p 00025000 /system/lib64/module/account/libosaccount.z.so
5a480c0000-5a480d4000 r--p 00000000 /system/lib64/platformsdk/libaccount_iam_innerkits.z.so
5a480d4000-5a480ec000 r-xp 00013000 /system/lib64/platformsdk/libaccount_iam_innerkits.z.so
5a480ec000-5a480f7000 r--p 0002a000 /system/lib64/platformsdk/libaccount_iam_innerkits.z.so
5a480f7000-5a480f8000 rw-p 00034000 /system/lib64/platformsdk/libaccount_iam_innerkits.z.so
5a480f8000-5a480f9000 rw-p 00000000 [anon:libaccount_iam_innerkits.z.so.bss]
5a48100000-5a4810a000 r--p 00000000 /system/lib64/platformsdk/libauthorization_innerkits.z.so
5a4810a000-5a48114000 r-xp 00009000 /system/lib64/platformsdk/libauthorization_innerkits.z.so
5a48114000-5a4811a000 r--p 00012000 /system/lib64/platformsdk/libauthorization_innerkits.z.so
5a4811a000-5a4811b000 rw-p 00017000 /system/lib64/platformsdk/libauthorization_innerkits.z.so
5a48140000-5a48147000 r--p 00000000 /system/lib64/module/libanimator.z.so
5a48147000-5a4815f000 r-xp 00006000 /system/lib64/module/libanimator.z.so
5a4815f000-5a48162000 r--p 0001d000 /system/lib64/module/libanimator.z.so
5a48162000-5a48163000 rw-p 0001f000 /system/lib64/module/libanimator.z.so
5a48180000-5a48181000 r--p 00000000 /system/lib64/module/app/ability/libabilitystage.z.so
5a48181000-5a48182000 r-xp 00000000 /system/lib64/module/app/ability/libabilitystage.z.so
5a48182000-5a48183000 r--p 00000000 /system/lib64/module/app/ability/libabilitystage.z.so
5a48183000-5a48185000 rw-p 00000000 /system/lib64/module/app/ability/libabilitystage.z.so
5a481c0000-5a481c2000 r--p 00000000 /system/lib64/module/libhilog.z.so
5a481c2000-5a481c6000 r-xp 00001000 /system/lib64/module/libhilog.z.so
5a481c6000-5a481c8000 r--p 00004000 /system/lib64/module/libhilog.z.so
5a481c8000-5a481c9000 rw-p 00005000 /system/lib64/module/libhilog.z.so
5a48200000-5a48201000 r--p 00000000 /system/lib64/module/app/ability/libconfigurationconstant.z.so
5a48201000-5a48203000 r-xp 00000000 /system/lib64/module/app/ability/libconfigurationconstant.z.so
5a48203000-5a48204000 r--p 00001000 /system/lib64/module/app/ability/libconfigurationconstant.z.so
5a48204000-5a48205000 rw-p 00001000 /system/lib64/module/app/ability/libconfigurationconstant.z.so
5a48240000-5a48241000 r--p 00000000 /system/lib64/module/app/ability/libextensionability_napi.z.so
5a48241000-5a48242000 r-xp 00000000 /system/lib64/module/app/ability/libextensionability_napi.z.so
5a48242000-5a48243000 r--p 00000000 /system/lib64/module/app/ability/libextensionability_napi.z.so
5a48243000-5a48245000 rw-p 00000000 /system/lib64/module/app/ability/libextensionability_napi.z.so
5a48280000-5a48281000 r--p 00000000 /system/lib64/module/app/ability/libuiability.z.so
5a48281000-5a48282000 r-xp 00000000 /system/lib64/module/app/ability/libuiability.z.so
5a48282000-5a48283000 r--p 00000000 /system/lib64/module/app/ability/libuiability.z.so
5a48283000-5a48286000 rw-p 00000000 /system/lib64/module/app/ability/libuiability.z.so
5a482c0000-5a482c1000 r--p 00000000 /system/lib64/module/application/libcallee_napi.z.so
5a482c1000-5a482c2000 r-xp 00000000 /system/lib64/module/application/libcallee_napi.z.so
5a482c2000-5a482c3000 r--p 00000000 /system/lib64/module/application/libcallee_napi.z.so
5a482c3000-5a482c8000 rw-p 00000000 /system/lib64/module/application/libcallee_napi.z.so
5a48300000-5a48305000 r--p 00000000 /system/lib64/module/librpc.z.so
5a48305000-5a4830f000 r-xp 00004000 /system/lib64/module/librpc.z.so
5a4830f000-5a48310000 r--p 0000d000 /system/lib64/module/librpc.z.so
5a48310000-5a48311000 rw-p 0000d000 /system/lib64/module/librpc.z.so
5a48340000-5a4834b000 r--p 00000000 /system/lib64/module/libabilityaccessctrl.z.so
5a4834b000-5a48378000 r-xp 0000a000 /system/lib64/module/libabilityaccessctrl.z.so
5a48378000-5a4837d000 r--p 00036000 /system/lib64/module/libabilityaccessctrl.z.so
5a4837d000-5a4837e000 rw-p 0003a000 /system/lib64/module/libabilityaccessctrl.z.so
5a48380000-5a48382000 r--p 00000000 /system/lib64/module/app/ability/libabilityconstant.z.so
5a48382000-5a48384000 r-xp 00001000 /system/lib64/module/app/ability/libabilityconstant.z.so
5a48384000-5a48385000 r--p 00002000 /system/lib64/module/app/ability/libabilityconstant.z.so
5a48385000-5a48386000 rw-p 00002000 /system/lib64/module/app/ability/libabilityconstant.z.so
5a483c0000-5a483c1000 r--p 00000000 /system/lib64/module/app/ability/libuiextensionability_napi.z.so
5a483c1000-5a483c2000 r-xp 00000000 /system/lib64/module/app/ability/libuiextensionability_napi.z.so
5a483c2000-5a483c3000 r--p 00000000 /system/lib64/module/app/ability/libuiextensionability_napi.z.so
5a483c3000-5a483c5000 rw-p 00000000 /system/lib64/module/app/ability/libuiextensionability_napi.z.so
5a48400000-5a48401000 r--p 00000000 /system/lib64/module/app/ability/libcontextconstant_napi.z.so
5a48401000-5a48403000 r-xp 00000000 /system/lib64/module/app/ability/libcontextconstant_napi.z.so
5a48403000-5a48404000 r--p 00001000 /system/lib64/module/app/ability/libcontextconstant_napi.z.so
5a48404000-5a48405000 rw-p 00001000 /system/lib64/module/app/ability/libcontextconstant_napi.z.so
5a48440000-5a48441000 r--p 00000000 /system/lib64/module/application/libability_napi.z.so
5a48441000-5a48442000 r-xp 00000000 /system/lib64/module/application/libability_napi.z.so
5a48442000-5a48443000 r--p 00000000 /system/lib64/module/application/libability_napi.z.so
5a48443000-5a48446000 rw-p 00000000 /system/lib64/module/application/libability_napi.z.so
5a48480000-5a48481000 r--p 00000000 /system/lib64/module/application/libabilitycontext_napi.z.so
5a48481000-5a48482000 r-xp 00000000 /system/lib64/module/application/libabilitycontext_napi.z.so
5a48482000-5a48483000 r--p 00000000 /system/lib64/module/application/libabilitycontext_napi.z.so
5a48483000-5a48489000 rw-p 00000000 /system/lib64/module/application/libabilitycontext_napi.z.so
5a484c0000-5a484c1000 r--p 00000000 /system/lib64/module/application/libcontext_napi.z.so
5a484c1000-5a484c2000 r-xp 00000000 /system/lib64/module/application/libcontext_napi.z.so
5a484c2000-5a484c3000 r--p 00000000 /system/lib64/module/application/libcontext_napi.z.so
5a484c3000-5a484c9000 rw-p 00000000 /system/lib64/module/application/libcontext_napi.z.so
5a48500000-5a48501000 r--p 00000000 /system/lib64/module/application/libcaller_napi.z.so
5a48501000-5a48502000 r-xp 00000000 /system/lib64/module/application/libcaller_napi.z.so
5a48502000-5a48503000 r--p 00000000 /system/lib64/module/application/libcaller_napi.z.so
5a48503000-5a48509000 rw-p 00000000 /system/lib64/module/application/libcaller_napi.z.so
5a48540000-5a48541000 r--p 00000000 /system/lib64/module/application/libabilitystage_napi.z.so
5a48541000-5a48542000 r-xp 00000000 /system/lib64/module/application/libabilitystage_napi.z.so
5a48542000-5a48543000 r--p 00000000 /system/lib64/module/application/libabilitystage_napi.z.so
5a48543000-5a48545000 rw-p 00000000 /system/lib64/module/application/libabilitystage_napi.z.so
5a48580000-5a48581000 r--p 00000000 /system/lib64/module/application/libabilitystagecontext_napi.z.so
5a48581000-5a48582000 r-xp 00000000 /system/lib64/module/application/libabilitystagecontext_napi.z.so
5a48582000-5a48583000 r--p 00000000 /system/lib64/module/application/libabilitystagecontext_napi.z.so
5a48583000-5a48585000 rw-p 00000000 /system/lib64/module/application/libabilitystagecontext_napi.z.so
5a485c0000-5a485c1000 r--p 00000000 /system/lib64/module/application/libapplicationcontext_napi.z.so
5a485c1000-5a485c2000 r-xp 00000000 /system/lib64/module/application/libapplicationcontext_napi.z.so
5a485c2000-5a485c3000 r--p 00000000 /system/lib64/module/application/libapplicationcontext_napi.z.so
5a485c3000-5a485ca000 rw-p 00000000 /system/lib64/module/application/libapplicationcontext_napi.z.so
5a48600000-5a48601000 r--p 00000000 /system/lib64/module/application/libextensioncontext_napi.z.so
5a48601000-5a48602000 r-xp 00000000 /system/lib64/module/application/libextensioncontext_napi.z.so
5a48602000-5a48603000 r--p 00000000 /system/lib64/module/application/libextensioncontext_napi.z.so
5a48603000-5a48605000 rw-p 00000000 /system/lib64/module/application/libextensioncontext_napi.z.so
5a48640000-5a48641000 r--p 00000000 /system/lib64/module/application/libserviceextensionability_napi.z.so
5a48641000-5a48642000 r-xp 00000000 /system/lib64/module/application/libserviceextensionability_napi.z.so
5a48642000-5a48643000 r--p 00000000 /system/lib64/module/application/libserviceextensionability_napi.z.so
5a48643000-5a48645000 rw-p 00000000 /system/lib64/module/application/libserviceextensionability_napi.z.so
5a48680000-5a48681000 r--p 00000000 /system/lib64/module/application/libserviceextensioncontext_napi.z.so
5a48681000-5a48682000 r-xp 00000000 /system/lib64/module/application/libserviceextensioncontext_napi.z.so
5a48682000-5a48683000 r--p 00000000 /system/lib64/module/application/libserviceextensioncontext_napi.z.so
5a48683000-5a48688000 rw-p 00000000 /system/lib64/module/application/libserviceextensioncontext_napi.z.so
5a486c0000-5a486c1000 r--p 00000000 /system/lib64/module/application/libwindowstage.z.so
5a486c1000-5a486c4000 r-xp 00000000 /system/lib64/module/application/libwindowstage.z.so
5a486c4000-5a486c5000 r--p 00002000 /system/lib64/module/application/libwindowstage.z.so
5a486c5000-5a486c7000 rw-p 00002000 /system/lib64/module/application/libwindowstage.z.so
5a48700000-5a48703000 r--p 00000000 /system/lib64/module/libbatteryinfo.z.so
5a48703000-5a48708000 r-xp 00002000 /system/lib64/module/libbatteryinfo.z.so
5a48708000-5a48709000 r--p 00006000 /system/lib64/module/libbatteryinfo.z.so
5a48709000-5a4870a000 rw-p 00006000 /system/lib64/module/libbatteryinfo.z.so
5a48740000-5a48744000 r--p 00000000 /system/lib64/platformsdk/libbatterysrv_client.z.so
5a48744000-5a4874d000 r-xp 00003000 /system/lib64/platformsdk/libbatterysrv_client.z.so
5a4874d000-5a4874e000 r--p 0000b000 /system/lib64/platformsdk/libbatterysrv_client.z.so
5a4874e000-5a4874f000 rw-p 0000b000 /system/lib64/platformsdk/libbatterysrv_client.z.so
5a48780000-5a48784000 r--p 00000000 /system/lib64/module/libbuffer.z.so
5a48784000-5a48791000 r-xp 00003000 /system/lib64/module/libbuffer.z.so
5a48791000-5a48793000 r--p 0000f000 /system/lib64/module/libbuffer.z.so
5a48793000-5a487b5000 rw-p 00010000 /system/lib64/module/libbuffer.z.so
5a487c0000-5a487cd000 r--p 00000000 /system/lib64/module/libbundle.z.so
5a487cd000-5a487f6000 r-xp 0000c000 /system/lib64/module/libbundle.z.so
5a487f6000-5a487fa000 r--p 00034000 /system/lib64/module/libbundle.z.so
5a487fa000-5a487fb000 rw-p 00037000 /system/lib64/module/libbundle.z.so
5a48800000-5a48803000 r--p 00000000 /system/lib64/platformsdk/libbundlemgr_graphics.z.so
5a48803000-5a48807000 r-xp 00002000 /system/lib64/platformsdk/libbundlemgr_graphics.z.so
5a48807000-5a48808000 r--p 00005000 /system/lib64/platformsdk/libbundlemgr_graphics.z.so
5a48808000-5a48809000 rw-p 00005000 /system/lib64/platformsdk/libbundlemgr_graphics.z.so
5a48840000-5a4885d000 r--p 00000000 /system/lib64/libnapi_commoneventmanager.z.so
5a4885d000-5a4887a000 r-xp 0001c000 /system/lib64/libnapi_commoneventmanager.z.so
5a4887a000-5a4887c000 r--p 00038000 /system/lib64/libnapi_commoneventmanager.z.so
5a4887c000-5a4887d000 rw-p 00039000 /system/lib64/libnapi_commoneventmanager.z.so
5a4887d000-5a4887e000 rw-p 00000000 [anon:libnapi_commoneventmanager.z.so.bss]
5a48880000-5a48881000 r--p 00000000 /system/lib64/module/libcommoneventmanager.z.so
5a48881000-5a48884000 r-xp 00000000 /system/lib64/module/libcommoneventmanager.z.so
5a48884000-5a48885000 r--p 00002000 /system/lib64/module/libcommoneventmanager.z.so
5a48885000-5a48886000 rw-p 00002000 /system/lib64/module/libcommoneventmanager.z.so
5a488c0000-5a488cc000 r--p 00000000 /system/lib64/module/libcontact.z.so
5a488cc000-5a48906000 r-xp 0000b000 /system/lib64/module/libcontact.z.so
5a48906000-5a48909000 r--p 00044000 /system/lib64/module/libcontact.z.so
5a48909000-5a48911000 rw-p 00046000 /system/lib64/module/libcontact.z.so
5a48911000-5a48912000 rw-p 00000000 [anon:libcontact.z.so.bss]
5a48940000-5a48943000 r--p 00000000 /system/lib64/module/libdeviceinfo.z.so
5a48943000-5a48948000 r-xp 00002000 /system/lib64/module/libdeviceinfo.z.so
5a48948000-5a4894a000 r--p 00006000 /system/lib64/module/libdeviceinfo.z.so
5a4894a000-5a4894b000 rw-p 00007000 /system/lib64/module/libdeviceinfo.z.so
5a48980000-5a48990000 r--p 00000000 /system/lib64/module/data/libdatashare.z.so
5a48990000-5a489d0000 r-xp 0000f000 /system/lib64/module/data/libdatashare.z.so
5a489d0000-5a489d5000 r--p 0004e000 /system/lib64/module/data/libdatashare.z.so
5a489d5000-5a489d6000 rw-p 00052000 /system/lib64/module/data/libdatashare.z.so
5a489d6000-5a489d7000 rw-p 00000000 [anon:libdatashare.z.so.bss]
5a48a00000-5a48a01000 r--p 00000000 /system/lib64/module/data/libdatasharepredicates.z.so
5a48a01000-5a48a04000 r-xp 00000000 /system/lib64/module/data/libdatasharepredicates.z.so
5a48a04000-5a48a05000 r--p 00002000 /system/lib64/module/data/libdatasharepredicates.z.so
5a48a05000-5a48a06000 rw-p 00002000 /system/lib64/module/data/libdatasharepredicates.z.so
5a48a40000-5a48a5c000 r--p 00000000 /system/lib64/module/data/libdistributedkvstore.z.so
5a48a5c000-5a48aac000 r-xp 0001b000 /system/lib64/module/data/libdistributedkvstore.z.so
5a48aac000-5a48ab3000 r--p 0006a000 /system/lib64/module/data/libdistributedkvstore.z.so
5a48ab3000-5a48ab4000 rw-p 00070000 /system/lib64/module/data/libdistributedkvstore.z.so
5a48ac0000-5a48ac8000 r--p 00000000 /system/lib64/module/data/libpreferences.z.so
5a48ac8000-5a48ae4000 r-xp 00007000 /system/lib64/module/data/libpreferences.z.so
5a48ae4000-5a48ae7000 r--p 00022000 /system/lib64/module/data/libpreferences.z.so
5a48ae7000-5a48ae8000 rw-p 00024000 /system/lib64/module/data/libpreferences.z.so
5a48b00000-5a48b07000 r--p 00000000 /system/lib64/libpreferences_jscommon.z.so
5a48b07000-5a48b12000 r-xp 00006000 /system/lib64/libpreferences_jscommon.z.so
5a48b12000-5a48b14000 r--p 00010000 /system/lib64/libpreferences_jscommon.z.so
5a48b14000-5a48b15000 rw-p 00011000 /system/lib64/libpreferences_jscommon.z.so
5a48b40000-5a48b5b000 r--p 00000000 /system/lib64/module/data/librelationalstore.z.so
5a48b5b000-5a48bf5000 r-xp 0001a000 /system/lib64/module/data/librelationalstore.z.so
5a48bf5000-5a48bfd000 r--p 000b3000 /system/lib64/module/data/librelationalstore.z.so
5a48bfd000-5a48bfe000 rw-p 000ba000 /system/lib64/module/data/librelationalstore.z.so
5a48c00000-5a48c0e000 r--p 00000000 /system/lib64/module/libdisplay_napi.z.so
5a48c0e000-5a48c32000 r-xp 0000d000 /system/lib64/module/libdisplay_napi.z.so
5a48c32000-5a48c35000 r--p 00030000 /system/lib64/module/libdisplay_napi.z.so
5a48c35000-5a48c36000 rw-p 00032000 /system/lib64/module/libdisplay_napi.z.so
5a48c40000-5a48c49000 r--p 00000000 /system/lib64/module/file/libfileuri.z.so
5a48c49000-5a48c75000 r-xp 00008000 /system/lib64/module/file/libfileuri.z.so
5a48c75000-5a48c78000 r--p 00033000 /system/lib64/module/file/libfileuri.z.so
5a48c78000-5a48c79000 rw-p 00035000 /system/lib64/module/file/libfileuri.z.so
5a48c79000-5a48c7a000 rw-p 00000000 [anon:libfileuri.z.so.bss]
5a48c80000-5a48c8c000 r--p 00000000 /system/lib64/platformsdk/libfilemgmt_libn.z.so
5a48c8c000-5a48cad000 r-xp 0000b000 /system/lib64/platformsdk/libfilemgmt_libn.z.so
5a48cad000-5a48cb0000 r--p 0002b000 /system/lib64/platformsdk/libfilemgmt_libn.z.so
5a48cb0000-5a48cb1000 rw-p 0002d000 /system/lib64/platformsdk/libfilemgmt_libn.z.so
5a48cc0000-5a48cc6000 r--p 00000000 /system/lib64/module/file/libhash.z.so
5a48cc6000-5a48cd8000 r-xp 00005000 /system/lib64/module/file/libhash.z.so
5a48cd8000-5a48cdb000 r--p 00016000 /system/lib64/module/file/libhash.z.so
5a48cdb000-5a48cdc000 rw-p 00018000 /system/lib64/module/file/libhash.z.so
5a48d00000-5a48d07000 r--p 00000000 /system/lib64/module/file/libpicker.z.so
5a48d07000-5a48d26000 r-xp 00006000 /system/lib64/module/file/libpicker.z.so
5a48d26000-5a48d28000 r--p 00024000 /system/lib64/module/file/libpicker.z.so
5a48d28000-5a48d35000 rw-p 00025000 /system/lib64/module/file/libpicker.z.so
5a48d40000-5a48d56000 r--p 00000000 /system/lib64/module/libfileio.z.so
5a48d56000-5a48daf000 r-xp 00015000 /system/lib64/module/libfileio.z.so
5a48daf000-5a48db4000 r--p 0006d000 /system/lib64/module/libfileio.z.so
5a48db4000-5a48db5000 rw-p 00071000 /system/lib64/module/libfileio.z.so
5a48db5000-5a48db6000 rw-p 00000000 [anon:libfileio.z.so.bss]
5a48dc0000-5a48dc6000 r--p 00000000 /system/lib64/platformsdk/libremote_uri_native.z.so
5a48dc6000-5a48dd0000 r-xp 00005000 /system/lib64/platformsdk/libremote_uri_native.z.so
5a48dd0000-5a48dd1000 r--p 0000e000 /system/lib64/platformsdk/libremote_uri_native.z.so
5a48dd1000-5a48dd2000 rw-p 0000e000 /system/lib64/platformsdk/libremote_uri_native.z.so
5a48dd2000-5a48dd3000 rw-p 00000000 [anon:libremote_uri_native.z.so.bss]
5a48e00000-5a48e04000 r--p 00000000 /system/lib64/module/libhiappevent.z.so
5a48e04000-5a48e0c000 r-xp 00003000 /system/lib64/module/libhiappevent.z.so
5a48e0c000-5a48e0d000 r--p 0000a000 /system/lib64/module/libhiappevent.z.so
5a48e0d000-5a48e0e000 rw-p 0000a000 /system/lib64/module/libhiappevent.z.so
5a48e0e000-5a48e0f000 rw-p 00000000 [anon:libhiappevent.z.so.bss]
5a48e40000-5a48e42000 r--p 00000000 /system/lib64/module/libhitracemeter_napi.z.so
5a48e42000-5a48e45000 r-xp 00001000 /system/lib64/module/libhitracemeter_napi.z.so
5a48e45000-5a48e46000 r--p 00003000 /system/lib64/module/libhitracemeter_napi.z.so
5a48e46000-5a48e47000 rw-p 00003000 /system/lib64/module/libhitracemeter_napi.z.so
5a48e80000-5a48e8c000 r--p 00000000 /system/lib64/module/hiviewdfx/libhiappevent_napi.z.so
5a48e8c000-5a48eb0000 r-xp 0000b000 /system/lib64/module/hiviewdfx/libhiappevent_napi.z.so
5a48eb0000-5a48eb2000 r--p 0002e000 /system/lib64/module/hiviewdfx/libhiappevent_napi.z.so
5a48eb2000-5a48eb3000 rw-p 0002f000 /system/lib64/module/hiviewdfx/libhiappevent_napi.z.so
5a48eb3000-5a48eb4000 rw-p 00000000 [anon:libhiappevent_napi.z.so.bss]
5a48ec0000-5a48ecb000 r--p 00000000 /system/lib64/libhuaweiid_native_base.z.so
5a48ecb000-5a48ee0000 r-xp 0000a000 /system/lib64/libhuaweiid_native_base.z.so
5a48ee0000-5a48ee3000 r--p 0001e000 /system/lib64/libhuaweiid_native_base.z.so
5a48ee3000-5a48ee4000 rw-p 00020000 /system/lib64/libhuaweiid_native_base.z.so
5a48f00000-5a48f11000 r--p 00000000 /system/lib64/libhuaweiid_sa_client.z.so
5a48f11000-5a48f3d000 r-xp 00010000 /system/lib64/libhuaweiid_sa_client.z.so
5a48f3d000-5a48f40000 r--p 0003b000 /system/lib64/libhuaweiid_sa_client.z.so
5a48f40000-5a48f41000 rw-p 0003d000 /system/lib64/libhuaweiid_sa_client.z.so
5a48f41000-5a48f42000 rw-p 00000000 [anon:libhuaweiid_sa_client.z.so.bss]
5a48f80000-5a48f94000 r--p 00000000 /system/lib64/libhuaweiid_napi_base.z.so
5a48f94000-5a48fba000 r-xp 00013000 /system/lib64/libhuaweiid_napi_base.z.so
5a48fba000-5a48fbe000 r--p 00038000 /system/lib64/libhuaweiid_napi_base.z.so
5a48fbe000-5a48fbf000 rw-p 0003b000 /system/lib64/libhuaweiid_napi_base.z.so
5a48fc0000-5a48fd0000 r--p 00000000 /system/lib64/module/hms/core/libauthentication.z.so
5a48fd0000-5a48ff4000 r-xp 0000f000 /system/lib64/module/hms/core/libauthentication.z.so
5a48ff4000-5a48ff7000 r--p 00032000 /system/lib64/module/hms/core/libauthentication.z.so
5a48ff7000-5a48ffa000 rw-p 00034000 /system/lib64/module/hms/core/libauthentication.z.so
5a48ffa000-5a48ffb000 rw-p 00000000 [anon:libauthentication.z.so.bss]
5a49000000-5a49012000 r--p 00000000 /system/lib64/libhuaweiid_innerkits_ndk.z.so
5a49012000-5a4903f000 r-xp 00011000 /system/lib64/libhuaweiid_innerkits_ndk.z.so
5a4903f000-5a49043000 r--p 0003d000 /system/lib64/libhuaweiid_innerkits_ndk.z.so
5a49043000-5a49044000 rw-p 00040000 /system/lib64/libhuaweiid_innerkits_ndk.z.so
5a49080000-5a49087000 r--p 00000000 /system/lib64/libha_client.z.so
5a49087000-5a4909c000 r-xp 00006000 /system/lib64/libha_client.z.so
5a4909c000-5a4909d000 r--p 0001a000 /system/lib64/libha_client.z.so
5a4909d000-5a4909e000 rw-p 0001a000 /system/lib64/libha_client.z.so
5a4909e000-5a490a1000 rw-p 00000000 [anon:libha_client.z.so.bss]
5a490c0000-5a490e0000 r--p 00000000 /system/lib64/libha_client_core.z.so
5a490e0000-5a49158000 r-xp 0001f000 /system/lib64/libha_client_core.z.so
5a49158000-5a4915d000 r--p 00096000 /system/lib64/libha_client_core.z.so
5a4915d000-5a4915e000 rw-p 0009a000 /system/lib64/libha_client_core.z.so
5a4915e000-5a49162000 rw-p 00000000 [anon:libha_client_core.z.so.bss]
5a49180000-5a49183000 r--p 00000000 /system/lib64/librcp_dfx.z.so
5a49183000-5a49186000 r-xp 00002000 /system/lib64/librcp_dfx.z.so
5a49186000-5a49188000 r--p 00004000 /system/lib64/librcp_dfx.z.so
5a49188000-5a49189000 rw-p 00005000 /system/lib64/librcp_dfx.z.so
5a491c0000-5a491c9000 r--p 00000000 /system/lib64/ndk/libopenhitls_pki.z.so
5a491c9000-5a491e0000 r-xp 00008000 /system/lib64/ndk/libopenhitls_pki.z.so
5a491e0000-5a491e1000 r--p 0001e000 /system/lib64/ndk/libopenhitls_pki.z.so
5a491e1000-5a491e2000 rw-p 0001e000 /system/lib64/ndk/libopenhitls_pki.z.so
5a49200000-5a4925c000 r--p 00000000 /system/lib64/ndk/libopenhitls_crypto.z.so
5a4925c000-5a49310000 r-xp 0005b000 /system/lib64/ndk/libopenhitls_crypto.z.so
5a49310000-5a49314000 r--p 0010e000 /system/lib64/ndk/libopenhitls_crypto.z.so
5a49314000-5a49315000 rw-p 00111000 /system/lib64/ndk/libopenhitls_crypto.z.so
5a49340000-5a4934d000 r--p 00000000 /system/lib64/librcp_network_listener.z.so
5a4934d000-5a4935c000 r-xp 0000c000 /system/lib64/librcp_network_listener.z.so
5a4935c000-5a49361000 r--p 0001a000 /system/lib64/librcp_network_listener.z.so
5a49361000-5a49362000 rw-p 0001e000 /system/lib64/librcp_network_listener.z.so
5a49362000-5a49363000 rw-p 00000000 [anon:librcp_network_listener.z.so.bss]
5a49380000-5a49387000 r--p 00000000 /system/lib64/libnetwork_profiler.z.so
5a49387000-5a49396000 r-xp 00006000 /system/lib64/libnetwork_profiler.z.so
5a49396000-5a49398000 r--p 00014000 /system/lib64/libnetwork_profiler.z.so
5a49398000-5a49399000 rw-p 00015000 /system/lib64/libnetwork_profiler.z.so
5a493c0000-5a49437000 r--p 00000000 /system/lib64/platformsdk/libcurl_shared_http3.z.so
5a49437000-5a49635000 r-xp 00076000 /system/lib64/platformsdk/libcurl_shared_http3.z.so
5a49635000-5a49652000 r--p 00273000 /system/lib64/platformsdk/libcurl_shared_http3.z.so
5a49652000-5a49656000 rw-p 0028f000 /system/lib64/platformsdk/libcurl_shared_http3.z.so
5a49656000-5a49657000 rw-p 00000000 [anon:libcurl_shared_http3.z.so.bss]
5a49680000-5a4968d000 r--p 00000000 /system/lib64/chipset-sdk/libnghttp2_shared.z.so
5a4968d000-5a496a5000 r-xp 0000c000 /system/lib64/chipset-sdk/libnghttp2_shared.z.so
5a496a5000-5a496a8000 r--p 00023000 /system/lib64/chipset-sdk/libnghttp2_shared.z.so
5a496a8000-5a496a9000 rw-p 00025000 /system/lib64/chipset-sdk/libnghttp2_shared.z.so
5a496c0000-5a496cc000 r--p 00000000 /system/lib64/ndk/libopenhitls_bsl.z.so
5a496cc000-5a496e0000 r-xp 0000b000 /system/lib64/ndk/libopenhitls_bsl.z.so
5a496e0000-5a496e2000 r--p 0001e000 /system/lib64/ndk/libopenhitls_bsl.z.so
5a496e2000-5a496e4000 rw-p 0001f000 /system/lib64/ndk/libopenhitls_bsl.z.so
5a496e4000-5a496e5000 rw-p 00000000 [anon:libopenhitls_bsl.z.so.bss]
5a49700000-5a49704000 r--p 00000000 /system/lib64/platformsdk/libhttp_interceptor.z.so
5a49704000-5a4970b000 r-xp 00003000 /system/lib64/platformsdk/libhttp_interceptor.z.so
5a4970b000-5a4970c000 r--p 00009000 /system/lib64/platformsdk/libhttp_interceptor.z.so
5a4970c000-5a4970d000 rw-p 00009000 /system/lib64/platformsdk/libhttp_interceptor.z.so
5a4970d000-5a4970e000 rw-p 00000000 [anon:libhttp_interceptor.z.so.bss]
5a49740000-5a497b1000 r--p 00000000 /system/lib64/chipset-sdk/libbrotli_shared.z.so
5a497b1000-5a497ff000 r-xp 00070000 /system/lib64/chipset-sdk/libbrotli_shared.z.so
5a497ff000-5a49800000 r--p 000bd000 /system/lib64/chipset-sdk/libbrotli_shared.z.so
5a49800000-5a49801000 rw-p 000bd000 /system/lib64/chipset-sdk/libbrotli_shared.z.so
5a49840000-5a49852000 r--p 00000000 /system/lib64/libnetmanager_enhanced_service_if.z.so
5a49852000-5a4986b000 r-xp 00011000 /system/lib64/libnetmanager_enhanced_service_if.z.so
5a4986b000-5a49877000 r--p 0002a000 /system/lib64/libnetmanager_enhanced_service_if.z.so
5a49877000-5a49878000 rw-p 00035000 /system/lib64/libnetmanager_enhanced_service_if.z.so
5a49880000-5a4989f000 r--p 00000000 /system/lib64/platformsdk/libcrypto_openssl_plugin_lib.z.so
5a4989f000-5a498ea000 r-xp 0001e000 /system/lib64/platformsdk/libcrypto_openssl_plugin_lib.z.so
5a498ea000-5a498ec000 r--p 00068000 /system/lib64/platformsdk/libcrypto_openssl_plugin_lib.z.so
5a498ec000-5a498ee000 rw-p 00069000 /system/lib64/platformsdk/libcrypto_openssl_plugin_lib.z.so
5a49900000-5a4990d000 r--p 00000000 /system/lib64/module/hms/core/libhianalytics_napi.z.so
5a4990d000-5a4993a000 r-xp 0000c000 /system/lib64/module/hms/core/libhianalytics_napi.z.so
5a4993a000-5a4993c000 r--p 00038000 /system/lib64/module/hms/core/libhianalytics_napi.z.so
5a4993c000-5a4993d000 rw-p 00039000 /system/lib64/module/hms/core/libhianalytics_napi.z.so
5a4993d000-5a49940000 rw-p 00000000 [anon:libhianalytics_napi.z.so.bss]
5a49940000-5a4995a000 r--p 00000000 /system/lib64/ndk/libopenhitls_tls.z.so
5a4995a000-5a49987000 r-xp 00019000 /system/lib64/ndk/libopenhitls_tls.z.so
5a49987000-5a49989000 r--p 00045000 /system/lib64/ndk/libopenhitls_tls.z.so
5a49989000-5a4998a000 rw-p 00046000 /system/lib64/ndk/libopenhitls_tls.z.so
5a4998a000-5a4998b000 rw-p 00000000 [anon:libopenhitls_tls.z.so.bss]
5a499c0000-5a49a3d000 r--p 00000000 /system/lib64/libcollaboration_rcp_native.z.so
5a49a3d000-5a49b22000 r-xp 0007c000 /system/lib64/libcollaboration_rcp_native.z.so
5a49b22000-5a49b38000 r--p 00160000 /system/lib64/libcollaboration_rcp_native.z.so
5a49b38000-5a49b39000 rw-p 00175000 /system/lib64/libcollaboration_rcp_native.z.so
5a49b39000-5a49b3a000 rw-p 00000000 [anon:libcollaboration_rcp_native.z.so.bss]
5a49b40000-5a49b49000 r--p 00000000 /system/lib64/platformsdk/libcrypto_framework_lib.z.so
5a49b49000-5a49b5b000 r-xp 00008000 /system/lib64/platformsdk/libcrypto_framework_lib.z.so
5a49b5b000-5a49b5e000 r--p 00019000 /system/lib64/platformsdk/libcrypto_framework_lib.z.so
5a49b5e000-5a49b5f000 rw-p 0001b000 /system/lib64/platformsdk/libcrypto_framework_lib.z.so
5a49b80000-5a49b93000 r--p 00000000 /system/lib64/libha_client_expand.z.so
5a49b93000-5a49bc1000 r-xp 00012000 /system/lib64/libha_client_expand.z.so
5a49bc1000-5a49bc6000 r--p 0003f000 /system/lib64/libha_client_expand.z.so
5a49bc6000-5a49bc7000 rw-p 00043000 /system/lib64/libha_client_expand.z.so
5a49bc7000-5a49bca000 rw-p 00000000 [anon:libha_client_expand.z.so.bss]
5a49c00000-5a49c13000 r--p 00000000 /system/lib64/libha_ace_engine.z.so
5a49c13000-5a49c62000 r-xp 00012000 /system/lib64/libha_ace_engine.z.so
5a49c62000-5a49c65000 r--p 00060000 /system/lib64/libha_ace_engine.z.so
5a49c65000-5a49c66000 rw-p 00062000 /system/lib64/libha_ace_engine.z.so
5a49c66000-5a49c69000 rw-p 00000000 [anon:libha_ace_engine.z.so.bss]
5a49c80000-5a49c98000 r--p 00000000 /system/lib64/module/libi18n.z.so
5a49c98000-5a49cc4000 r-xp 00017000 /system/lib64/module/libi18n.z.so
5a49cc4000-5a49cc8000 r--p 00042000 /system/lib64/module/libi18n.z.so
5a49cc8000-5a49cc9000 rw-p 00045000 /system/lib64/module/libi18n.z.so
5a49cc9000-5a49cca000 rw-p 00000000 [anon:libi18n.z.so.bss]
5a49d00000-5a49d0a000 r--p 00000000 /system/lib64/platformsdk/libi18n_sa_client.z.so
5a49d0a000-5a49d19000 r-xp 00009000 /system/lib64/platformsdk/libi18n_sa_client.z.so
5a49d19000-5a49d1d000 r--p 00017000 /system/lib64/platformsdk/libi18n_sa_client.z.so
5a49d1d000-5a49d1e000 rw-p 0001a000 /system/lib64/platformsdk/libi18n_sa_client.z.so
5a49d40000-5a49d5a000 r--p 00000000 /system/lib64/platformsdk/libintl_napi.z.so
5a49d5a000-5a49d7f000 r-xp 00019000 /system/lib64/platformsdk/libintl_napi.z.so
5a49d7f000-5a49d82000 r--p 0003d000 /system/lib64/platformsdk/libintl_napi.z.so
5a49d82000-5a49d83000 rw-p 0003f000 /system/lib64/platformsdk/libintl_napi.z.so
5a49dc0000-5a49dc6000 r--p 00000000 /system/lib64/platformsdk/liboaid_client.z.so
5a49dc6000-5a49dce000 r-xp 00005000 /system/lib64/platformsdk/liboaid_client.z.so
5a49dce000-5a49dd2000 r--p 0000c000 /system/lib64/platformsdk/liboaid_client.z.so
5a49dd2000-5a49dd3000 rw-p 0000f000 /system/lib64/platformsdk/liboaid_client.z.so
5a49e00000-5a49e02000 r--p 00000000 /system/lib64/module/identifier/liboaid.z.so
5a49e02000-5a49e06000 r-xp 00001000 /system/lib64/module/identifier/liboaid.z.so
5a49e06000-5a49e07000 r--p 00004000 /system/lib64/module/identifier/liboaid.z.so
5a49e07000-5a49e08000 rw-p 00004000 /system/lib64/module/identifier/liboaid.z.so
5a49e40000-5a49e56000 r--p 00000000 /system/lib64/module/libinputmethod.z.so
5a49e56000-5a49e8d000 r-xp 00015000 /system/lib64/module/libinputmethod.z.so
5a49e8d000-5a49e92000 r--p 0004b000 /system/lib64/module/libinputmethod.z.so
5a49e92000-5a49e93000 rw-p 0004f000 /system/lib64/module/libinputmethod.z.so
5a49e93000-5a49e94000 rw-p 00000000 [anon:libinputmethod.z.so.bss]
5a49ec0000-5a49ec1000 r--p 00000000 /system/lib64/module/libintl.z.so
5a49ec1000-5a49ec2000 r-xp 00000000 /system/lib64/module/libintl.z.so
5a49ec2000-5a49ec3000 r--p 00000000 /system/lib64/module/libintl.z.so
5a49ec3000-5a49ec4000 rw-p 00000000 /system/lib64/module/libintl.z.so
5a49f00000-5a49f06000 r--p 00000000 /system/lib64/module/libmeasure.z.so
5a49f06000-5a49f1e000 r-xp 00005000 /system/lib64/module/libmeasure.z.so
5a49f1e000-5a49f20000 r--p 0001c000 /system/lib64/module/libmeasure.z.so
5a49f20000-5a49f21000 rw-p 0001d000 /system/lib64/module/libmeasure.z.so
5a49f21000-5a49f22000 rw-p 00000000 [anon:libmeasure.z.so.bss]
5a49f40000-5a49f8b000 r--p 00000000 /system/lib64/module/multimedia/libaudio.z.so
5a49f8b000-5a4a0ce000 r-xp 0004a000 /system/lib64/module/multimedia/libaudio.z.so
5a4a0ce000-5a4a0e3000 r--p 0018c000 /system/lib64/module/multimedia/libaudio.z.so
5a4a0e3000-5a4a0e4000 rw-p 001a0000 /system/lib64/module/multimedia/libaudio.z.so
5a4a0e4000-5a4a0ec000 rw-p 00000000 [anon:libaudio.z.so.bss]
5a4a100000-5a4a14c000 r--p 00000000 /system/lib64/platformsdk/libtel_core_service_api.z.so
5a4a14c000-5a4a1e2000 r-xp 0004b000 /system/lib64/platformsdk/libtel_core_service_api.z.so
5a4a1e2000-5a4a1f3000 r--p 000e0000 /system/lib64/platformsdk/libtel_core_service_api.z.so
5a4a1f3000-5a4a1f4000 rw-p 000f0000 /system/lib64/platformsdk/libtel_core_service_api.z.so
5a4a1f4000-5a4a1f5000 rw-p 00000000 [anon:libtel_core_service_api.z.so.bss]
5a4a200000-5a4a208000 r--p 00000000 /system/lib64/platformsdk/libaudio_loopback.z.so
5a4a208000-5a4a215000 r-xp 00007000 /system/lib64/platformsdk/libaudio_loopback.z.so
5a4a215000-5a4a217000 r--p 00013000 /system/lib64/platformsdk/libaudio_loopback.z.so
5a4a217000-5a4a218000 rw-p 00014000 /system/lib64/platformsdk/libaudio_loopback.z.so
5a4a240000-5a4a247000 r--p 00000000 /system/lib64/platformsdk/libaudio_toneplayer.z.so
5a4a247000-5a4a250000 r-xp 00006000 /system/lib64/platformsdk/libaudio_toneplayer.z.so
5a4a250000-5a4a252000 r--p 0000e000 /system/lib64/platformsdk/libaudio_toneplayer.z.so
5a4a252000-5a4a253000 rw-p 0000f000 /system/lib64/platformsdk/libaudio_toneplayer.z.so
5a4a280000-5a4a288000 r--p 00000000 /system/lib64/platformsdk/libtel_cellular_data_api.z.so
5a4a288000-5a4a29c000 r-xp 00007000 /system/lib64/platformsdk/libtel_cellular_data_api.z.so
5a4a29c000-5a4a29f000 r--p 0001a000 /system/lib64/platformsdk/libtel_cellular_data_api.z.so
5a4a29f000-5a4a2a0000 rw-p 0001c000 /system/lib64/platformsdk/libtel_cellular_data_api.z.so
5a4a2c0000-5a4a2cc000 r--p 00000000 /system/lib64/platformsdk/libavsession_utils.z.so
5a4a2cc000-5a4a2ea000 r-xp 0000b000 /system/lib64/platformsdk/libavsession_utils.z.so
5a4a2ea000-5a4a2ec000 r--p 00028000 /system/lib64/platformsdk/libavsession_utils.z.so
5a4a2ec000-5a4a2ed000 rw-p 00029000 /system/lib64/platformsdk/libavsession_utils.z.so
5a4a2ed000-5a4a2ee000 rw-p 00000000 [anon:libavsession_utils.z.so.bss]
5a4a300000-5a4a344000 r--p 00000000 /system/lib64/module/multimedia/libavsession_napi.z.so
5a4a344000-5a4a436000 r-xp 00043000 /system/lib64/module/multimedia/libavsession_napi.z.so
5a4a436000-5a4a445000 r--p 00135000 /system/lib64/module/multimedia/libavsession_napi.z.so
5a4a445000-5a4a446000 rw-p 00143000 /system/lib64/module/multimedia/libavsession_napi.z.so
5a4a446000-5a4a44a000 rw-p 00000000 [anon:libavsession_napi.z.so.bss]
5a4a480000-5a4a49b000 r--p 00000000 /system/lib64/libidl_avsession_service_interface_stub.z.so
5a4a49b000-5a4a4bd000 r-xp 0001a000 /system/lib64/libidl_avsession_service_interface_stub.z.so
5a4a4bd000-5a4a4c5000 r--p 0003b000 /system/lib64/libidl_avsession_service_interface_stub.z.so
5a4a4c5000-5a4a4c6000 rw-p 00042000 /system/lib64/libidl_avsession_service_interface_stub.z.so
5a4a500000-5a4a519000 r--p 00000000 /system/lib64/platformsdk/libavsession_common.z.so
5a4a519000-5a4a539000 r-xp 00018000 /system/lib64/platformsdk/libavsession_common.z.so
5a4a539000-5a4a53d000 r--p 00037000 /system/lib64/platformsdk/libavsession_common.z.so
5a4a53d000-5a4a53e000 rw-p 0003a000 /system/lib64/platformsdk/libavsession_common.z.so
5a4a540000-5a4a561000 r--p 00000000 /system/lib64/chipset-sdk/libcurl_shared.z.so
5a4a561000-5a4a5fe000 r-xp 00020000 /system/lib64/chipset-sdk/libcurl_shared.z.so
5a4a5fe000-5a4a603000 r--p 000bc000 /system/lib64/chipset-sdk/libcurl_shared.z.so
5a4a603000-5a4a606000 rw-p 000c0000 /system/lib64/chipset-sdk/libcurl_shared.z.so
5a4a640000-5a4a675000 r--p 00000000 /system/lib64/platformsdk/libavsession_client.z.so
5a4a675000-5a4a6d6000 r-xp 00034000 /system/lib64/platformsdk/libavsession_client.z.so
5a4a6d6000-5a4a6e4000 r--p 00094000 /system/lib64/platformsdk/libavsession_client.z.so
5a4a6e4000-5a4a6e5000 rw-p 000a1000 /system/lib64/platformsdk/libavsession_client.z.so
5a4a700000-5a4a709000 r--p 00000000 /system/lib64/platformsdk/libavsession_cast_client.z.so
5a4a709000-5a4a719000 r-xp 00008000 /system/lib64/platformsdk/libavsession_cast_client.z.so
5a4a719000-5a4a71c000 r--p 00017000 /system/lib64/platformsdk/libavsession_cast_client.z.so
5a4a71c000-5a4a71d000 rw-p 00019000 /system/lib64/platformsdk/libavsession_cast_client.z.so
5a4a740000-5a4a882000 r--p 00000000 /system/lib64/libmedialibrary_nutils.z.so
5a4a882000-5a4acff000 r-xp 00141000 /system/lib64/libmedialibrary_nutils.z.so
5a4acff000-5a4ad16000 r--p 005bd000 /system/lib64/libmedialibrary_nutils.z.so
5a4ad16000-5a4ad18000 rw-p 005d3000 /system/lib64/libmedialibrary_nutils.z.so
5a4ad18000-5a4ad7f000 rw-p 00000000 [anon:libmedialibrary_nutils.z.so.bss]
5a4ad80000-5a4add5000 r--p 00000000 /system/lib64/libcamera_utils.z.so
5a4add5000-5a4ae54000 r-xp 00054000 /system/lib64/libcamera_utils.z.so
5a4ae54000-5a4ae6e000 r--p 000d2000 /system/lib64/libcamera_utils.z.so
5a4ae6e000-5a4ae6f000 rw-p 000eb000 /system/lib64/libcamera_utils.z.so
5a4ae6f000-5a4ae70000 rw-p 00000000 [anon:libcamera_utils.z.so.bss]
5a4ae80000-5a4ae83000 r--p 00000000 /system/lib64/libpurgeable_pixelmap_builder.z.so
5a4ae83000-5a4ae88000 r-xp 00002000 /system/lib64/libpurgeable_pixelmap_builder.z.so
5a4ae88000-5a4ae89000 r--p 00006000 /system/lib64/libpurgeable_pixelmap_builder.z.so
5a4ae89000-5a4ae8a000 rw-p 00006000 /system/lib64/libpurgeable_pixelmap_builder.z.so
5a4aec0000-5a4aec4000 r--p 00000000 /system/lib64/module/multimedia/libcamera_napi.z.so
5a4aec4000-5a4aecf000 r-xp 00003000 /system/lib64/module/multimedia/libcamera_napi.z.so
5a4aecf000-5a4aed0000 r--p 0000d000 /system/lib64/module/multimedia/libcamera_napi.z.so
5a4aed0000-5a4aed1000 rw-p 0000d000 /system/lib64/module/multimedia/libcamera_napi.z.so
5a4aed1000-5a4aed2000 rw-p 00000000 [anon:libcamera_napi.z.so.bss]
5a4af00000-5a4af0b000 r--p 00000000 /system/lib64/chipset-sdk/libmetadata.z.so
5a4af0b000-5a4af17000 r-xp 0000a000 /system/lib64/chipset-sdk/libmetadata.z.so
5a4af17000-5a4af18000 r--p 00015000 /system/lib64/chipset-sdk/libmetadata.z.so
5a4af18000-5a4af1b000 rw-p 00015000 /system/lib64/chipset-sdk/libmetadata.z.so
5a4af40000-5a4af56000 r--p 00000000 /system/lib64/platformsdk/libdm_lite.z.so
5a4af56000-5a4af76000 r-xp 00015000 /system/lib64/platformsdk/libdm_lite.z.so
5a4af76000-5a4af88000 r--p 00034000 /system/lib64/platformsdk/libdm_lite.z.so
5a4af88000-5a4af89000 rw-p 00045000 /system/lib64/platformsdk/libdm_lite.z.so
5a4afc0000-5a4b028000 r--p 00000000 /system/lib64/libcamera_napi_base.z.so
5a4b028000-5a4b0f8000 r-xp 00067000 /system/lib64/libcamera_napi_base.z.so
5a4b0f8000-5a4b107000 r--p 00136000 /system/lib64/libcamera_napi_base.z.so
5a4b107000-5a4b109000 rw-p 00144000 /system/lib64/libcamera_napi_base.z.so
5a4b109000-5a4b10d000 rw-p 00000000 [anon:libcamera_napi_base.z.so.bss]
5a4b140000-5a4b231000 r--p 00000000 /system/lib64/platformsdk/libcamera_framework.z.so
5a4b231000-5a4b3f4000 r-xp 000f0000 /system/lib64/platformsdk/libcamera_framework.z.so
5a4b3f4000-5a4b430000 r--p 002b2000 /system/lib64/platformsdk/libcamera_framework.z.so
5a4b430000-5a4b431000 rw-p 002ed000 /system/lib64/platformsdk/libcamera_framework.z.so
5a4b431000-5a4b437000 rw-p 00000000 [anon:libcamera_framework.z.so.bss]
5a4b440000-5a4b441000 r--p 00000000 /system/lib64/chipset-sdk/libcamera_vendor_tag_proxy_1.0.z.so
5a4b441000-5a4b443000 r-xp 00000000 /system/lib64/chipset-sdk/libcamera_vendor_tag_proxy_1.0.z.so
5a4b443000-5a4b444000 r--p 00001000 /system/lib64/chipset-sdk/libcamera_vendor_tag_proxy_1.0.z.so
5a4b444000-5a4b445000 rw-p 00001000 /system/lib64/chipset-sdk/libcamera_vendor_tag_proxy_1.0.z.so
5a4b480000-5a4b482000 r--p 00000000 /system/lib64/module/multimedia/libimage.z.so
5a4b482000-5a4b485000 r-xp 00001000 /system/lib64/module/multimedia/libimage.z.so
5a4b485000-5a4b486000 r--p 00003000 /system/lib64/module/multimedia/libimage.z.so
5a4b486000-5a4b487000 rw-p 00003000 /system/lib64/module/multimedia/libimage.z.so
5a4b4c0000-5a4b4e2000 r--p 00000000 /system/lib64/module/multimedia/libmedia.z.so
5a4b4e2000-5a4b58e000 r-xp 00021000 /system/lib64/module/multimedia/libmedia.z.so
5a4b58e000-5a4b598000 r--p 000cc000 /system/lib64/module/multimedia/libmedia.z.so
5a4b598000-5a4b599000 rw-p 000d5000 /system/lib64/module/multimedia/libmedia.z.so
5a4b599000-5a4b59d000 rw-p 00000000 [anon:libmedia.z.so.bss]
5a4b5c0000-5a4b5e7000 r--p 00000000 /system/lib64/platformsdk/libmedia_avplayer.z.so
5a4b5e7000-5a4b63e000 r-xp 00026000 /system/lib64/platformsdk/libmedia_avplayer.z.so
5a4b63e000-5a4b644000 r--p 0007c000 /system/lib64/platformsdk/libmedia_avplayer.z.so
5a4b644000-5a4b645000 rw-p 00081000 /system/lib64/platformsdk/libmedia_avplayer.z.so
5a4b645000-5a4b646000 rw-p 00000000 [anon:libmedia_avplayer.z.so.bss]
5a4b680000-5a4b68f000 r--p 00000000 /system/lib64/platformsdk/libmedia_soundpool.z.so
5a4b68f000-5a4b6af000 r-xp 0000e000 /system/lib64/platformsdk/libmedia_soundpool.z.so
5a4b6af000-5a4b6b1000 r--p 0002d000 /system/lib64/platformsdk/libmedia_soundpool.z.so
5a4b6b1000-5a4b6b3000 rw-p 0002e000 /system/lib64/platformsdk/libmedia_soundpool.z.so
5a4b6c0000-5a4b6c9000 r--p 00000000 /system/lib64/module/multimodalinput/libinputdevice.z.so
5a4b6c9000-5a4b701000 r-xp 00008000 /system/lib64/module/multimodalinput/libinputdevice.z.so
5a4b701000-5a4b703000 r--p 0003f000 /system/lib64/module/multimodalinput/libinputdevice.z.so
5a4b703000-5a4b704000 rw-p 00040000 /system/lib64/module/multimodalinput/libinputdevice.z.so
5a4b740000-5a4b742000 r--p 00000000 /system/lib64/platformsdk/libnapi_wantagent_common.z.so
5a4b742000-5a4b745000 r-xp 00001000 /system/lib64/platformsdk/libnapi_wantagent_common.z.so
5a4b745000-5a4b746000 r--p 00003000 /system/lib64/platformsdk/libnapi_wantagent_common.z.so
5a4b746000-5a4b747000 rw-p 00003000 /system/lib64/platformsdk/libnapi_wantagent_common.z.so
5a4b780000-5a4b7b8000 r--p 00000000 /system/lib64/module/libnotificationmanager.z.so
5a4b7b8000-5a4b819000 r-xp 00037000 /system/lib64/module/libnotificationmanager.z.so
5a4b819000-5a4b820000 r--p 00097000 /system/lib64/module/libnotificationmanager.z.so
5a4b820000-5a4b821000 rw-p 0009d000 /system/lib64/module/libnotificationmanager.z.so
5a4b821000-5a4b823000 rw-p 00000000 [anon:libnotificationmanager.z.so.bss]
5a4b840000-5a4b858000 r--p 00000000 /system/lib64/module/libpasteboard_napi.z.so
5a4b858000-5a4b89a000 r-xp 00017000 /system/lib64/module/libpasteboard_napi.z.so
5a4b89a000-5a4b8a2000 r--p 00058000 /system/lib64/module/libpasteboard_napi.z.so
5a4b8a2000-5a4b8a3000 rw-p 0005f000 /system/lib64/module/libpasteboard_napi.z.so
5a4b8c0000-5a4b8c4000 r--p 00000000 /system/lib64/module/libprocess.z.so
5a4b8c4000-5a4b8cf000 r-xp 00003000 /system/lib64/module/libprocess.z.so
5a4b8cf000-5a4b8d1000 r--p 0000d000 /system/lib64/module/libprocess.z.so
5a4b8d1000-5a4b8d2000 rw-p 0000e000 /system/lib64/module/libprocess.z.so
5a4b900000-5a4b918000 r--p 00000000 /system/lib64/module/librequest.z.so
5a4b918000-5a4b96d000 r-xp 00017000 /system/lib64/module/librequest.z.so
5a4b96d000-5a4b971000 r--p 0006b000 /system/lib64/module/librequest.z.so
5a4b971000-5a4b973000 rw-p 0006e000 /system/lib64/module/librequest.z.so
5a4b973000-5a4b974000 rw-p 00000000 [anon:librequest.z.so.bss]
5a4b980000-5a4b983000 r--p 00000000 /system/lib64/module/libresourcemanager.z.so
5a4b983000-5a4b98a000 r-xp 00002000 /system/lib64/module/libresourcemanager.z.so
5a4b98a000-5a4b98b000 r--p 00008000 /system/lib64/module/libresourcemanager.z.so
5a4b98b000-5a4b98c000 rw-p 00008000 /system/lib64/module/libresourcemanager.z.so
5a4b9c0000-5a4b9c5000 r--p 00000000 /system/lib64/module/librouter.z.so
5a4b9c5000-5a4b9d9000 r-xp 00004000 /system/lib64/module/librouter.z.so
5a4b9d9000-5a4b9db000 r--p 00017000 /system/lib64/module/librouter.z.so
5a4b9db000-5a4b9dc000 rw-p 00018000 /system/lib64/module/librouter.z.so
5a4ba00000-5a4ba11000 r--p 00000000 /system/lib64/module/security/libcert.z.so
5a4ba11000-5a4ba60000 r-xp 00010000 /system/lib64/module/security/libcert.z.so
5a4ba60000-5a4ba63000 r--p 0005e000 /system/lib64/module/security/libcert.z.so
5a4ba63000-5a4ba64000 rw-p 00060000 /system/lib64/module/security/libcert.z.so
5a4ba64000-5a4ba71000 rw-p 00000000 [anon:libcert.z.so.bss]
5a4ba80000-5a4baa3000 r--p 00000000 /system/lib64/platformsdk/libcertificate_framework_core.z.so
5a4baa3000-5a4bae7000 r-xp 00022000 /system/lib64/platformsdk/libcertificate_framework_core.z.so
5a4bae7000-5a4baea000 r--p 00065000 /system/lib64/platformsdk/libcertificate_framework_core.z.so
5a4baea000-5a4baec000 rw-p 00067000 /system/lib64/platformsdk/libcertificate_framework_core.z.so
5a4bb00000-5a4bb10000 r--p 00000000 /system/lib64/module/security/libcryptoframework_napi.z.so
5a4bb10000-5a4bb52000 r-xp 0000f000 /system/lib64/module/security/libcryptoframework_napi.z.so
5a4bb52000-5a4bb55000 r--p 00050000 /system/lib64/module/security/libcryptoframework_napi.z.so
5a4bb55000-5a4bb56000 rw-p 00052000 /system/lib64/module/security/libcryptoframework_napi.z.so
5a4bb56000-5a4bb5e000 rw-p 00000000 [anon:libcryptoframework_napi.z.so.bss]
5a4bb80000-5a4bb8c000 r--p 00000000 /system/lib64/module/security/libhuks.z.so
5a4bb8c000-5a4bbb3000 r-xp 0000b000 /system/lib64/module/security/libhuks.z.so
5a4bbb3000-5a4bbb6000 r--p 00031000 /system/lib64/module/security/libhuks.z.so
5a4bbb6000-5a4bbb7000 rw-p 00033000 /system/lib64/module/security/libhuks.z.so
5a4bbb7000-5a4bbba000 rw-p 00000000 [anon:libhuks.z.so.bss]
5a4bbc0000-5a4bbc9000 r--p 00000000 /system/lib64/module/libsensor.z.so
5a4bbc9000-5a4bbec000 r-xp 00008000 /system/lib64/module/libsensor.z.so
5a4bbec000-5a4bbee000 r--p 0002a000 /system/lib64/module/libsensor.z.so
5a4bbee000-5a4bbef000 rw-p 0002b000 /system/lib64/module/libsensor.z.so
5a4bc00000-5a4bc05000 r--p 00000000 /system/lib64/platformsdk/libsensor_agent.z.so
5a4bc05000-5a4bc0c000 r-xp 00004000 /system/lib64/platformsdk/libsensor_agent.z.so
5a4bc0c000-5a4bc0e000 r--p 0000a000 /system/lib64/platformsdk/libsensor_agent.z.so
5a4bc0e000-5a4bc0f000 rw-p 0000b000 /system/lib64/platformsdk/libsensor_agent.z.so
5a4bc40000-5a4bc50000 r--p 00000000 /system/lib64/platformsdk/libsensor_client.z.so
5a4bc50000-5a4bc6e000 r-xp 0000f000 /system/lib64/platformsdk/libsensor_client.z.so
5a4bc6e000-5a4bc71000 r--p 0002c000 /system/lib64/platformsdk/libsensor_client.z.so
5a4bc71000-5a4bc72000 rw-p 0002e000 /system/lib64/platformsdk/libsensor_client.z.so
5a4bc72000-5a4bc73000 rw-p 00000000 [anon:libsensor_client.z.so.bss]
5a4bc80000-5a4bc8b000 r--p 00000000 /system/lib64/platformsdk/libsensor_utils.z.so
5a4bc8b000-5a4bc95000 r-xp 0000a000 /system/lib64/platformsdk/libsensor_utils.z.so
5a4bc95000-5a4bc97000 r--p 00013000 /system/lib64/platformsdk/libsensor_utils.z.so
5a4bc97000-5a4bc98000 rw-p 00014000 /system/lib64/platformsdk/libsensor_utils.z.so
5a4bcc0000-5a4bcc5000 r--p 00000000 /system/lib64/platformsdk/libsensor_ipc.z.so
5a4bcc5000-5a4bcca000 r-xp 00004000 /system/lib64/platformsdk/libsensor_ipc.z.so
5a4bcca000-5a4bccc000 r--p 00008000 /system/lib64/platformsdk/libsensor_ipc.z.so
5a4bccc000-5a4bccd000 rw-p 00009000 /system/lib64/platformsdk/libsensor_ipc.z.so
5a4bd00000-5a4bd0b000 r--p 00000000 /system/lib64/module/libsettings.z.so
5a4bd0b000-5a4bd2c000 r-xp 0000a000 /system/lib64/module/libsettings.z.so
5a4bd2c000-5a4bd2f000 r--p 0002a000 /system/lib64/module/libsettings.z.so
5a4bd2f000-5a4bd30000 rw-p 0002c000 /system/lib64/module/libsettings.z.so
5a4bd30000-5a4bd31000 rw-p 00000000 [anon:libsettings.z.so.bss]
5a4bd40000-5a4bd44000 r--p 00000000 /system/lib64/libsettings_common.z.so
5a4bd44000-5a4bd48000 r-xp 00003000 /system/lib64/libsettings_common.z.so
5a4bd48000-5a4bd49000 r--p 00006000 /system/lib64/libsettings_common.z.so
5a4bd49000-5a4bd4a000 rw-p 00006000 /system/lib64/libsettings_common.z.so
5a4bd80000-5a4bd86000 r--p 00000000 /system/lib64/module/libsystemdatetime.z.so
5a4bd86000-5a4bd90000 r-xp 00005000 /system/lib64/module/libsystemdatetime.z.so
5a4bd90000-5a4bd93000 r--p 0000e000 /system/lib64/module/libsystemdatetime.z.so
5a4bd93000-5a4bd94000 rw-p 00010000 /system/lib64/module/libsystemdatetime.z.so
5a4bdc0000-5a4bdd3000 r--p 00000000 /system/lib64/platformsdk/libtel_common.z.so
5a4bdd3000-5a4bdf8000 r-xp 00012000 /system/lib64/platformsdk/libtel_common.z.so
5a4bdf8000-5a4bdfa000 r--p 00036000 /system/lib64/platformsdk/libtel_common.z.so
5a4bdfa000-5a4bdfb000 rw-p 00037000 /system/lib64/platformsdk/libtel_common.z.so
5a4be00000-5a4be13000 r--p 00000000 /system/lib64/module/telephony/libradio.z.so
5a4be13000-5a4be44000 r-xp 00012000 /system/lib64/module/telephony/libradio.z.so
5a4be44000-5a4be54000 r--p 00042000 /system/lib64/module/telephony/libradio.z.so
5a4be54000-5a4be55000 rw-p 00051000 /system/lib64/module/telephony/libradio.z.so
5a4be55000-5a4be56000 rw-p 00000000 [anon:libradio.z.so.bss]
5a4be80000-5a4be8b000 r--p 00000000 /system/lib64/module/telephony/libsim.z.so
5a4be8b000-5a4beb2000 r-xp 0000a000 /system/lib64/module/telephony/libsim.z.so
5a4beb2000-5a4beb5000 r--p 00030000 /system/lib64/module/telephony/libsim.z.so
5a4beb5000-5a4beb6000 rw-p 00032000 /system/lib64/module/telephony/libsim.z.so
5a4bec0000-5a4bec4000 r--p 00000000 /system/lib64/module/liburi.z.so
5a4bec4000-5a4beda000 r-xp 00003000 /system/lib64/module/liburi.z.so
5a4beda000-5a4bedc000 r--p 00018000 /system/lib64/module/liburi.z.so
5a4bedc000-5a4bee4000 rw-p 00019000 /system/lib64/module/liburi.z.so
5a4bf00000-5a4bf07000 r--p 00000000 /system/lib64/module/liburl.z.so
5a4bf07000-5a4bf2f000 r-xp 00006000 /system/lib64/module/liburl.z.so
5a4bf2f000-5a4bf31000 r--p 0002d000 /system/lib64/module/liburl.z.so
5a4bf31000-5a4bf3e000 rw-p 0002e000 /system/lib64/module/liburl.z.so
5a4bf40000-5a4bf48000 r--p 00000000 /system/lib64/module/libutil.z.so
5a4bf48000-5a4bf5f000 r-xp 00007000 /system/lib64/module/libutil.z.so
5a4bf5f000-5a4bf62000 r--p 0001d000 /system/lib64/module/libutil.z.so
5a4bf62000-5a4bf7c000 rw-p 0001f000 /system/lib64/module/libutil.z.so
5a4bf80000-5a4bf81000 r--p 00000000 /system/lib64/module/util/libarraylist.z.so
5a4bf81000-5a4bf84000 r-xp 00000000 /system/lib64/module/util/libarraylist.z.so
5a4bf84000-5a4bf85000 r--p 00002000 /system/lib64/module/util/libarraylist.z.so
5a4bf85000-5a4bf8b000 rw-p 00002000 /system/lib64/module/util/libarraylist.z.so
5a4bfc0000-5a4bfc1000 r--p 00000000 /system/lib64/module/util/libhashmap.z.so
5a4bfc1000-5a4bfc4000 r-xp 00000000 /system/lib64/module/util/libhashmap.z.so
5a4bfc4000-5a4bfc5000 r--p 00002000 /system/lib64/module/util/libhashmap.z.so
5a4bfc5000-5a4bfc8000 rw-p 00002000 /system/lib64/module/util/libhashmap.z.so
5a4c000000-5a4c001000 r--p 00000000 /system/lib64/module/util/libhashset.z.so
5a4c001000-5a4c004000 r-xp 00000000 /system/lib64/module/util/libhashset.z.so
5a4c004000-5a4c005000 r--p 00002000 /system/lib64/module/util/libhashset.z.so
5a4c005000-5a4c008000 rw-p 00002000 /system/lib64/module/util/libhashset.z.so
5a4c040000-5a4c041000 r--p 00000000 /system/lib64/module/util/liblist.z.so
5a4c041000-5a4c044000 r-xp 00000000 /system/lib64/module/util/liblist.z.so
5a4c044000-5a4c045000 r--p 00002000 /system/lib64/module/util/liblist.z.so
5a4c045000-5a4c04c000 rw-p 00002000 /system/lib64/module/util/liblist.z.so
5a4c080000-5a4c081000 r--p 00000000 /system/lib64/module/util/libqueue.z.so
5a4c081000-5a4c084000 r-xp 00000000 /system/lib64/module/util/libqueue.z.so
5a4c084000-5a4c085000 r--p 00002000 /system/lib64/module/util/libqueue.z.so
5a4c085000-5a4c088000 rw-p 00002000 /system/lib64/module/util/libqueue.z.so
5a4c0c0000-5a4c0c1000 r--p 00000000 /system/lib64/module/util/libjson.z.so
5a4c0c1000-5a4c0c4000 r-xp 00000000 /system/lib64/module/util/libjson.z.so
5a4c0c4000-5a4c0c5000 r--p 00002000 /system/lib64/module/util/libjson.z.so
5a4c0c5000-5a4c0c8000 rw-p 00002000 /system/lib64/module/util/libjson.z.so
5a4c100000-5a4c107000 r--p 00000000 /system/lib64/module/libvibrator.z.so
5a4c107000-5a4c11d000 r-xp 00006000 /system/lib64/module/libvibrator.z.so
5a4c11d000-5a4c11e000 r--p 0001b000 /system/lib64/module/libvibrator.z.so
5a4c11e000-5a4c11f000 rw-p 0001b000 /system/lib64/module/libvibrator.z.so
5a4c140000-5a4c151000 r--p 00000000 /system/lib64/module/libwindow_napi.z.so
5a4c151000-5a4c173000 r-xp 00010000 /system/lib64/module/libwindow_napi.z.so
5a4c173000-5a4c177000 r--p 00031000 /system/lib64/module/libwindow_napi.z.so
5a4c177000-5a4c178000 rw-p 00034000 /system/lib64/module/libwindow_napi.z.so
5a4c178000-5a4c179000 rw-p 00000000 [anon:libwindow_napi.z.so.bss]
5a4c180000-5a4c18c000 r--p 00000000 /system/lib64/module/libworker.z.so
5a4c18c000-5a4c1b0000 r-xp 0000b000 /system/lib64/module/libworker.z.so
5a4c1b0000-5a4c1b2000 r--p 0002e000 /system/lib64/module/libworker.z.so
5a4c1b2000-5a4c1b3000 rw-p 0002f000 /system/lib64/module/libworker.z.so
5a4c1c0000-5a4c1de000 r--p 00000000 /system/lib64/module/libzlib.z.so
5a4c1de000-5a4c243000 r-xp 0001d000 /system/lib64/module/libzlib.z.so
5a4c243000-5a4c24a000 r--p 00081000 /system/lib64/module/libzlib.z.so
5a4c24a000-5a4c24b000 rw-p 00087000 /system/lib64/module/libzlib.z.so
5a4c24b000-5a4c24c000 rw-p 00000000 [anon:libzlib.z.so.bss]
5a4c280000-5a4c9b7000 r--p 00000000 /system/lib64/libark_llvmcodegen.so
5a4c9b7000-5a4df26000 r-xp 00736000 /system/lib64/libark_llvmcodegen.so
5a4df26000-5a4e01a000 r--p 01ca4000 /system/lib64/libark_llvmcodegen.so
5a4e01a000-5a4e01d000 rw-p 01d97000 /system/lib64/libark_llvmcodegen.so
5a4e01d000-5a4e05c000 rw-p 00000000 [anon:libark_llvmcodegen.so.bss]
5a4e080000-5a4e1ef000 r--p 00000000 /system/lib64/libark_jsoptimizer.so
5a4e1ef000-5a4f3a9000 r-xp 0016e000 /system/lib64/libark_jsoptimizer.so
5a4f3a9000-5a4f407000 r--p 01327000 /system/lib64/libark_jsoptimizer.so
5a4f407000-5a4f408000 rw-p 01384000 /system/lib64/libark_jsoptimizer.so
5a4f408000-5a4f49d000 rw-p 00000000 [anon:libark_jsoptimizer.so.bss]
5a4f49d000-5a8f49d000 rw-p 00000000 
5a8f4c0000-5a90406000 r--p 00000000 /data/storage/el1/bundle/arkwebcore/libs/arm64/libarkweb_engine.so
5a90406000-5a99992000 r-xp 00f45000 /data/storage/el1/bundle/arkwebcore/libs/arm64/libarkweb_engine.so
5a99992000-5a9a209000 r--p 0a4d0000 /data/storage/el1/bundle/arkwebcore/libs/arm64/libarkweb_engine.so
5a9a209000-5a9a210000 r--p 0ad49000 /data/storage/el1/bundle/arkwebcore/libs/arm64/libarkweb_engine.so
5a9a210000-5a9a301000 rw-p 0ad50000 /data/storage/el1/bundle/arkwebcore/libs/arm64/libarkweb_engine.so
5a9a301000-5a9a47e000 rw-p 00000000 [anon:libarkweb_engine.so.bss]
5a9a47e000-5a9a53e000 r--p 00001000 /data/storage/el1/bundle/entry.hap
5a9a53e000-5a9a5fe000 r--p 00001000 /data/storage/el1/bundle/entry.hap
5b9a480000-5b9bde0000 r--p 00000000 /data/storage/el1/bundle/libs/arm64/libflutter.so
5b9bde0000-5b9dd2f000 r-xp 0195f000 /data/storage/el1/bundle/libs/arm64/libflutter.so
5b9dd2f000-5b9de17000 r--p 038ad000 /data/storage/el1/bundle/libs/arm64/libflutter.so
5b9de17000-5b9de1e000 rw-p 03994000 /data/storage/el1/bundle/libs/arm64/libflutter.so
5b9de1e000-5b9de35000 rw-p 00000000 [anon:libflutter.so.bss]
5b9de35000-5b9de37000 ---p 00000000 [anon:guard:23222]
5b9de37000-5b9df38000 rw-p 00000000 [anon:stack:23222]
5b9df38000-5b9df3a000 ---p 00000000 [anon:guard:23223]
5b9df3a000-5b9e03b000 rw-p 00000000 [anon:stack:23223]
5b9e03b000-5b9e03d000 ---p 00000000 [anon:guard:23224]
5b9e03d000-5b9e13e000 rw-p 00000000 [anon:stack:23224]
5b9e13e000-5b9e140000 ---p 00000000 [anon:guard:23225]
5b9e140000-5b9e241000 rw-p 00000000 [anon:stack:23225]
5b9e241000-5b9ec4f000 r--p 00000000 /data/storage/el2/base/haps/entry/files/flutter_assets/icudtl.dat
5b9ec4f000-5b9f13d000 r--p 00000000 /data/storage/el2/base/haps/entry/files/flutter_assets/isolate_snapshot_data
5b9f13d000-5b9f13f000 ---p 00000000 [anon:guard:23226]
5b9f13f000-5b9f240000 rw-p 00000000 [anon:stack:23226]
5b9f240000-5b9f242000 ---p 00000000 [anon:guard:23227]
5b9f242000-5b9f343000 rw-p 00000000 [anon:stack:23227]
5b9f343000-5b9f345000 ---p 00000000 [anon:guard:23229]
5b9f345000-5b9f446000 rw-p 00000000 [anon:stack:23229]
5b9f446000-5b9f448000 ---p 00000000 [anon:guard:23230]
5b9f448000-5b9f549000 rw-p 00000000 [anon:stack:23230]
5b9f549000-5b9f54b000 ---p 00000000 [anon:guard:23231]
5b9f54b000-5b9f64c000 rw-p 00000000 [anon:stack:23231]
5b9f64c000-5b9f64e000 ---p 00000000 [anon:guard:23232]
5b9f64e000-5b9f74f000 rw-p 00000000 [anon:stack:23232]
5b9f74f000-5b9f751000 ---p 00000000 [anon:guard:23233]
5b9f751000-5b9f852000 rw-p 00000000 [anon:stack:23233]
5b9f852000-5b9f854000 ---p 00000000 [anon:guard:23234]
5b9f854000-5b9f955000 rw-p 00000000 [anon:stack:23234]
5b9f955000-5b9f957000 ---p 00000000 [anon:guard:23235]
5b9f957000-5b9fa58000 rw-p 00000000 [anon:stack:23235]
5b9fa58000-5b9fa5a000 ---p 00000000 [anon:guard:23236]
5b9fa5a000-5b9fb5b000 rw-p 00000000 [anon:stack:23236]
5b9fb5b000-5b9fb5d000 ---p 00000000 [anon:guard:23237]
5b9fb5d000-5b9fc5e000 rw-p 00000000 [anon:stack:23237]
5b9fc5e000-5b9fc60000 ---p 00000000 [anon:guard:23238]
5b9fc60000-5b9fd61000 rw-p 00000000 [anon:stack:23238]
5b9fd61000-5b9fd63000 ---p 00000000 [anon:guard:23239]
5b9fd63000-5b9fe64000 rw-p 00000000 [anon:stack:23239]
5b9fe64000-5ba01a9000 rw-p 00000000 
5ba0400000-5ba0800000 rw-p 00000000 
5ba0800000-5ba0801000 rw-p 00000000 
5ba0801000-5ba0c00000 rw-p 00000000 
7e63f82000-7e63f84000 ---p 00000000 [guard]
7e63f84000-7e64782000 rw-p 00000000 [stack]
OpenFiles:
0->/dev/null native object of unknown type 0
1->/dev/null native object of unknown type 0
2->/dev/null native object of unknown type 0
3->/dev/ffts native object of unknown type 0
4->/dev/ffts_sched native object of unknown type 0
5->anon_inode:[eventfd] FILE* 5
6->socket:[1243] native object of unknown type 0
7->/dev/kmsg native object of unknown type 0
8->socket:[1247] native object of unknown type 218115328
9->pipe:[3615072] native object of unknown type 0
10->/sys/kernel/debug/tracing/trace_marker native object of unknown type 0
11->anon_inode:[eventpoll] FILE* 387399752384
12->pipe:[3615072] native object of unknown type 0
13->/dev/binder FILE* 218126272
14->anon_inode:[eventpoll] FILE* 14
15->pipe:[3615158] native object of unknown type 0
16->pipe:[3615158] native object of unknown type 0
17->anon_inode:[eventfd] FILE* 387399752776
18->socket:[1459] native object of unknown type 0
19->/dev/kmsg native object of unknown type 0
20->anon_inode:[eventpoll] native object of unknown type 0
21->anon_inode:[timerfd] native object of unknown type 0
23->/data/storage/el1/bundle/entry.hap FILE* 384693434056
24->/sys/kernel/debug/tracing/trace_marker FILE* 218115379
25->anon_inode:[eventpoll] native object of unknown type 218108417
26->anon_inode:[eventfd] native object of unknown type 218108417
27->/dev/urandom native object of unknown type 0
28->anon_inode:[eventpoll] FILE* 387399754176
29->pipe:[3615159] native object of unknown type 0
30->socket:[39179303] native object of unknown type 0
31->socket:[39179305] native object of unknown type 0
32->anon_inode:[eventpoll] native object of unknown type 0
33->pipe:[3615159] native object of unknown type 0
34->socket:[39179309] native object of unknown type 0
35->anon_inode:[eventfd] FILE* 387399754568
36->anon_inode:[eventpoll] FILE* 387688895424
37->pipe:[3615160] native object of unknown type 0
38->pipe:[3615160] native object of unknown type 0
39->anon_inode:[eventfd] FILE* 387688895816
40->/dev/urandom native object of unknown type 0
41->/dev/urandom native object of unknown type 0
42->/dev/urandom native object of unknown type 0
43->anon_inode:[eventpoll] native object of unknown type 218108417
44->socket:[39179315] native object of unknown type 0
45->anon_inode:[eventfd] native object of unknown type 218108417
46->/proc/22483/sched_rtg_ctrl FILE* 384693433808
47->socket:[39179321] native object of unknown type 218114048
48->anon_inode:[eventpoll] native object of unknown type 218108417
49->socket:[39179329] native object of unknown type 0
50->anon_inode:[eventfd] native object of unknown type 218108417
51->/dev/flo native object of unknown type 0
52->anon_inode:[eventpoll] native object of unknown type 0
53->anon_inode:[timerfd] native object of unknown type 0
54->anon_inode:[eventpoll] FILE* 387689119880
55->pipe:[3615161] native object of unknown type 0
56->pipe:[3615161] native object of unknown type 0
57->anon_inode:[eventfd] FILE* 387689120272
58->anon_inode:[eventpoll] native object of unknown type 0
59->anon_inode:[timerfd] native object of unknown type 0
60->anon_inode:[eventpoll] FILE* 387403812232
61->pipe:[3615162] native object of unknown type 0
62->pipe:[3615162] native object of unknown type 0
63->anon_inode:[eventfd] FILE* 387403812624
64->anon_inode:[eventpoll] native object of unknown type 0
65->anon_inode:[timerfd] native object of unknown type 0
66->anon_inode:[eventpoll] FILE* 387689131400
67->pipe:[3615163] native object of unknown type 0
68->pipe:[3615163] native object of unknown type 0
69->anon_inode:[eventfd] FILE* 387689131792
70->anon_inode:[eventpoll] native object of unknown type 0
71->anon_inode:[timerfd] native object of unknown type 0
72->pipe:[3615164] native object of unknown type 0
73->pipe:[3615164] native object of unknown type 0
74->anon_inode:[eventpoll] native object of unknown type 0
75->anon_inode:[timerfd] native object of unknown type 0

HiLog:
09-12 02:53:21.379 22483 22483 I C02C11/appspawn/APPSPAWN: AppSpawnChild id 25446 flags:0xc
09-12 02:53:21.379 22483 22483 I C02C02/PARAM: ResetParamSecurityLabel Fd:20
09-12 02:53:21.380 22483 22483 I C02D33/com.rh.lumira/HitraceOption: FilterAppTrace com.rh.lumira 22483
09-12 02:53:21.385 22483 22483 W C02C11/com.rh.lumira/APPSPAWN: errno:13 private mount to /mnt/sandbox/100/com.rh.lumira/chip_prod/lib64/passthrough '524288' failed
09-12 02:53:21.387 22483 22483 W C02C11/com.rh.lumira/APPSPAWN: check dir /data/app/el1/public/aot_compiler/ark_cache/com.rh.lumira failed,strerror:No such file or directory
09-12 02:53:21.388 22483 22483 W C02C11/com.rh.lumira/APPSPAWN: errno:2 bind mount /data/preload/app to /mnt/sandbox/100/com.rh.lumira/data/preload/app
09-12 02:53:21.392 22483 22483 E C05A06/com.rh.lumira/CODE_SIGN: [XpmIoctl]:Ioctl cmd 40087803 failed: Invalid argument (ignore)
09-12 02:53:21.393 22483 22483 I C05A03/com.rh.lumira/Selinux: Hap type for com.rh.lumira is changing from u:r:appspawn:s0 to o:r:normal_hap:s0:x251,x334,x512,x868,x1024
09-12 02:53:21.393 22483 22483 I C05A03/com.rh.lumira/Selinux: Hap setcon finish for com.rh.lumira
09-12 02:53:21.396 22483 22483 I C05A05/com.rh.lumira/SecCompEnhanceClient: [RegisterCheckCallback]Register secComp: sessionId=3936099223, seqNum=******965.
09-12 02:53:21.396 22483 23159 W C057C1/com.rh.lumira/IPCWorkThread: ThreadHandler: proto:0 policy:1 name:OS_IPC_0_23159 invoker:933326848
09-12 02:53:21.396 22483 23160 W C057C1/com.rh.lumira/IPCWorkThread: ThreadHandler: proto:0 policy:0 name:OS_IPC_1_23160 invoker:840689536
09-12 02:53:21.397 22483 22483 I C02D0B/com.rh.lumira/HICHECKER: hichecker param is empty.
09-12 02:53:21.397 22483 22483 I C04500/com.rh.lumira/webview: SelectWebcoreBeforeProcessRun: SelectWebcoreBeforeProcessRun for app com.rh.lumira.
09-12 02:53:21.397 22483 22483 I C01317/com.rh.lumira/AppKit: [MTHRD3220]mainthread start, pid:22483
09-12 02:53:21.398 22483 23161 I C02D06/com.rh.lumira/XCollie: init default task finished.
09-12 02:53:21.403 22483 22483 I C01317/com.rh.lumira/AppKit: [MTHRD431]attach
09-12 02:53:21.404 22483 23172 W C057C1/com.rh.lumira/IPCWorkThread: ThreadHandler: proto:0 policy:0 name:OS_IPC_2_23172 invoker:840691456
09-12 02:53:21.405 22483 23173 W C057C1/com.rh.lumira/IPCWorkThread: ThreadHandler: proto:0 policy:0 name:OS_IPC_3_23173 invoker:933338368
09-12 02:53:21.407 22483 22483 W C01719/com.rh.lumira/ffrt_acc: 1:GetQosByUidImpl:430 use user-app qos level setting
09-12 02:53:21.407 22483 23159 I C01317/com.rh.lumira/AppKit: [MTHRD825]ScheduleLaunchAbility called, ability EntryAbility, type is 1.
09-12 02:53:21.408 22483 22483 I C03900/com.rh.lumira/ACE_UIContent: [69]AceForwardCompatibility [com.rh.lumira] force:1 newpipe:1
09-12 02:53:21.410 22483 22483 I C01317/com.rh.lumira/AppKit: [MTHRD1813]SmartGC: process is start. enable warm startup SmartGC: 0
09-12 02:53:21.411 22483 22483 I C03F00/com.rh.lumira/ArkCompiler: [ecmascript] asmint: 1, aot: 0, jit: 1, baseline jit: 0, bundle name: com.rh.lumira, arkTSMode: dynamic
09-12 02:53:21.412 22483 22483 I C03F00/com.rh.lumira/ArkCompiler: [ecmascript] multi-thread check enabled: 0
09-12 02:53:21.412 22483 22483 I C03F00/com.rh.lumira/ArkCompiler: [pgo] reset pgo profiler, pgo profiler is disabled
09-12 02:53:21.412 22483 22483 I C03301/com.rh.lumira/LIBUV: clean up handles in loop(5072)
09-12 02:53:21.412 22483 22483 I C03301/com.rh.lumira/LIBUV: loop:(5072) closed in 0s
09-12 02:53:21.412 22483 22483 I C03301/com.rh.lumira/LIBUV: close:5072, async_io_wfd:17
09-12 02:53:21.412 22483 22483 I C03301/com.rh.lumira/LIBUV: close:5072, backend_fd:11
09-12 02:53:21.412 22483 22483 I C03301/com.rh.lumira/LIBUV: init:2320
09-12 02:53:21.412 22483 22483 I C03301/com.rh.lumira/LIBUV: init:2320, backend_fd:11
09-12 02:53:21.412 22483 22483 I C03301/com.rh.lumira/LIBUV: open:2320, pipefd[0]:17
09-12 02:53:21.413 22483 22483 I C03F00/com.rh.lumira/ArkCompiler: [ecmascript] can not find aot file
09-12 02:53:21.413 22483 22483 W C01305/com.rh.lumira/Base: [zip_file.cpp(ExtractToBufByName:966)]GetEntry from pkgContextInfo.json err
09-12 02:53:21.415 22483 22483 W C01321/com.rh.lumira/JsRuntime: [CSM161]not Connected
09-12 02:53:21.415 22483 22483 I C03F00/com.rh.lumira/ArkCompiler: [ecmascript] JSNApi::NotifyDebugMode, tid = 22483, debugApp = 0, isDebugMode = 0, instanceId = 0
09-12 02:53:21.415 22483 23182 I C01317/com.rh.lumira/AppKit: [DRH393]File existed. dir: /data/storage/el2/base/cache/rawheap
09-12 02:53:21.415 22483 23182 I C01317/com.rh.lumira/AppKit: [DRH373]success to create /data/storage/el2/base/cache/rawheap
09-12 02:53:21.415 22483 22483 W C01E00/com.rh.lumira/ResourceManager: update userId, currentUserId_= 0, userId= 100
09-12 02:53:21.416 22483 23194 I C02C03/PARAM_WATCHER: Add watcher keyPrefix persist.hdc.jdwp remoteWatcherId 99446 success
09-12 02:53:21.416 22483 23194 I C02D13/com.rh.lumira/HDC_LOG: AddWatchHdcdJdwp rc:0
09-12 02:53:21.416 22483 23194 I C02D13/com.rh.lumira/HDC_LOG: connect success cfd:31
09-12 02:53:21.417 22483 23194 I C02D13/com.rh.lumira/HDC_LOG: Send2Jdwp send pid:22483, pp:com.rh.lumira, isDebug:0, msglen:25
09-12 02:53:21.418 22483 23178 W C01653/com.rh.lumira/NativePreferences: LoadFromDisk: The settingXml /***/el1/***/i18*** load failed.
09-12 02:53:21.419 22483 22483 E C01301/com.rh.lumira/CompatiblePolicyDeviceType: [calculateResourceType:81]deviceType is empty.
09-12 02:53:21.420 22483 22483 W C01301/com.rh.lumira/Ability: [resource_config_helper.cpp183]invalid source:
09-12 02:53:21.420 22483 22483 W C01301/com.rh.lumira/Ability: [resource_config_helper.cpp183]invalid source:
09-12 02:53:21.420 22483 22483 I C01317/com.rh.lumira/AppKit: [application_cleaner.cpp94]ClearTempData
09-12 02:53:21.420 22483 22483 I C01317/com.rh.lumira/AppKit: [MTHRD2688]NotifyApplicationPreAbilityCreate
09-12 02:53:21.424 22483 22483 I C01317/com.rh.lumira/AppKit: [JAS193]LoadModule
09-12 02:53:21.424 22483 22483 W C01317/com.rh.lumira/AppKit: [JAS966]null stage
09-12 02:53:21.424 22483 22483 W C01317/com.rh.lumira/AppKit: [JAS236]Not found AbilityStage.js
09-12 02:53:21.424 22483 22483 I C01317/com.rh.lumira/AppKit: [OH_APP424]OnAboutToCreateAbility
09-12 02:53:21.424 22483 22483 W C01317/com.rh.lumira/AppKit: [JAS331]Not found AbilityStage.js
09-12 02:53:21.425 22483 22483 I C03F00/com.rh.lumira/ArkCompiler: [ecmascript] start to execute module buffer with secure memory: /data/storage/el1/bundle/entry/ets/entryability/EntryAbility.abc
09-12 02:53:21.425 22483 23186 I C03F00/com.rh.lumira/ArkCompiler: [pgo] will save profiler to file /data/storage/ark-profile/rt_entry.ap
09-12 02:53:21.429 22483 22483 W C03F07/MUSL-LDSO: load libimage_ndk.z.so failed, namespace=default no inherits, errno=2
09-12 02:53:21.434 22483 22483 I C03F04/com.rh.lumira/MMG: [NMM:322]Tail:default/flutter
09-12 02:53:21.437 22483 22483 I A00000/com.rh.lumira/XComFlutterEngine: Thread:384686770392  [INFO:library_loader.cpp(18)] Init NAPI Start.
09-12 02:53:21.437 22483 22483 I A00000/com.rh.lumira/XComFlutterEngine: Thread:384686770392  [INFO:library_loader.cpp(189)] Init NAPI size=58
09-12 02:53:21.437 22483 22483 E A00000/com.rh.lumira/XComFlutterEngine: Thread:384686770392  [ERROR:flutter/shell/platform/ohos/library_loader.cpp(193)] Init NAPI Failed.
09-12 02:53:21.444 22483 22483 I C03F04/com.rh.lumira/MMG: [NMM:1376]Module:arkui.node
09-12 02:53:21.448 22483 22483 I C01D10/com.rh.lumira/accessibility_napi: [(AccessibleAbilityConstructorStyle:1595)]
09-12 02:53:21.448 22483 22483 E C01D02/com.rh.lumira/accessibility_asacfwk: [(AccessibilitySystemAbilityClientImpl:78)]accessibility service is ready.
09-12 02:53:21.450 22483 22483 I C01D10/com.rh.lumira/accessibility_napi: [(Init:311)]-----Init end------
09-12 02:53:21.462 22483 23202 I C03301/com.rh.lumira/LIBUV: init:4112
09-12 02:53:21.462 22483 23202 I C03301/com.rh.lumira/LIBUV: init:4112, backend_fd:28
09-12 02:53:21.462 22483 23202 I C03301/com.rh.lumira/LIBUV: open:4112, pipefd[0]:35
09-12 02:53:21.462 22483 23201 I C03F00/com.rh.lumira/ArkCompiler: [pgo] initializing pgo profiler, pgo is disabled, worker is enabled, profiler: 0
09-12 02:53:21.463 22483 23201 I C02D11/com.rh.lumira/FpBacktrace: UpdateArkStackRange.
09-12 02:53:21.464 22483 22483 I C01324/com.rh.lumira/JsNapi: [js_error_manager.cpp1702]called
09-12 02:53:21.465 22483 22483 W C03F04/com.rh.lumira/MMG: [NMM:1267] First: failed do_dlsym failed: Symbol not found: NAPI_app_ability_appRecovery_GetABCCode, version: null so=/system/lib64/module/app/ability/libapprecovery_napi.z.so.Second: failed /system/lib64/module/app/ability/libwant_napi.z.so not exist.load /system/etc/abc/app/ability/want.abc failed
09-12 02:53:21.465 22483 22483 E C03F00/com.rh.lumira/ArkCompiler: [ecmascript] export objects of native so is undefined, so name is @ohos:app.ability.Want
09-12 02:53:21.465 22483 22483 W C03F04/com.rh.lumira/MMG: [NMM:1267] First: failed /system/lib64/module/app/ability/libwant.z.so not exist.Second: failed /system/lib64/module/app/ability/libwant_napi.z.so not exist.load /system/etc/abc/app/ability/want.abc failed
09-12 02:53:21.465 22483 22483 E C03F00/com.rh.lumira/ArkCompiler: [ecmascript] export objects of native so is undefined, so name is @ohos:app.ability.Want
09-12 02:53:21.465 22483 23201 I C03F01/com.rh.lumira/NAPI: [ArkNativeEngine] Created, id 2
09-12 02:53:21.465 22483 23201 I C03301/com.rh.lumira/LIBUV: init:5360
09-12 02:53:21.466 22483 23201 I C03301/com.rh.lumira/LIBUV: init:5360, backend_fd:36
09-12 02:53:21.466 22483 23201 I C03301/com.rh.lumira/LIBUV: open:5360, pipefd[0]:39
09-12 02:53:21.466 22483 23201 E C03F00/com.rh.lumira/ArkEtsVm: ani: Cannot attach current thread, reached the limit of EAWorkers
09-12 02:53:21.471 22483 23201 I C03900/com.rh.lumira/Ace: [(-1:-1:undefined)] preload js enums in PreloadAceModuleWorker
09-12 02:53:21.474 22483 23201 I C01321/com.rh.lumira/JsRuntime: [JRC80]debug mode is 1, debug app is 0
09-12 02:53:21.474 22483 23201 I C01321/com.rh.lumira/JsRuntime: [JRC83]Create instanceId is 23201
09-12 02:53:21.474 22483 23201 W C01321/com.rh.lumira/JsRuntime: [CSM256]not Connected
09-12 02:53:21.474 22483 23201 W C01321/com.rh.lumira/JsRuntime: [CSM161]not Connected
09-12 02:53:21.474 22483 23201 I C03F00/com.rh.lumira/ArkCompiler: [ecmascript] JSNApi::NotifyDebugMode, tid = 23201, debugApp = 0, isDebugMode = 0, instanceId = 23201
09-12 02:53:21.474 22483 22483 I C03F04/com.rh.lumira/MMG: [NMM:1376]Module:file.photoAccessHelper
09-12 02:53:21.475 22483 22483 W C03F04/com.rh.lumira/MMG: [NMM:1289] Name mismatch: file.photoAccessHelperNative != file.photoAccessHelper
09-12 02:53:21.479 22483 22483 I C03F04/com.rh.lumira/MMG: [NMM:322]Tail:default/preview_fx
09-12 02:53:21.486 22483 22483 I C00101/com.rh.lumira/bt_napi_native_module: (RegisterModule:108)Register bluetoothModule nm_modname:bluetoothManager
09-12 02:53:21.487 22483 23160 I C00101/com.rh.lumira/bt_fwk_profile_manager: (OnAddSystemAbility:172)systemAbilityId:1130
09-12 02:53:21.487 22483 23160 I C00101/com.rh.lumira/bt_fwk_host: (LoadSystemAbilitySuccess:641)LoadSystemAbilitySuccess FinishStart SA
09-12 02:53:21.488 22483 22483 E C057C2/com.rh.lumira/IPCObjectProxy: PrintErrorDetailedInfo: failed, handle:8 error:1 desc:*.IBluetoothHost proxy:854053248 time:1506792321702656
09-12 02:53:21.488 22483 22483 E C00101/com.rh.lumira/bt_fwk_profile_manager: (RegisterFunc:236)remote is nullptr
09-12 02:53:21.506 22483 22483 W C04201/com.rh.lumira/DMS: RegisterClientDeathListener: regis reverse death
09-12 02:53:21.506 22483 22483 I C04201/com.rh.lumira/DMS: RegisterClientDeathListener: ENTER
09-12 02:53:21.509 22483 22483 I C03F04/com.rh.lumira/MMG: [NMM:322]Tail:default/photo_processor
09-12 02:53:21.509 22483 22483 I C01320/com.rh.lumira/JsEnv: [JSENV299]timing: 84
09-12 02:53:21.509 22483 22483 I C01320/com.rh.lumira/JSENV: Callee constructor is OK string
09-12 02:53:21.510 22483 22483 I C01320/com.rh.lumira/JSENV: Ability::constructor callee is object [object Object]
09-12 02:53:21.510 22483 22483 I C03F00/com.rh.lumira/ArkCompiler: [ecmascript] start to execute ark buffer with secure memory use file: /data/storage/el1/bundle/entry/ets/modules.abc, entrypoint: @bundle:com.rh.lumira/entry/build/generated/r/ResourceTable
09-12 02:53:21.510 22483 22483 I C01332/com.rh.lumira/UIAbility: [ui_ability_thread.cpp173]Lifecycle:Attach
09-12 02:53:21.512 22483 22483 I C01317/com.rh.lumira/AppKit: [MTHRD2864]called
09-12 02:53:21.512 22483 22483 I C03F00/com.rh.lumira/ArkCompiler: [gc] app is not inBackground
09-12 02:53:21.513 22483 23160 I C01332/com.rh.lumira/UIAbility: [ui_ability_thread.cpp321]name:EntryAbility,targeState:5,isNewWant:0
09-12 02:53:21.514 22483 22483 I C01332/com.rh.lumira/UIAbility: [ui_ability_thread.cpp240]Lifecycle:name EntryAbility
09-12 02:53:21.514 22483 22483 I C04201/com.rh.lumira/DMS: AddDisplayIdFromAms: abilityToken and display[0] has been added.
09-12 02:53:21.514 22483 22483 I C01332/com.rh.lumira/UIAbility: [JUA2036]JsUIAbility call js, name: onCreate
09-12 02:53:21.515 22483 22483 I A000FF/com.rh.lumira/Flutter: FlutterAbility --> this.context.config.fontSizeScale = 1
09-12 02:53:21.515 22483 22483 I A000FF/com.rh.lumira/Flutter: FlutterAbility --> bundleCodeDir=/data/storage/el1/bundle
09-12 02:53:21.515 22483 22483 I A00000/com.rh.lumira/Skia: config file is not found : /system/etc/productfontconfig.json
09-12 02:53:21.515 22483 22483 I A00000/com.rh.lumira/Skia: parse productfontconfig json file err = 1
09-12 02:53:21.515 22483 22483 I A00000/com.rh.lumira/Skia: parse productfontconfig json file error
09-12 02:53:21.534 22483 22483 I A00000/com.rh.lumira/Skia: family is not found : Noto Sans CJK JP
09-12 02:53:21.534 22483 22483 I C01332/com.rh.lumira/UIAbility: [JUA2081]end, name: onCreate, time: 20
09-12 02:53:21.534 22483 22483 E C01332/com.rh.lumira/UIAbility: [ui_ability_impl.cpp314]hasSaveData_: false
09-12 02:53:21.534 22483 22483 W C01332/com.rh.lumira/UIAbility: [JUA1223]formatRegex: []
09-12 02:53:21.534 22483 22483 I C04202/com.rh.lumira/WMSMain: Init: WindowScene with window session!
09-12 02:53:21.535 22483 22483 I C04202/com.rh.lumira/WMSMain: Init: set isModuleAbilityHookEnd
09-12 02:53:21.535 22483 22483 I C04204/com.rh.lumira/WMSScb: RS multi-instance enabled: 1
09-12 02:53:21.535 22483 22483 I C01406/com.rh.lumira/OHOS::RS: multi-instance, create RSUIContextManager, isMultiInstanceOpen_ 1
09-12 02:53:21.536 22483 22483 I C02C03/PARAM_WATCHER: Add watcher keyPrefix persist.sys.graphic.animationscale remoteWatcherId 99446 success
09-12 02:53:21.537 22483 22483 I C04204/com.rh.lumira/WMSScb: InitRSUIDirector: Create RSUIDirector: RSUIDirector's RSUIContext [token: 96563749715969, tid: 22483], rsUIContext: RSUIContext is null
09-12 02:53:21.538 22483 22483 W C01409/com.rh.lumira/APS_MANAGER: redo Connect
09-12 02:53:21.538 22483 22483 I C01409/com.rh.lumira/APS_MANAGER: Start to ConnectService
09-12 02:53:21.538 22483 22483 I C01409/com.rh.lumira/APS_MANAGER: GetSystemAbilityManager success
09-12 02:53:21.538 22483 22483 I C01409/com.rh.lumira/APS_MANAGER: GetSystemAbility success
09-12 02:53:21.538 22483 22483 I C01406/com.rh.lumira/OHOS::RS: RSLogManager init log flag: 0x0(0)
09-12 02:53:21.538 22483 22483 I C01406/com.rh.lumira/OHOS::RS: RSFrameRateLinker::Create id: 96563749715968
09-12 02:53:21.538 22483 22483 I C04202/com.rh.lumira/WMSMain: VsyncStation: id 96563749715970 created
09-12 02:53:21.538 22483 22483 I C04200/com.rh.lumira/WindowSceneSessionImpl: WindowSceneSessionImpl: [WMSCom] Constructor lumira0
09-12 02:53:21.538 22483 22483 E C04200/com.rh.lumira/WMS: SetWindowType: permission denied!
09-12 02:53:21.538 22483 22483 I C0420A/com.rh.lumira/WMSLife: Create: Window Create name:lumira0, state:0, mode:0
09-12 02:53:21.539 22483 22483 I C0420A/com.rh.lumira/WMSLife: Create: SetIsAbilityHookOff 0
09-12 02:53:21.539 22483 22483 W C0420A/com.rh.lumira/WMSLife: IsWindowSessionInvalid: already destroyed or not created! id: 0 state_: 0
09-12 02:53:21.539 22483 22483 W C04200/com.rh.lumira/WindowSceneSessionImpl: AdjustWindowAnimationFlag: session invalid!
09-12 02:53:21.539 22483 22483 I C04200/com.rh.lumira/WindowSceneSessionImpl: Remove window flag WINDOW_FLAG_SHOW_WHEN_LOCKED
09-12 02:53:21.539 22483 22483 I C0420A/com.rh.lumira/WMSLife: Connect: in
09-12 02:53:21.540 22483 23159 I C04208/com.rh.lumira/WMSLayout: NotifyAppHookWindowInfoUpdated: in
09-12 02:53:21.541 22483 22483 I C04208/com.rh.lumira/WMSLayout: Connect: updateRect when connect.preRect:[0,0,0,0]rect:[0,0,1280,2832]
09-12 02:53:21.541 22483 23159 I C0421C/com.rh.lumira/WMSCompat: SetAppHookWindowInfo: Id:2782, preHookWindowInfo:[enableHookWindow: false, widthHookRatio: 1.000000, notifyWindowChange: false], newHookWindowInfo:[enableHookWindow: false, widthHookRatio: 1.000000, notifyWindowChange: false]
09-12 02:53:21.541 22483 23159 I C04208/com.rh.lumira/WMSLayout: UpdateRect: id:2782 name:lumira0 rect:[0 0 1280 2832]->[0 0 1280 2832] reason:23 displayId:0
09-12 02:53:21.541 22483 23159 I C04208/com.rh.lumira/WMSLayout: NotifyFirstValidLayoutUpdate: Id:2782, rect:[0 0 1280 2832]
09-12 02:53:21.541 22483 22483 I C0420A/com.rh.lumira/WMSLife: Connect: Window Connect [name:lumira0, id:2782, type:1], ret:0, oriDisplayId:0, curDisplayId:0
09-12 02:53:21.541 22483 22483 I C0421C/com.rh.lumira/WMSCompat: SendCombinedCompatibleConfigToArkUI: bundleName: com.rh.lumira, combinedCompatibleConfig size: 2
09-12 02:53:21.541 22483 22483 I C0421C/com.rh.lumira/WMSCompat: SendCombinedCompatibleConfigToArkUI: bundleName:com.rh.lumira, logicalDeviceConfig size:2, arkUIAndWebConfig size:54
09-12 02:53:21.541 22483 22483 I C03900/com.rh.lumira/ACE_UIContent: [201]get angle info: {}
09-12 02:53:21.541 22483 22483 I C0421C/com.rh.lumira/WMSCompat: SendCombinedCompatibleConfigToArkUI: Send null logical device config to arkui
09-12 02:53:21.541 22483 22483 I C0421C/com.rh.lumira/WMSCompat: SendCombinedCompatibleConfigToArkUI: Send combined compatible config to arkui successfully!
09-12 02:53:21.541 22483 22483 I C04208/com.rh.lumira/WMSLayout: SetWindowMode: windowId: 2782, windowModeSupportType: 63, mode: 1
09-12 02:53:21.541 22483 23159 W C04208/com.rh.lumira/WMSLayout: NotifySingleHandTransformChange: id:2782, uiContent is nullptr
09-12 02:53:21.542 22483 22483 I C04208/com.rh.lumira/WMSLayout: NotifyWindowStatusChange: id:2782, windowMode:1, windowStatus:1, lastWindowStatus:0, skipRedundantWindowStatusNotifications:0
09-12 02:53:21.542 22483 22483 I C04208/com.rh.lumira/WMSLayout: SetConfigWindowLimitsVP: id:2782, windowLimits:[0 0 0 0 0.000000 0.000000 1.000000 1]
09-12 02:53:21.542 22483 22483 I C04208/com.rh.lumira/WMSLayout: GetSystemSizeLimits: px[6720,6720,1120,840], vp[1920,1920,320,240], configMax:1920, vpr:3.500000, winType:1
09-12 02:53:21.542 22483 22483 I C0421A/com.rh.lumira/WMSLayoutPc: GetSupportedWindowModesConfiguration: winId: 2782, windowModeSupportType: 15
09-12 02:53:21.542 22483 22483 I C04202/com.rh.lumira/WMSMain: SetSupportedWindowModesForAncoInFreeWindow: is not anco app, need not update support window mode.
09-12 02:53:21.542 22483 22483 I C04208/com.rh.lumira/WMSLayout: GetConfigurationFromAbilityInfo: windowId: 2782, windowModeSupportType: 15, isAncoSupportFreeWindow: 0
09-12 02:53:21.542 22483 22483 I C0420F/com.rh.lumira/WMSRecover: RegisterSessionRecoverCallbackFunc: persistentId=2782
09-12 02:53:21.542 22483 22483 I C04209/com.rh.lumira/WMSImms: UpdateStatusBarColorByColorMode: win 2782 type 1 hasDarkRes 0 colorMode light
09-12 02:53:21.543 22483 22483 I C04200/com.rh.lumira/WMS: IsMainHandlerAvailable: id:2782, isAvailable:1
09-12 02:53:21.543 22483 22483 I C04200/com.rh.lumira/WMS: IsMainHandlerAvailable: id:2782, isAvailable:1
09-12 02:53:21.543 22483 22483 I C02800/com.rh.lumira/InputManagerImpl: [][SetWindowInputEventConsumer:366] enter
09-12 02:53:21.544 22483 22483 I C02800/com.rh.lumira/MMIClient: [|267]Connection to server succeeded, fd:47
09-12 02:53:21.544 22483 22483 I C02800/com.rh.lumira/MMIClient: [|166]Server was listening
09-12 02:53:21.544 22483 22483 I C02800/com.rh.lumira/MMIClient: [|127]reuse current event handler, thread name:
09-12 02:53:21.544 22483 22483 I C02800/com.rh.lumira/MMIClient: [|130]File fd is in listening
09-12 02:53:21.544 22483 22483 I C02800/com.rh.lumira/InputManagerImpl: [][SetWindowInputEventConsumer] leave
09-12 02:53:21.544 22483 22483 I C0420C/com.rh.lumira/WMSEvent: AddInputWindow: SetWindowInputEventConsumer success, wid:2782
09-12 02:53:21.544 22483 22483 I C0420C/com.rh.lumira/WMSEvent: LoadGameController: in
09-12 02:53:21.546 22483 22483 I C04732/com.rh.lumira/GameController: [(RegisterEntryModule:24)]begin load gamecontroller_event
09-12 02:53:21.546 22483 22483 I C04732/com.rh.lumira/GameController: [(StartInputToTouch:61)]Begin StartInputToTouch
09-12 02:53:21.547 22483 22483 I C0420C/com.rh.lumira/WMSEvent: LoadGameController: dlopen GameController success
09-12 02:53:21.547 22483 22483 I C0420C/com.rh.lumira/WMSEvent: SubscribeEvent: Subscribe touch.events.touchpredict Event
09-12 02:53:21.548 22483 23212 I C04732/com.rh.lumira/GameController: [(GetSelfBundleName:49)]The current bundleName [com.rh.lumira]. version [1.0.0]
09-12 02:53:21.548 22483 23212 I C04732/com.rh.lumira/GameController: [(IsCommonApp:94)]The [com.rh.lumira] is a common app.
09-12 02:53:21.548 22483 23212 W C04732/com.rh.lumira/GameController: [(ReadJsonFromFile:224)]realpath failed for [/data/service/el1/public/for-all-app/gamecontroller_server/game_support_key_mapping.json]
09-12 02:53:21.548 22483 23212 I C04732/com.rh.lumira/GameController: [(SetSupportKeyMapping:73)]SetSupportKeyMapping. isSupportKeyMapping_ is [0]
09-12 02:53:21.548 22483 23212 I C04732/com.rh.lumira/GameController: [(DoAsyncTask:76)]The app does not support input-to-touch feature.
09-12 02:53:21.548 22483 22483 I C04217/com.rh.lumira/WMSAttribute: ConnectServer: start connect
09-12 02:53:21.548 22483 22483 W C03F07/MUSL-LDSO: Error loading header libark_connect_inspector.z.so: failed to map header
09-12 02:53:21.548 22483 22483 W C03F07/MUSL-LDSO: dlopen_impl load library header failed for libark_connect_inspector.z.so
09-12 02:53:21.549 22483 22483 W C04217/com.rh.lumira/WMSAttribute: ConnectServer: noload fail: libark_connect_inspector.z.so
09-12 02:53:21.549 22483 22483 I C04217/com.rh.lumira/WMSAttribute: ConnectServer: end connect
09-12 02:53:21.549 22483 22483 W C04217/com.rh.lumira/WMSAttribute: RegisterGetWMSWindowListCallback: callback has registered
09-12 02:53:21.549 22483 22483 I C04217/com.rh.lumira/WMSAttribute: RegisterGetWMSWindowListCallback: winId: 2782
09-12 02:53:21.549 22483 22483 I C04217/com.rh.lumira/WMSAttribute: UpdateColorMode: winId: 2782, colorMode: light
09-12 02:53:21.549 22483 22483 I C04218/com.rh.lumira/WMSPc: UpdateSidebarBlurStyleWhenColorModeChange: in, persistentId=2782
09-12 02:53:21.549 22483 22483 W C04218/com.rh.lumira/WMSPc: UpdateSidebarBlurStyleWhenColorModeChange: RSAnimatableProperty is null
09-12 02:53:21.549 22483 22483 I C04217/com.rh.lumira/WMSAttribute: UpdateColorMode: winId: 2782, colorMode: light, hasDarkRes: 0
09-12 02:53:21.549 22483 22483 I C0421C/com.rh.lumira/WMSCompat: SetPcAppInpadSpecificSystemBarInvisible: isPcAppInpadSpecificSystemBarInvisible: 0
09-12 02:53:21.549 22483 22483 I C0421C/com.rh.lumira/WMSCompat: SetPcAppInpadOrientationLandscape: isPcAppInpadOrientationLandscape: 0
09-12 02:53:21.549 22483 22483 I C0420A/com.rh.lumira/WMSLife: Create: Window Create success [name:lumira0, id:2782], state:1, mode:1, enableDefaultDensity:0, displayId:0
09-12 02:53:21.549 22483 22483 E C04200/com.rh.lumira/WMS: singleton_container.cpp GetSingleton: cant get OHOS::Rosen::WindowInfoReporter
09-12 02:53:21.549 22483 22483 I C01332/com.rh.lumira/UIAbility: [JUA2036]JsUIAbility call js, name: onWindowStageCreate
09-12 02:53:21.549 22483 22483 I C04200/com.rh.lumira/JsWindow: CreateJsWindow lumira0
09-12 02:53:21.549 22483 22483 I C0420A/com.rh.lumira/WMSLife: JsWindow: window: lumira0, ctorCnt: 1
09-12 02:53:21.550 22483 22483 I C0420A/com.rh.lumira/WMSLife: CreateJsWindowObject: Add window lumira0
09-12 02:53:21.550 22483 22483 I C04200/com.rh.lumira/WMS: RegisterListener: [windowStageEvent, 1]
09-12 02:53:21.550 22483 22483 I C04200/com.rh.lumira/JsWindowStage: Window [2782, lumira0] register event windowStageEvent
09-12 02:53:21.550 22483 22483 I C04200/com.rh.lumira/WMS: RegisterListener: [windowSizeChange, 1]
09-12 02:53:21.550 22483 22483 I C04200/com.rh.lumira/WMS: OnRegisterWindowCallback: Id=2782, type=windowSizeChange
09-12 02:53:21.550 22483 22483 I C04209/com.rh.lumira/WMSImms: RegisterAvoidAreaChangeListener: win 2782
09-12 02:53:21.551 22483 22483 E C04200/com.rh.lumira/IMockSessionManager: Read result failed, code is: 4.
09-12 02:53:21.551 22483 22483 E C04200/com.rh.lumira/IMockSessionManager: Read result failed, code is: 4.
09-12 02:53:21.551 22483 22483 I C04204/com.rh.lumira/WMSScb: InitSceneSessionManagerProxy: enter
09-12 02:53:21.552 22483 22483 I C04200/com.rh.lumira/WMS: RegisterListener: [avoidAreaChange, 1]
09-12 02:53:21.552 22483 22483 I C04200/com.rh.lumira/WMS: OnRegisterWindowCallback: Id=2782, type=avoidAreaChange
09-12 02:53:21.552 22483 22483 I C04200/com.rh.lumira/WMS: RegisterListener: [windowStatusChange, 1]
09-12 02:53:21.552 22483 22483 I C04200/com.rh.lumira/WMS: OnRegisterWindowCallback: Id=2782, type=windowStatusChange
09-12 02:53:21.552 22483 22483 I C04200/com.rh.lumira/WMS: RegisterListener: [keyboardHeightChange, 1]
09-12 02:53:21.552 22483 22483 I C04200/com.rh.lumira/WMS: OnRegisterWindowCallback: Id=2782, type=keyboardHeightChange
09-12 02:53:21.552 22483 22483 I C01D10/com.rh.lumira/accessibility_napi: [(SubscribeState:705)]
09-12 02:53:21.552 22483 22483 I C01D10/com.rh.lumira/accessibility_napi: [(SubscribeObserver:1939)]
09-12 02:53:21.552 22483 22483 I C01D10/com.rh.lumira/accessibility_napi: [(SubscribeObserver:1955)]observer size1
09-12 02:53:21.552 22483 22483 I C04201/com.rh.lumira/DMS: IfCallbackRegistered: foldStatusChange not registered!
09-12 02:53:21.552 22483 22483 I C04201/com.rh.lumira/DMS: JsDisplayListener: Constructor
09-12 02:53:21.553 22483 22483 I C04201/com.rh.lumira/DMS: IfCallbackRegistered: change not registered!
09-12 02:53:21.553 22483 22483 I C04201/com.rh.lumira/DMS: JsDisplayListener: Constructor
09-12 02:53:21.553 22483 22483 W A000FF/com.rh.lumira/Flutter: FlutterAbility --> onWindowStageCreate:oh_flutter_1
09-12 02:53:21.553 22483 22483 I C04200/com.rh.lumira/JsWindowStage: LoadContent: [NAPI]
09-12 02:53:21.553 22483 22483 I A000FF/com.rh.lumira/Flutter: FlutterManager --> WindowLayoutFullScreen is on
09-12 02:53:21.553 22483 22483 I C01332/com.rh.lumira/UIAbility: [JUA2081]end, name: onWindowStageCreate, time: 4
09-12 02:53:21.553 22483 22483 I C0420A/com.rh.lumira/WMSLife: NotifyWindowStageCreateFinished: id: 2782
09-12 02:53:21.553 22483 22483 I C01332/com.rh.lumira/UIAbility: [JUA2036]JsUIAbility call js, name: onWillForeground
09-12 02:53:21.553 22483 22483 I C01332/com.rh.lumira/UIAbility: [JUA2081]end, name: onWillForeground, time: 0
09-12 02:53:21.553 22483 22483 I C04202/com.rh.lumira/WMSMain: GoForeground: reason: 4
09-12 02:53:21.553 22483 22483 I C0420A/com.rh.lumira/WMSLife: Show: Window show [name: lumira0, id: 2782, type: 1], reason: 4, state:1, requestState:1
09-12 02:53:21.553 22483 22483 I C04200/com.rh.lumira/WMS: OnModeChange: 1
09-12 02:53:21.553 22483 22483 I C04208/com.rh.lumira/WMSLayout: GetSystemSizeLimits: px[6720,6720,1120,840], vp[1920,1920,320,240], configMax:1920, vpr:3.500000, winType:1
09-12 02:53:21.553 22483 22483 I C04208/com.rh.lumira/WMSLayout: UpdateNewSize: fullscreen or compatible mode could not update new size, Id: 2782
09-12 02:53:21.553 22483 22483 I C04217/com.rh.lumira/WMSAttribute: IsSystemDensityChanged: windowId: 2782, lastDensity: -1.000000, currDensity: 3.500000
09-12 02:53:21.554 22483 22483 W C04200/com.rh.lumira/WindowSessionImpl: UpdateViewportConfig: uiContent is null!
09-12 02:53:21.554 22483 22483 I C01332/com.rh.lumira/UIAbility: [ui_ability_impl.cpp439]wnd call, AfterForeground
09-12 02:53:21.554 22483 22483 I C0420A/com.rh.lumira/WMSLife: LifeCycleCallBack: event type: 1
09-12 02:53:21.554 22483 22483 W C0420A/com.rh.lumira/WMSLife: GetAttachStateSyncResult: lifecycleCallback is null
09-12 02:53:21.554 22483 22483 I C01406/com.rh.lumira/OHOS::RS: RSFrameRateLinker::Create id: 96563749715969
09-12 02:53:21.554 22483 22483 I C01706/com.rh.lumira/RsFrameReportExt: RsFrameReportExt:[LoadLibrary] load library success!
09-12 02:53:21.554 22483 22483 I C01706/com.rh.lumira/RsFrameReportExt: RsFrameReportExt:[Init] dlopen libframe_ui_intf.so success!
09-12 02:53:21.555 22483 23159 I C04207/com.rh.lumira/WMSFocus: UpdateFocusState: focus: 1, id: 2782
09-12 02:53:21.556 22483 23159 I C0420A/com.rh.lumira/WMSLife: LifeCycleCallBack: event type: 2
09-12 02:53:21.556 22483 22483 I C01706/com.rh.lumira/ueaClient-FrameUiIntf: [Init]:ret:1, inited:1
09-12 02:53:21.556 22483 22483 I C04217/com.rh.lumira/WMSAttribute: InitWaterfallMode: winId: 2782
09-12 02:53:21.556 22483 22483 I C04217/com.rh.lumira/WMSAttribute: NotifyWaterfallModeChange: winId: 2782, waterfall: 0, stat: 2
09-12 02:53:21.556 22483 22483 I C0420A/com.rh.lumira/WMSLife: NotifyAfterDidForeground: reason: 4
09-12 02:53:21.556 22483 22483 I C04202/com.rh.lumira/WMSMain: NotifyFreeMultiWindowModeResume: IsPcMode 0, isColdStart 1
09-12 02:53:21.556 22483 22483 I C0420A/com.rh.lumira/WMSLife: Show: Window show success [name:lumira0, id:2782, type:1]
09-12 02:53:21.556 22483 22483 I C04208/com.rh.lumira/WMSLayout: NotifyWindowStatusChange: id:2782, windowMode:1, windowStatus:1, lastWindowStatus:1, skipRedundantWindowStatusNotifications:0
09-12 02:53:21.557 22483 22483 W C04201/com.rh.lumira/DMS: OnDisplayInfoChange: data is not changed.
09-12 02:53:21.557 22483 23159 I C04207/com.rh.lumira/WMSFocus: NotifyHighlightChange: windowId: 2782, isHighlight: 1,
09-12 02:53:21.557 22483 22483 I C01332/com.rh.lumira/UIAbility: [JUA2036]JsUIAbility call js, name: onForeground
09-12 02:53:21.557 22483 22483 I A000FF/com.rh.lumira/Flutter: FlutterAbility --> Ability onForeground
09-12 02:53:21.557 22483 22483 W A000FF/com.rh.lumira/Flutter: FlutterAbility --> FlutterAbility onForeground call after detach.
09-12 02:53:21.557 22483 22483 I C01332/com.rh.lumira/UIAbility: [JUA2081]end, name: onForeground, time: 0
09-12 02:53:21.557 22483 22483 I C01301/com.rh.lumira/Ability: [page_config_manager.cpp49]configJson is empty
09-12 02:53:21.558 22483 22483 I A000FF/com.rh.lumira/Flutter: FlutterLoader --> Found extracted resources res_timestamp-1-1789152749153
09-12 02:53:21.558 22483 22483 W A000FF/com.rh.lumira/Flutter: FlutterNapi --> HAR_VERSION=1.0.0-12247ac613
09-12 02:53:21.558 22483 22483 I A00000/com.rh.lumira/XComFlutterEngine: Thread:384686770392  [INFO:ohos_main.cpp(68)] INIT kernelPath:/data/storage/el2/base/haps/entry/files/flutter_assets/kernel_blob.bin
09-12 02:53:21.558 22483 22483 I A00000/com.rh.lumira/XComFlutterEngine: Thread:384686770392  [INFO:ohos_main.cpp(69)] appStoragePath:/data/storage/el2/base/haps/entry/files/
09-12 02:53:21.558 22483 22483 I A00000/com.rh.lumira/XComFlutterEngine: Thread:384686770392  [INFO:ohos_main.cpp(70)] engineCachesPath:/data/storage/el2/base/haps/entry/cache/
09-12 02:53:21.558 22483 22483 I A00000/com.rh.lumira/XComFlutterEngine: Thread:384686770392  [INFO:ohos_main.cpp(71)] initTimeMillis:43
09-12 02:53:21.558 22483 22483 I A00000/com.rh.lumira/XComFlutterEngine: Thread:384686770392  [INFO:ohos_main.cpp(72)] productModel:SGT-AL50
09-12 02:53:21.558 22483 22483 I A00000/com.rh.lumira/XComFlutterEngine: Thread:384686770392  [INFO:napi_util.cc(181)] GetArrayString length:11
09-12 02:53:21.558 22483 22483 I A00000/com.rh.lumira/XComFlutterEngine: Thread:384686770392  [INFO:ohos_main.cpp(79)] flutter
09-12 02:53:21.558 22483 22483 I A00000/com.rh.lumira/XComFlutterEngine: Thread:384686770392  [INFO:ohos_main.cpp(79)] --icu-native-lib-path=/data/storage/el1/bundle/libs/arm64/libflutter.so
09-12 02:53:21.558 22483 22483 I A00000/com.rh.lumira/XComFlutterEngine: Thread:384686770392  [INFO:ohos_main.cpp(79)] --icu-data-file-path=/data/storage/el2/base/haps/entry/files/flutter_assets/icudtl.dat
09-12 02:53:21.558 22483 22483 I A00000/com.rh.lumira/XComFlutterEngine: Thread:384686770392  [INFO:ohos_main.cpp(79)] --snapshot-asset-path=/data/storage/el2/base/haps/entry/files/flutter_assets
09-12 02:53:21.558 22483 22483 I A00000/com.rh.lumira/XComFlutterEngine: Thread:384686770392  [INFO:ohos_main.cpp(79)] --vm-snapshot-data=vm_snapshot_data
09-12 02:53:21.558 22483 22483 I A00000/com.rh.lumira/XComFlutterEngine: Thread:384686770392  [INFO:ohos_main.cpp(79)] --isolate-snapshot-data=isolate_snapshot_data
09-12 02:53:21.558 22483 22483 I A00000/com.rh.lumira/XComFlutterEngine: Thread:384686770392  [INFO:ohos_main.cpp(79)] --enable-checked-mode
09-12 02:53:21.558 22483 22483 I A00000/com.rh.lumira/XComFlutterEngine: Thread:384686770392  [INFO:ohos_main.cpp(79)] --verbose-logging
09-12 02:53:21.558 22483 22483 I A00000/com.rh.lumira/XComFlutterEngine: Thread:384686770392  [INFO:ohos_main.cpp(79)] --cache-dir-path=/data/storage/el2/base/haps/entry/cache/
09-12 02:53:21.558 22483 22483 I A00000/com.rh.lumira/XComFlutterEngine: Thread:384686770392  [INFO:ohos_main.cpp(79)] --resource-cache-max-bytes-threshold=99532800
09-12 02:53:21.558 22483 22483 I A00000/com.rh.lumira/XComFlutterEngine: Thread:384686770392  [INFO:ohos_main.cpp(79)] --prefetched-default-font-manager
09-12 02:53:21.558 22483 22483 I A00000/com.rh.lumira/XComFlutterEngine: Thread:384686770392  [INFO:ohos_main.cpp(79)] --leak-vm=true
09-12 02:53:21.559 22483 22483 I A00000/com.rh.lumira/XComFlutterEngine: Thread:384686770392  [INFO:ohos_main.cpp(90)] application_kernel_path exist
09-12 02:53:21.559 22483 22483 I A000FF/com.rh.lumira/Flutter: FlutterEngineGroup --> shellHolder, this.activeEngines.length=0
09-12 02:53:21.559 22483 22483 I A000FF/com.rh.lumira/Flutter: FlutterAbility --> windowStage foreground.
09-12 02:53:21.559 22483 22483 I C0420A/com.rh.lumira/WMSLife: NotifyAfterDidForeground execute
09-12 02:53:21.559 22483 22483 I C01332/com.rh.lumira/UIAbility: [JUA2036]JsUIAbility call js, name: onDidForeground
09-12 02:53:21.559 22483 22483 I C01332/com.rh.lumira/UIAbility: [JUA2081]end, name: onDidForeground, time: 0
09-12 02:53:21.559 22483 22483 I C04202/com.rh.lumira/WMSMain: GoResume: in
09-12 02:53:21.559 22483 22483 I C0420A/com.rh.lumira/WMSLife: Resume: in, isColdStart: 1, isDidForeground: 0
09-12 02:53:21.559 22483 22483 I C0420A/com.rh.lumira/WMSLife: NotifyAfterLifecycleResumed: in
09-12 02:53:21.559 22483 22483 I A000FF/com.rh.lumira/Flutter: FlutterAbility --> windowStage active.
09-12 02:53:21.559 22483 22483 I A000FF/com.rh.lumira/Flutter: FlutterAbility --> Ability onWindowFocusChanged
09-12 02:53:21.559 22483 22483 W A000FF/com.rh.lumira/Flutter: FlutterAbility --> FlutterAbility onWindowFocusChanged call after detach.
09-12 02:53:21.559 22483 22483 I C0420A/com.rh.lumira/WMSLife: SetUIContentInner: pages/Index, state:2, persistentId: 2782
09-12 02:53:21.559 22483 22483 I C0420A/com.rh.lumira/WMSLife: SetUIContentComplete: persistentId=2782
09-12 02:53:21.563 22483 23159 E C0420A/com.rh.lumira/WMSLife: NotifyUIExtHostRectChangeInGlobalDisplayListeners: uiContent is null
09-12 02:53:21.563 22483 23159 W C04208/com.rh.lumira/WMSLayout: NotifySingleHandTransformChange: id:2782, uiContent is nullptr
09-12 02:53:21.563 22483 22483 I C03900/com.rh.lumira/Ace: [(-1:-1:undefined)] CreateUIContent.
09-12 02:53:21.563 22483 22483 I C03934/com.rh.lumira/AceUIEvent: [(-1:-1:undefined)] report ace loaded
09-12 02:53:21.563 22483 23159 I C04208/com.rh.lumira/WMSLayout: UpdateRect: id:2782 name:lumira0 rect:[0 0 1280 2832]->[0 0 1280 2832] reason:23 displayId:0
09-12 02:53:21.563 22483 22483 I C04707/com.rh.lumira/HaAceEngine: OnAceLoaded end
09-12 02:53:21.564 22483 22483 W C0391F/com.rh.lumira/AceImage: [(-2:-1:undefined)] mkdir cache file path failed.
09-12 02:53:21.564 22483 22483 I C03900/com.rh.lumira/Ace: [(-2:-1:undefined)] Init RenderService UniRender Type:0
09-12 02:53:21.564 22483 23216 W C057C1/com.rh.lumira/IPCWorkThread: ThreadHandler: proto:0 policy:0 name:OS_IPC_4_23216 invoker:1142147584
09-12 02:53:21.564 22483 22483 I C03900/com.rh.lumira/Ace: [(-2:-1:undefined)] [com.rh.lumira][entry][-1]: UIContent: apiCompatibleVersion: 50000012, apiTargetVersion: 60001021, and apiReleaseType: Release, useNewPipe: 1, enableCustomComponentCrossAbility: 0
09-12 02:53:21.564 22483 23161 I C02D06/com.rh.lumira/XCollie: Start init Async Stack.
09-12 02:53:21.565 22483 22483 I C02C03/PARAM_WATCHER: Add watcher keyPrefix persist.sys.arkui.animationscale remoteWatcherId 99446 success
09-12 02:53:21.565 22483 23192 I C03900/com.rh.lumira/Ace: [(-1:-1:undefined)] dlsym function ReportData success.
09-12 02:53:21.565 22483 23192 I C03900/com.rh.lumira/Ace: [(-1:-1:undefined)] dlsym function ReportSyncEvent success.
09-12 02:53:21.565 22483 22483 E C03900/com.rh.lumira/Ace: [(-2:-1:undefined)] ConfigParserBase read system UI correction config file failed
09-12 02:53:21.565 22483 22483 W C03900/com.rh.lumira/Ace: [(-2:-1:undefined)] ArkUiFeatureParamManager failed to load UI correction config file
09-12 02:53:21.568 22483 22483 I C03900/com.rh.lumira/Ace: [(-2:-1:undefined)] SetLocale language tag: zh-CN, select language: zh-CN
09-12 02:53:21.568 22483 22483 I C03900/com.rh.lumira/Ace: [(-2:-1:undefined)] [com.rh.lumira][entry][-1]: SetLanguage: zh, colorMode: light, deviceAccess: 0
09-12 02:53:21.568 22483 22483 I C03900/com.rh.lumira/Ace: [(-2:-1:undefined)] [com.rh.lumira][entry][-1]: Initialize UIContent isModelJson:true
09-12 02:53:21.570 22483 22483 I C03922/com.rh.lumira/AceNavigation: [(-2:-1:undefined)] subscribe hsp Update successfully
09-12 02:53:21.570 22483 22483 I C03900/com.rh.lumira/Ace: [(100000:100000:scope)] SetHapPath, Use hap path to load resource
09-12 02:53:21.570 22483 22483 I C04217/com.rh.lumira/WMSAttribute: RegisterWaterfallModeChangeListener: winId: 2782
09-12 02:53:21.571 22483 22483 I C04200/com.rh.lumira/WMS: GetSurfaceNode: name:lumira0, id:2782
09-12 02:53:21.571 22483 22483 I C04200/com.rh.lumira/WMS: GetSurfaceNode: name:lumira0, id:2782
09-12 02:53:21.571 22483 22483 I C03900/com.rh.lumira/Ace: [(100000:100000:scope)] SetRSSurfaceNode 96563749715970 with rs multi
09-12 02:53:21.571 22483 22483 I C01406/com.rh.lumira/OHOS::RS: RSUIContext::AttachFromUI. token: 96563749715969 uiPiplineNum: -1
09-12 02:53:21.571 22483 22483 I C03925/com.rh.lumira/AceRouter: [(100000:100000:scope)] createManager, deviceType: 0
09-12 02:53:21.572 22483 22483 W C03900/com.rh.lumira/Ace: [(100000:100000:scope)] Invalid config:zh_CN-long-notround-vertical-light-phone-xxxhdpi
09-12 02:53:21.572 22483 22483 I C01406/com.rh.lumira/OHOS::RS: RSSurfaceNode::SetAbilityState, surfaceNodeId:[96563749715970], ability state: background
09-12 02:53:21.572 22483 22483 I C03900/com.rh.lumira/Ace: [(100000:100000:scope)] set translateManager to pipeline, instanceId:100000
09-12 02:53:21.572 22483 22483 I C0421D/com.rh.lumira/WMSRotation: RegisterOrientationChangeListener: in
09-12 02:53:21.572 22483 22483 I C03900/com.rh.lumira/Ace: [(100000:100000:scope)] AddPersistAfterLayoutTask size: 1
09-12 02:53:21.572 22483 22483 I C03919/com.rh.lumira/AceInputTracking: [(100000:100000:scope)] Debug touch pass mode 0
09-12 02:53:21.572 22483 22483 W C03F07/MUSL-LDSO: load absolute_path /system/lib64/libtransform_interaction_ext.z.so: check ns accessible failed namespace=ndk.
09-12 02:53:21.572 22483 22483 W C03F07/MUSL-LDSO: load /system/lib64/libtransform_interaction_ext.z.so failed, namespace=ndk no inherits, errno=2
09-12 02:53:21.572 22483 22483 W C03F07/MUSL-LDSO: load /system/lib64/libtransform_interaction_ext.z.so failed, namespace=default, errno=2
09-12 02:53:21.572 22483 22483 W C03F07/MUSL-LDSO: dlopen_impl load library header failed for /system/lib64/libtransform_interaction_ext.z.so
09-12 02:53:21.572 22483 22483 E C03934/com.rh.lumira/AceUIEvent: [(100000:100000:scope)] AceTransform load failed: Error loading shared library /system/lib64/libtransform_interaction_ext.z.so: No such file or directory
09-12 02:53:21.572 22483 22483 I C03937/com.rh.lumira/AceResource: [(100000:100000:scope)] ResourceAdapter UpdateResConfig with colorMode light
09-12 02:53:21.572 22483 22483 W C03900/com.rh.lumira/Ace: [(100000:100000:scope)] not found systemTheme in HapModuleInfo, loading default OHOS_THEME
09-12 02:53:21.572 22483 22483 I C03900/com.rh.lumira/Ace: [(100000:100000:scope)] Cannot Get File List from resources/styles/
09-12 02:53:21.573 22483 22483 W C03900/com.rh.lumira/Ace: [(100000:100000:scope)] GetAsset failed: resources/styles/default.json
09-12 02:53:21.574 22483 23160 I C04208/com.rh.lumira/WMSLayout: NotifyWindowStatusDidChange: Id:2782, WindowMode:1, windowStatus:1, lastWindowStatus:0, listenerSize:0, rect:[0 0 1280 2832]
09-12 02:53:21.579 22483 22483 I C01406/com.rh.lumira/OHOS::RS: RSTransactionHandler::Begin syncId:0, transactionHandler:2347212279695189326, remoteTransactionDataStack.size:0
09-12 02:53:21.579 22483 22483 I C01406/com.rh.lumira/OHOS::RS: RSTransactionHandler::Commit transactionHandler:2347212279695189326
09-12 02:53:21.579 22483 22483 W C01406/com.rh.lumira/OHOS::RS: RSNodeMap::UnregisterNode: node id 96563749715970 not found
09-12 02:53:21.579 22483 22483 I C01406/com.rh.lumira/OHOS::RS: RSRootNode::Create, Node:96563749715971, Token:96563749715969
09-12 02:53:21.579 22483 22483 I C03900/com.rh.lumira/Ace: [(100000:100000:scope)] root node OnAttachToFrameNode, id:0
09-12 02:53:21.579 22483 22483 I C03900/com.rh.lumira/Ace: [(100000:100000:scope)] Rosenwindow set root, rsId:96563749715971
09-12 02:53:21.579 22483 22483 I C01406/com.rh.lumira/OHOS::RS: RSRootNode::AttachRSSurfaceNode, SurfaceNode:96563749715970, Node:96563749715971
09-12 02:53:21.580 22483 22483 I C01406/com.rh.lumira/OHOS::RS: RSTransactionHandler::Begin syncId:0, transactionHandler:10740346328012941741, remoteTransactionDataStack.size:0
09-12 02:53:21.580 22483 22483 I C01406/com.rh.lumira/OHOS::RS: RSTransactionHandler::Commit transactionHandler:10740346328012941741
09-12 02:53:21.580 22483 22483 W C01406/com.rh.lumira/OHOS::RS: RSNodeMap::UnregisterNode: node id 96563749715970 not found
09-12 02:53:21.580 22483 22483 I C01D02/com.rh.lumira/accessibility_asacfwk: [(RegisterElementOperator:388)]Register windowId[2782] start
09-12 02:53:21.580 22483 22483 I C03900/com.rh.lumira/Ace: [(100000:100000:scope)] focusWindowId: 0, realHostWindowId: 0
09-12 02:53:21.580 22483 22483 I C03900/com.rh.lumira/Ace: [(100000:100000:scope)] [com.rh.lumira][entry][100000]: window focus
09-12 02:53:21.581 22483 22483 I C02C03/PARAM_WATCHER: Add watcher keyPrefix debug.graphic.frame remoteWatcherId 99446 success
09-12 02:53:21.582 22483 22483 I C03900/com.rh.lumira/Ace: [(100000:100000:scope)] ArkUIInvisibleFreeze: 0
09-12 02:53:21.582 22483 22483 I C03900/com.rh.lumira/Ace: [(100000:100000:scope)] [com.rh.lumira][entry][100000]: SetMinPlatformVersion is 50000012
09-12 02:53:21.582 22483 22483 I C04209/com.rh.lumira/WMSImms: RegisterAvoidAreaChangeListener: win 2782
09-12 02:53:21.583 22483 22483 I C03917/com.rh.lumira/AceSafeArea: [(100000:100000:scope)] InitializeSafeArea systemInsets:SafeAreaInsets left_: [start: 0, end: 0], top_: [start: 0, end: 136], right_: [start: 0, end: 0], bottom_: [start: 0, end: 0], cutoutInsets:SafeAreaInsets left_: [start: 0, end: 0], top_: [start: 38, end: 122], right_: [start: 0, end: 0], bottom_: [start: 0, end: 0], navInsets:SafeAreaInsets left_: [start: 0, end: 0], top_: [start: 0, end: 0], right_: [start: 0, end: 0], bottom_: [start: 2734, end: 2832]
09-12 02:53:21.583 22483 22483 I C0394E/com.rh.lumira/AceWindow: [(100000:100000:scope)] Initialize displayId: 0, availableRect: [0, 0, 1280, 2832]
09-12 02:53:21.584 22483 22483 I C02504/com.rh.lumira/thp_extra: GetProcessName[66]name is: com.rh.lumira
09-12 02:53:21.584 22483 22483 I C03900/com.rh.lumira/Ace: [(-2:100000:singleton)] [com.rh.lumira][entry][100000]: Initialize: pages/Index
09-12 02:53:21.590 22483 22483 I C03900/com.rh.lumira/Ace: [(100000:100000:scope)] RunPage:pages/Index
09-12 02:53:21.590 22483 22483 W C03900/com.rh.lumira/Ace: [(100000:100000:scope)] GetAsset failed: manifest.json
09-12 02:53:21.590 22483 23192 I C03951/com.rh.lumira/InputKeyFlow: [(-1:100000:singleton)] Subscribe touch.events.pass.through Event
09-12 02:53:21.590 22483 22483 I C04200/com.rh.lumira/WMS: InitUIContent: [0, 0]
09-12 02:53:21.590 22483 22483 I C04208/com.rh.lumira/WMSLayout: SetUIContentInner: single hand, id:2782, posX:0, posY:0, scaleX:1.000000, scaleY:1.000000
09-12 02:53:21.590 22483 22483 I C04219/com.rh.lumira/WMSDecor: UpdateDecorEnable: decorVisible:1, id: 2782
09-12 02:53:21.590 22483 22483 I C03900/com.rh.lumira/Ace: [(-2:100000:singleton)] [com.rh.lumira][entry][100000]: UpdateWindowVisible: 1, hasDecor: 0
09-12 02:53:21.590 22483 22483 I C03900/com.rh.lumira/Ace: [(-2:100000:singleton)] [com.rh.lumira][entry][100000]: NotifyWindowMode mode = 1
09-12 02:53:21.590 22483 22483 I C04200/com.rh.lumira/WMS: OnModeChange: 1
09-12 02:53:21.590 22483 22483 I C03900/com.rh.lumira/Ace: [(-2:100000:singleton)] [com.rh.lumira][entry][100000]: window foreground
09-12 02:53:21.591 22483 22483 I C03900/com.rh.lumira/Ace: [(100000:100000:scope)] Update application state , state: ON_SHOW
09-12 02:53:21.591 22483 22483 I C01406/com.rh.lumira/OHOS::RS: RSSurfaceNode::SetAbilityState, surfaceNodeId:[96563749715970], ability state: foreground
09-12 02:53:21.591 22483 22483 I C03900/com.rh.lumira/Ace: [(100000:100000:scope)] ArkUI requests first Vsync.
09-12 02:53:21.591 22483 22483 I C04202/com.rh.lumira/WMSMain: RequestVsync: First vsync has requested, nodeId: 96563749715970
09-12 02:53:21.591 22483 22483 I C03959/com.rh.lumira/AceLayout: [(-2:100000:singleton)] [com.rh.lumira][entry][100000]: UpdateViewportConfig Viewport config: size: (1280, 2832) orientation: 0 density: 3.500000 position: (0, 0) transformHint: 0 displayId: 0, windowSizeChangeReason 0, is rsTransaction nullptr 1, , keyboardInfo is null
09-12 02:53:21.591 22483 22483 I C0394E/com.rh.lumira/AceWindow: [(100000:100000:scope)] Update displayWindowRect in UpdateViewportConfig to : Rect (0.00, 0.00) - [0.00 x 0.00]
09-12 02:53:21.591 22483 22483 I C04208/com.rh.lumira/WMSLayout: UpdateViewportConfig: Id: 2782, reason: 0, windowRect: [0 0 1280 2832], displayOrientation: 0, config[0, 0, 0, 3.500000]
09-12 02:53:21.591 22483 22483 I C03900/com.rh.lumira/Ace: [(-2:100000:singleton)] [com.rh.lumira][entry][100000]: window focus
09-12 02:53:21.591 22483 22483 I C03900/com.rh.lumira/Ace: [(-2:100000:singleton)] [com.rh.lumira][entry][100000]:window active
09-12 02:53:21.591 22483 23192 I C03924/com.rh.lumira/AceAccessibility: [(100000:100000:scope)] send accessibility componentType:root event:32 accessibilityId:0
09-12 02:53:21.591 22483 23193 I C02C03/PARAM_WATCHER: Add watcher keyPrefix persist.ace.trace.layout.enabled remoteWatcherId 99446 success
09-12 02:53:21.592 22483 22483 E A000FF/com.rh.lumira/Flutter: FlutterViewTag --> UIContext is null, cannot send Settings!
09-12 02:53:21.592 22483 22483 I A000FF/com.rh.lumira/Flutter: FlutterAbility --> Succeeded in loading the content. Data: 
09-12 02:53:21.592 22483 22483 I C04200/com.rh.lumira/JsWindowStage: Window [2782, lumira0] load content end, ret=0
09-12 02:53:21.592 22483 22483 I A000FF/com.rh.lumira/Flutter: FlutterLoader --> Found extracted resources res_timestamp-1-1789152749153
09-12 02:53:21.592 22483 22483 I A000FF/com.rh.lumira/Flutter: AccessibilityChannel --> Channel entered
09-12 02:53:21.592 22483 22483 I A000FF/com.rh.lumira/Flutter: NativeVsyncChannel --> Channel entered
09-12 02:53:21.592 22483 22483 I A00000/com.rh.lumira/XComFlutterEngine: Thread:384686770392  [INFO:platform_view_ohos_napi.cpp(491)] PlatformViewOHOSNapi::nativeAttach
09-12 02:53:21.592 22483 22483 I A00000/com.rh.lumira/XComFlutterEngine: Thread:384686770392  [INFO:ohos_shell_holder.cpp(60)]  ohos shell holder constructor
09-12 02:53:21.592 22483 23193 I C02C03/PARAM_WATCHER: Add watcher keyPrefix persist.ace.trace.inputevent.enabled remoteWatcherId 99446 success
09-12 02:53:21.593 22483 23222 I A00000/com.rh.lumira/XComFlutterEngine: Thread:393492003104  [INFO:thread.cc(48)] set the thread name to '1.ui
09-12 02:53:21.593 22483 23222 I A00000/com.rh.lumira/XComFlutterEngine: Thread:393492003104  [INFO:ohos_shell_holder.cpp(34)] qos set display result:0,tid:23222
09-12 02:53:21.593 22483 23222 I C03301/com.rh.lumira/LIBUV: init:9816
09-12 02:53:21.593 22483 23222 I C03301/com.rh.lumira/LIBUV: init:9816, backend_fd:54
09-12 02:53:21.593 22483 23222 I C03301/com.rh.lumira/LIBUV: open:9816, pipefd[0]:57
09-12 02:53:21.593 22483 23193 I C02C03/PARAM_WATCHER: Add watcher keyPrefix const.security.developermode.state remoteWatcherId 99446 success
09-12 02:53:21.593 22483 23223 I A00000/com.rh.lumira/XComFlutterEngine: Thread:393493063968  [INFO:thread.cc(48)] set the thread name to '1.raster
09-12 02:53:21.593 22483 23223 I A00000/com.rh.lumira/XComFlutterEngine: Thread:393493063968  [INFO:ohos_shell_holder.cpp(39)] qos set raster result:0,tid:23223
09-12 02:53:21.593 22483 23223 I C03301/com.rh.lumira/LIBUV: init:2168
09-12 02:53:21.593 22483 23223 I C03301/com.rh.lumira/LIBUV: init:2168, backend_fd:60
09-12 02:53:21.593 22483 23223 I C03301/com.rh.lumira/LIBUV: open:2168, pipefd[0]:63
09-12 02:53:21.594 22483 23193 I C02C03/PARAM_WATCHER: Add watcher keyPrefix persist.ace.debug.statemgr.enabled remoteWatcherId 99446 success
09-12 02:53:21.594 22483 23224 I A00000/com.rh.lumira/XComFlutterEngine: Thread:393494124832  [INFO:thread.cc(48)] set the thread name to '1.io
09-12 02:53:21.594 22483 23224 I A00000/com.rh.lumira/XComFlutterEngine: Thread:393494124832  [INFO:ohos_shell_holder.cpp(44)] qos set default result:0,tid:23224
09-12 02:53:21.594 22483 23224 I C03301/com.rh.lumira/LIBUV: init:1336
09-12 02:53:21.594 22483 23224 I C03301/com.rh.lumira/LIBUV: init:1336, backend_fd:66
09-12 02:53:21.594 22483 23224 I C03301/com.rh.lumira/LIBUV: open:1336, pipefd[0]:69
09-12 02:53:21.594 22483 22483 I A00000/com.rh.lumira/XComFlutterEngine: Thread:384686770392  [INFO:ohos_shell_holder.cpp(83)] thred host config finish
09-12 02:53:21.594 22483 23193 I C02C03/PARAM_WATCHER: Add watcher keyPrefix persist.ace.debug.boundary.enabled remoteWatcherId 99446 success
09-12 02:53:21.594 22483 22483 I A00000/com.rh.lumira/XComFlutterEngine: Thread:384686770392  [INFO:ohos_shell_holder.cpp(128)] before shell create
09-12 02:53:21.594 22483 22483 I A00000/com.rh.lumira/XComFlutterEngine: Thread:384686770392  [INFO:ohos_shell_holder.cpp(49)] GetDefaultPlatformData
09-12 02:53:21.595 22483 23193 I C02C03/PARAM_WATCHER: Add watcher keyPrefix persist.ace.performance.monitor.enabled remoteWatcherId 99446 success
09-12 02:53:21.595 22483 22483 I A00000/com.rh.lumira/XComFlutterEngine: Thread:384686770392  [INFO:dart_snapshot.cc(60)] SearchMapping file:/data/storage/el2/base/haps/entry/files/flutter_assets/vm_snapshot_data
09-12 02:53:21.595 22483 22483 I A00000/com.rh.lumira/XComFlutterEngine: Thread:384686770392  [INFO:dart_snapshot.cc(60)] SearchMapping file:/data/storage/el2/base/haps/entry/files/flutter_assets/
09-12 02:53:21.595 22483 22483 I A00000/com.rh.lumira/XComFlutterEngine: Thread:384686770392  [INFO:native_library.h(50)] Could not resolve symbol in library: kDartVmSnapshotInstructions
09-12 02:53:21.595 22483 22483 I A00000/com.rh.lumira/XComFlutterEngine: Thread:384686770392  [INFO:native_library.h(50)] Could not resolve symbol in library: _kDartVmSnapshotInstructions
09-12 02:53:21.595 22483 22483 I A00000/com.rh.lumira/XComFlutterEngine: Thread:384686770392  [INFO:dart_snapshot.cc(60)] SearchMapping file:/data/storage/el2/base/haps/entry/files/flutter_assets/isolate_snapshot_data
09-12 02:53:21.595 22483 22483 I A00000/com.rh.lumira/XComFlutterEngine: Thread:384686770392  [INFO:dart_snapshot.cc(60)] SearchMapping file:/data/storage/el2/base/haps/entry/files/flutter_assets/
09-12 02:53:21.595 22483 22483 I A00000/com.rh.lumira/XComFlutterEngine: Thread:384686770392  [INFO:native_library.h(50)] Could not resolve symbol in library: kDartIsolateSnapshotInstructions
09-12 02:53:21.595 22483 22483 I A00000/com.rh.lumira/XComFlutterEngine: Thread:384686770392  [INFO:native_library.h(50)] Could not resolve symbol in library: _kDartIsolateSnapshotInstructions
09-12 02:53:21.596 22483 23226 I A00000/com.rh.lumira/XComFlutterEngine: Thread:393511958816  [INFO:thread.cc(48)] set the thread name to 'io.worker.1
09-12 02:53:21.596 22483 23227 I A00000/com.rh.lumira/XComFlutterEngine: Thread:393513019680  [INFO:thread.cc(48)] set the thread name to 'io.worker.2
09-12 02:53:21.596 22483 23229 I A00000/com.rh.lumira/XComFlutterEngine: Thread:393514080544  [INFO:thread.cc(48)] set the thread name to 'io.worker.3
09-12 02:53:21.596 22483 23230 I A00000/com.rh.lumira/XComFlutterEngine: Thread:393515141408  [INFO:thread.cc(48)] set the thread name to 'io.worker.4
09-12 02:53:21.596 22483 23231 I A00000/com.rh.lumira/XComFlutterEngine: Thread:393516202272  [INFO:thread.cc(48)] set the thread name to 'io.worker.5
09-12 02:53:21.596 22483 23233 I A00000/com.rh.lumira/XComFlutterEngine: Thread:393518324000  [INFO:thread.cc(48)] set the thread name to 'io.worker.7
09-12 02:53:21.596 22483 23234 I A00000/com.rh.lumira/XComFlutterEngine: Thread:393519384864  [INFO:thread.cc(48)] set the thread name to 'io.worker.8
09-12 02:53:21.596 22483 23232 I A00000/com.rh.lumira/XComFlutterEngine: Thread:393517263136  [INFO:thread.cc(48)] set the thread name to 'io.worker.6
09-12 02:53:21.596 22483 23235 I A00000/com.rh.lumira/XComFlutterEngine: Thread:393520445728  [INFO:thread.cc(48)] set the thread name to 'io.worker.9
09-12 02:53:21.596 22483 23236 I A00000/com.rh.lumira/XComFlutterEngine: Thread:393521506592  [INFO:thread.cc(48)] set the thread name to 'io.worker.10
09-12 02:53:21.596 22483 23237 I A00000/com.rh.lumira/XComFlutterEngine: Thread:393522567456  [INFO:thread.cc(48)] set the thread name to 'io.worker.11
09-12 02:53:21.596 22483 23238 I A00000/com.rh.lumira/XComFlutterEngine: Thread:393523628320  [INFO:thread.cc(48)] set the thread name to 'io.worker.12
09-12 02:53:21.599 22483 22483 E A00000/com.rh.lumira/Dart: <private>
09-12 02:53:21.599 22483 22483 E A00000/com.rh.lumira/DartVM: version=<private>
09-12 02:53:21.599 22483 22483 E A00000/com.rh.lumira/DartVM: pid=<private>, thread=<private>, isolate_group=<private>(<private>), isolate=<private>(<private>)
09-12 02:53:21.599 22483 22483 E A00000/com.rh.lumira/DartVM: os=<private>, arch=<private>, comp=<private>, sim=<private>
09-12 02:53:21.599 22483 22483 E A00000/com.rh.lumira/DartVM: isolate_instructions=<private>, vm_instructions=<private>
09-12 02:53:21.599 22483 22483 E A00000/com.rh.lumira/DartVM:   pc 0x<private> fp 0x<private> <private>+0x<private>
09-12 02:53:21.599 22483 22483 E A00000/com.rh.lumira/DartVM: -- End of DumpStackTrace
09-12 02:53:21.600 22483 22483 W C03F07/MUSL-SIGCHAIN: signal_chain_handler call 0 rd sigchain action for signal: 6 sca_sigaction=5a1d3931d4 noreturn=0 FREEZE_signo_6 thread_list_lock_status:-1 tl_lock_count=0 tl_lock_waiters=0 tl_lock_tid_fail=-1 tl_lock_count_tid=625 tl_lock_count_fail=-10000 tl_lock_count_tid_sub=625 thread_list_lock_after_lock=22483 thread_list_lock_pre_unlock=22483 thread_list_lock_pthread_exit=23212 thread_list_lock_tid_overlimit=-1 tl_lock_unlock_count=0 __pthread_gettid_np_tl_lock=0 __pthread_exit_tl_lock=0 __pthread_create_tl_lock=0 __pthread_key_delete_tl_lock=0 __synccall_tl_lock=0 __membarrier_tl_lock=0 install_new_tls_tl_lock=0 set_syscall_hooks_tl_lock=0 set_syscall_hooks_linux_tl_lock=0 fork_tl_lock=0 register_count=0 __custom_hook_flag=0g_dlcloseLockStatus=0g_dlcloseLockLastExitTid=22483
09-12 02:53:21.600 22483 22483 W C03F07/MUSL-SIGCHAIN: signal_chain_handler call 3 rd sigchain action for signal: 6 sca_sigaction=59927c89e4 noreturn=0 FREEZE_signo_6 thread_list_lock_status:-1 tl_lock_count=0 tl_lock_waiters=0 tl_lock_tid_fail=-1 tl_lock_count_tid=625 tl_lock_count_fail=-10000 tl_lock_count_tid_sub=625 thread_list_lock_after_lock=22483 thread_list_lock_pre_unlock=22483 thread_list_lock_pthread_exit=23212 thread_list_lock_tid_overlimit=-1 tl_lock_unlock_count=0 __pthread_gettid_np_tl_lock=0 __pthread_exit_tl_lock=0 __pthread_create_tl_lock=0 __pthread_key_delete_tl_lock=0 __synccall_tl_lock=0 __membarrier_tl_lock=0 install_new_tls_tl_lock=0 set_syscall_hooks_tl_lock=0 set_syscall_hooks_linux_tl_lock=0 fork_tl_lock=0 register_count=0 __custom_hook_flag=0g_dlcloseLockStatus=0g_dlcloseLockLastExitTid=22483
09-12 02:53:21.600 22483 22483 I C02D11/DfxSignalHandler: DFX_SignalHandler :: signo(6), si_code(-6), pid(22483), tid(22483).
09-12 02:53:21.600 22483 22483 I C02D11/DfxSignalHandler: DFX_SignalHandler :: signo(6), pid(22483), processName(com.rh.lumira), threadName(com.rh.lumira).
09-12 02:53:21.614     0     0 I C00000/HiLog: crash time: 1789152801600 call time: 1789152801600533906 accept time: 1789152801601430000
